,ds,trend,cap,floor,yhat_lower,yhat_upper,trend_lower,trend_upper,additive_terms,additive_terms_lower,additive_terms_upper,announcement,announcement_lower,announcement_upper,holidays,holidays_lower,holidays_upper,release,release_lower,release_upper,weekly,weekly_lower,weekly_upper,multiplicative_terms,multiplicative_terms_lower,multiplicative_terms_upper,yhat
0,2021-12-03,1033.2771867975969,47163,1,3350.2780431036144,3378.7833547067207,1033.2771867975969,1033.2771867975969,2330.7233442150687,2330.7233442150687,2330.7233442150687,1170.358932,1170.358932,1170.358932,2340.717864,2340.717864,2340.717864,1170.358932,1170.358932,1170.358932,-9.994519784931446,-9.994519784931446,-9.994519784931446,0.0,0.0,0.0,3364.0005310126653
1,2021-12-04,1007.8142225661692,47163,1,947.7066138820654,977.7431300027587,1007.8142225661692,1007.8142225661692,-45.81340898419061,-45.81340898419061,-45.81340898419061,-27.28044684,-27.28044684,-27.28044684,-54.56089368,-54.56089368,-54.56089368,-27.28044684,-27.28044684,-27.28044684,8.74748469580939,8.74748469580939,8.74748469580939,0.0,0.0,0.0,962.0008135819786
2,2021-12-05,982.9659777394928,47163,1,721.7904558650326,751.5742840560882,982.9659777394928,982.9659777394928,-245.9658279955467,-245.9658279955467,-245.9658279955467,-131.6283986,-131.6283986,-131.6283986,-263.2567972,-263.2567972,-263.2567972,-131.6283986,-131.6283986,-131.6283986,17.290969204453276,17.290969204453276,17.290969204453276,0.0,0.0,0.0,737.0001497439462
3,2021-12-06,958.7182642721923,47163,1,522.378374674228,551.4537501363203,958.7182642721923,958.7182642721923,-421.717334035636,-421.717334035636,-421.717334035636,-215.2847197,-215.2847197,-215.2847197,-430.5694394,-430.5694394,-430.5694394,-215.2847197,-215.2847197,-215.2847197,8.852105364364077,8.852105364364077,8.852105364364077,0.0,0.0,0.0,537.0009302365563
4,2021-12-07,935.0571897107772,47163,1,338.6187884949304,367.96185499971637,935.0571897107772,935.0571897107772,-582.0579500485413,-582.0579500485413,-582.0579500485413,-289.0442666,-289.0442666,-289.0442666,-578.0885332,-578.0885332,-578.0885332,-289.0442666,-289.0442666,-289.0442666,-3.9694168485413748,-3.9694168485413748,-3.9694168485413748,0.0,0.0,0.0,352.9992396622358
5,2021-12-08,911.969152617921,47163,1,312.173293443286,340.91703104876467,911.969152617921,911.969152617921,-585.9695068897103,-585.9695068897103,-585.9695068897103,-288.7785933,-288.7785933,-288.7785933,-577.5571866,-577.5571866,-577.5571866,-288.7785933,-288.7785933,-288.7785933,-8.412320289710294,-8.412320289710294,-8.412320289710294,0.0,0.0,0.0,325.9996457282108
6,2021-12-09,889.4408379074483,47163,1,301.99220149227574,331.3034174252804,889.4408379074483,889.4408379074483,-572.4435625413963,-572.4435625413963,-572.4435625413963,-279.96463009999997,-279.96463009999997,-279.96463009999997,-559.9292601999999,-559.9292601999999,-559.9292601999999,-279.96463009999997,-279.96463009999997,-279.96463009999997,-12.514302341396313,-12.514302341396313,-12.514302341396313,0.0,0.0,0.0,316.997275366052
7,2021-12-10,867.4592124816608,47163,1,318.3480524691894,346.64235383747723,867.4592124816608,867.4592124816608,-534.4572819849268,-534.4572819849268,-534.4572819849268,-262.23138109999996,-262.23138109999996,-262.23138109999996,-524.4627621999999,-524.4627621999999,-524.4627621999999,-262.23138109999996,-262.23138109999996,-262.23138109999996,-9.994519784926856,-9.994519784926856,-9.994519784926856,0.0,0.0,0.0,333.00193049673396
8,2021-12-11,846.0115203968675,47163,1,282.912394652426,311.2288603400572,846.0115203968675,846.0115203968675,-550.0066593042515,-550.0066593042515,-550.0066593042515,-279.377072,-279.377072,-279.377072,-558.754144,-558.754144,-558.754144,-279.377072,-279.377072,-279.377072,8.747484695748557,8.747484695748557,8.747484695748557,0.0,0.0,0.0,296.004861092616
9,2021-12-12,825.0852783492827,47163,1,353.3815450497823,381.4268396002277,825.0852783492827,825.0852783492827,-457.08083779554335,-457.08083779554335,-457.08083779554335,-237.18590350000002,-237.18590350000002,-237.18590350000002,-474.37180700000005,-474.37180700000005,-474.37180700000005,-237.18590350000002,-237.18590350000002,-237.18590350000002,17.29096920445674,17.29096920445674,17.29096920445674,0.0,0.0,0.0,368.00444055373936
10,2021-12-13,804.6682710884928,47163,1,456.52616850863217,486.15906253006085,804.6682710884928,804.6682710884928,-333.6629068356439,-333.6629068356439,-333.6629068356439,-171.2575061,-171.2575061,-171.2575061,-342.5150122,-342.5150122,-342.5150122,-171.2575061,-171.2575061,-171.2575061,8.852105364356095,8.852105364356095,8.852105364356095,0.0,0.0,0.0,471.0053642528489
11,2021-12-14,784.748546706732,47163,1,479.3628770014246,508.03877906355706,784.748546706732,784.748546706732,-290.7439222485508,-290.7439222485508,-290.7439222485508,-143.3872527,-143.3872527,-143.3872527,-286.7745054,-286.7745054,-286.7745054,-143.3872527,-143.3872527,-143.3872527,-3.969416848550833,-3.969416848550833,-3.969416848550833,0.0,0.0,0.0,494.0046244581812
12,2021-12-15,765.3144124970032,47163,1,686.3784484321945,715.9333967307723,765.3144124970032,765.3144124970032,-64.31033762971454,-64.31033762971454,-64.31033762971454,-27.94900867,-27.94900867,-27.94900867,-55.89801734,-55.89801734,-55.89801734,-27.94900867,-27.94900867,-27.94900867,-8.412320289714538,-8.412320289714538,-8.412320289714538,0.0,0.0,0.0,701.0040748672886
13,2021-12-16,746.3544299924732,47163,1,1910.334384127262,1939.1519060090275,746.3544299924732,746.3544299924732,1178.6488016585974,1178.6488016585974,1178.6488016585974,595.581552,595.581552,595.581552,1191.163104,1191.163104,1191.163104,595.581552,595.581552,595.581552,-12.514302341402525,-12.514302341402525,-12.514302341402525,0.0,0.0,0.0,1925.0032316510706
14,2021-12-17,727.8574105959091,47163,1,5902.814966413666,5932.201011260675,727.8574105959091,727.8574105959091,5190.149096215085,5190.149096215085,5190.149096215085,0.0,0.0,0.0,5200.143615999999,5200.143615999999,5200.143615999999,5200.143615999999,5200.143615999999,5200.143615999999,-9.994519784915491,-9.994519784915491,-9.994519784915491,0.0,0.0,0.0,5918.006506810993
15,2021-12-18,709.8124110928665,47163,1,3511.6711470930322,3541.1368280413053,709.8124110928665,709.8124110928665,2816.1983086957625,2816.1983086957625,2816.1983086957625,0.0,0.0,0.0,2807.450824,2807.450824,2807.450824,2807.450824,2807.450824,2807.450824,8.747484695762363,8.747484695762363,8.747484695762363,0.0,0.0,0.0,3526.010719788629
16,2021-12-19,692.2087286079989,47163,1,2444.1148391465345,2472.7634017377377,692.2087286079989,692.2087286079989,1766.7999442044552,1766.7999442044552,1766.7999442044552,0.0,0.0,0.0,1749.5089750000002,1749.5089750000002,1749.5089750000002,1749.5089750000002,1749.5089750000002,1749.5089750000002,17.290969204454974,17.290969204454974,17.290969204454974,0.0,0.0,0.0,2459.0086728124543
17,2021-12-20,675.0358979714356,47163,1,2095.081851489851,2124.008795163608,675.0358979714356,675.0358979714356,1433.9733893643408,1433.9733893643408,1433.9733893643408,0.0,0.0,0.0,1425.121284,1425.121284,1425.121284,1425.121284,1425.121284,1425.121284,8.852105364340895,8.852105364340895,8.852105364340895,0.0,0.0,0.0,2109.009287335776
18,2021-12-21,658.2836855111559,47163,1,1801.7063877408143,1829.8292285280786,658.2836855111559,658.2836855111559,1157.7211101514501,1157.7211101514501,1157.7211101514501,0.0,0.0,0.0,1161.690527,1161.690527,1161.690527,1161.690527,1161.690527,1161.690527,-3.9694168485500616,-3.9694168485500616,-3.9694168485500616,0.0,0.0,0.0,1816.004795662606
19,2021-12-22,641.9420853200885,47163,1,1548.4603044845771,1577.4465066445107,641.9420853200885,641.9420853200885,921.0655417102812,921.0655417102812,921.0655417102812,0.0,0.0,0.0,929.4778620000001,929.4778620000001,929.4778620000001,929.4778620000001,929.4778620000001,929.4778620000001,-8.412320289718778,-8.412320289718778,-8.412320289718778,0.0,0.0,0.0,1563.0076270303698
20,2021-12-23,626.0013149466889,47163,1,1936.6821087801175,1965.3020510075664,626.0013149466889,626.0013149466889,1325.0057966586094,1325.0057966586094,1325.0057966586094,0.0,0.0,0.0,1337.520099,1337.520099,1337.520099,1337.520099,1337.520099,1337.520099,-12.514302341390762,-12.514302341390762,-12.514302341390762,0.0,0.0,0.0,1951.0071116052982
21,2021-12-24,610.4518111279223,47163,1,1692.684459643491,1721.873612880228,610.4518111279223,610.4518111279223,1096.555484215096,1096.555484215096,1096.555484215096,0.0,0.0,0.0,1106.5500040000002,1106.5500040000002,1106.5500040000002,1106.5500040000002,1106.5500040000002,1106.5500040000002,-9.994519784904128,-9.994519784904128,-9.994519784904128,0.0,0.0,0.0,1707.007295343018
22,2021-12-25,595.2842256645231,47163,1,1325.055010391102,1354.2067249072702,595.2842256645231,595.2842256645231,744.7216956957751,744.7216956957751,744.7216956957751,0.0,0.0,0.0,735.974211,735.974211,735.974211,735.974211,735.974211,735.974211,8.747484695775059,8.747484695775059,8.747484695775059,0.0,0.0,0.0,1340.005921360298
23,2021-12-26,580.4894209454123,47163,1,1522.9636030464478,1552.3995050206822,580.4894209454123,580.4894209454123,957.5200202044546,957.5200202044546,957.5200202044546,0.0,0.0,0.0,940.2290509999999,940.2290509999999,940.2290509999999,940.2290509999999,940.2290509999999,940.2290509999999,17.290969204454594,17.290969204454594,17.290969204454594,0.0,0.0,0.0,1538.009441149867
24,2021-12-27,566.0584661222697,47163,1,1224.4957393886655,1251.9941604684893,566.0584661222697,566.0584661222697,671.9466273643329,671.9466273643329,671.9466273643329,0.0,0.0,0.0,663.094522,663.094522,663.094522,663.094522,663.094522,663.094522,8.85210536433291,8.85210536433291,8.85210536433291,0.0,0.0,0.0,1238.0050934866026
25,2021-12-28,551.9826329262095,47163,1,1038.6901640781723,1066.8399572349194,551.9826329262095,551.9826329262095,501.02286515147597,501.02286515147597,501.02286515147597,0.0,0.0,0.0,504.99228200000005,504.99228200000005,504.99228200000005,504.99228200000005,504.99228200000005,504.99228200000005,-3.969416848524073,-3.969416848524073,-3.969416848524073,0.0,0.0,0.0,1053.0054980776854
26,2021-12-29,538.25339163761,47163,1,902.0935057905876,931.8368771010753,538.25339163761,538.25339163761,378.7523739102769,378.7523739102769,378.7523739102769,0.0,0.0,0.0,387.1646942,387.1646942,387.1646942,387.1646942,387.1646942,387.1646942,-8.41232028972302,-8.41232028972302,-8.41232028972302,0.0,0.0,0.0,917.0057655478869
27,2021-12-30,524.8624071159421,47163,1,824.7928323102483,855.1842685115115,524.8624071159421,524.8624071159421,316.14368755860306,316.14368755860306,316.14368755860306,0.0,0.0,0.0,328.6579899,328.6579899,328.6579899,328.6579899,328.6579899,328.6579899,-12.514302341396975,-12.514302341396975,-12.514302341396975,0.0,0.0,0.0,841.0060946745452
28,2021-12-31,511.8015348465229,47163,1,791.500722307837,821.5847059372176,511.8015348465229,511.8015348465229,294.20495891510046,294.20495891510046,294.20495891510046,0.0,0.0,0.0,304.1994787,304.1994787,304.1994787,304.1994787,304.1994787,304.1994787,-9.99451978489954,-9.99451978489954,-9.99451978489954,0.0,0.0,0.0,806.0064937616233
29,2022-01-01,499.0628170940264,47163,1,676.9125968328981,705.4975130143303,499.0628170940264,499.0628170940264,191.94372169578995,191.94372169578995,191.94372169578995,0.0,0.0,0.0,183.196237,183.196237,183.196237,183.196237,183.196237,183.196237,8.747484695789973,8.747484695789973,8.747484695789973,0.0,0.0,0.0,691.0065387898163
30,2022-01-02,486.6384790736382,47163,1,768.0351857513554,796.8581866761599,486.6384790736382,486.6384790736382,295.3674846044542,295.3674846044542,295.3674846044542,0.0,0.0,0.0,278.0765154,278.0765154,278.0765154,278.0765154,278.0765154,278.0765154,17.290969204454207,17.290969204454207,17.290969204454207,0.0,0.0,0.0,782.0059636780925
31,2022-01-03,474.52092518587045,47163,1,700.8080712384893,729.6708309646351,474.52092518587045,474.52092518587045,240.48549606438064,240.48549606438064,240.48549606438064,0.0,0.0,0.0,231.63339069999998,231.63339069999998,231.63339069999998,231.63339069999998,231.63339069999998,231.63339069999998,8.852105364380638,8.852105364380638,8.852105364380638,0.0,0.0,0.0,715.0064212502512
32,2022-01-04,462.7027351884796,47163,1,657.2165787957678,687.7021099858473,462.7027351884796,462.7027351884796,210.3023124514716,210.3023124514716,210.3023124514716,0.0,0.0,0.0,214.2717293,214.2717293,214.2717293,214.2717293,214.2717293,214.2717293,-3.9694168485284154,-3.9694168485284154,-3.9694168485284154,0.0,0.0,0.0,673.0050476399513
33,2022-01-05,451.1766609013947,47163,1,624.4886109154787,654.7376757402598,451.1766609013947,451.1766609013947,188.82791621027835,188.82791621027835,188.82791621027835,0.0,0.0,0.0,197.2402365,197.2402365,197.2402365,197.2402365,197.2402365,197.2402365,-8.412320289721654,-8.412320289721654,-8.412320289721654,0.0,0.0,0.0,640.004577111673
34,2022-01-06,439.9356222421763,47163,1,736.4237860573556,765.6662234937943,439.9356222421763,439.9356222421763,311.0692683586018,311.0692683586018,311.0692683586018,0.0,0.0,0.0,323.5835707,323.5835707,323.5835707,323.5835707,323.5835707,323.5835707,-12.5143023413982,-12.5143023413982,-12.5143023413982,0.0,0.0,0.0,751.004890600778
35,2022-01-07,428.97270380719607,47163,1,773.5268999436366,804.03838575611,428.97270380719607,428.97270380719607,360.03335901511184,360.03335901511184,360.03335901511184,0.0,0.0,0.0,370.02787880000005,370.02787880000005,370.02787880000005,370.02787880000005,370.02787880000005,370.02787880000005,-9.994519784888174,-9.994519784888174,-9.994519784888174,0.0,0.0,0.0,789.006062822308
36,2022-01-08,418.2811513850896,47163,1,713.8829578566399,742.1849424938462,418.2811513850896,418.2811513850896,309.724565195728,309.724565195728,309.724565195728,0.0,0.0,0.0,300.9770805,300.9770805,300.9770805,300.9770805,300.9770805,300.9770805,8.747484695728032,8.747484695728032,8.747484695728032,0.0,0.0,0.0,728.0057165808175
37,2022-01-09,407.8543684567825,47163,1,706.387895486648,735.7364285415626,407.8543684567825,407.8543684567825,313.15102810445387,313.15102810445387,313.15102810445387,0.0,0.0,0.0,295.8600589,295.8600589,295.8600589,295.8600589,295.8600589,295.8600589,17.290969204453827,17.290969204453827,17.290969204453827,0.0,0.0,0.0,721.0053965612364
38,2022-01-10,397.68591303456174,47163,1,630.169215972543,660.002278757465,397.68591303456174,397.68591303456174,247.31963106437263,247.31963106437263,247.31963106437263,0.0,0.0,0.0,238.4675257,238.4675257,238.4675257,238.4675257,238.4675257,238.4675257,8.852105364372653,8.852105364372653,8.852105364372653,0.0,0.0,0.0,645.0055440989344
39,2022-01-11,387.7694941282349,47163,1,541.6251503719733,569.9103951397624,387.7694941282349,387.7694941282349,168.23480925146214,168.23480925146214,168.23480925146214,0.0,0.0,0.0,172.2042261,172.2042261,172.2042261,172.2042261,172.2042261,172.2042261,-3.9694168485378736,-3.9694168485378736,-3.9694168485378736,0.0,0.0,0.0,556.004303379697
40,2022-01-12,378.09896855739595,47163,1,428.6335192601236,457.24257999488543,378.09896855739595,378.09896855739595,63.9052537102685,63.9052537102685,63.9052537102685,0.0,0.0,0.0,72.31757400000001,72.31757400000001,72.31757400000001,72.31757400000001,72.31757400000001,72.31757400000001,-8.412320289731504,-8.412320289731504,-8.412320289731504,0.0,0.0,0.0,442.00422226766443
41,2022-01-13,368.6683377464429,47163,1,401.09353144865395,430.0851633059192,368.6683377464429,368.6683377464429,47.33615265860058,47.33615265860058,47.33615265860058,0.0,0.0,0.0,59.850455000000004,59.850455000000004,59.850455000000004,59.850455000000004,59.850455000000004,59.850455000000004,-12.514302341399418,-12.514302341399418,-12.514302341399418,0.0,0.0,0.0,416.0044904050435
42,2022-01-14,359.4717444960069,47163,1,402.47845026788576,431.46508969342204,359.4717444960069,359.4717444960069,56.533269715068236,56.533269715068236,56.533269715068236,0.0,0.0,0.0,66.5277895,66.5277895,66.5277895,66.5277895,66.5277895,66.5277895,-9.994519784931764,-9.994519784931764,-9.994519784931764,0.0,0.0,0.0,416.00501421107515
43,2022-01-15,350.5034701321054,47163,1,504.14712431391104,533.4532719504078,350.5034701321054,350.5034701321054,168.50115939574187,168.50115939574187,168.50115939574187,0.0,0.0,0.0,159.7536747,159.7536747,159.7536747,159.7536747,159.7536747,159.7536747,8.747484695741836,8.747484695741836,8.747484695741836,0.0,0.0,0.0,519.0046295278473
44,2022-01-16,341.75793122156455,47163,1,491.7606345997751,521.2488765438945,341.75793122156455,341.75793122156455,165.24673760445208,165.24673760445208,165.24673760445208,0.0,0.0,0.0,147.9557684,147.9557684,147.9557684,147.9557684,147.9557684,147.9557684,17.290969204452054,17.290969204452054,17.290969204452054,0.0,0.0,0.0,507.00466882601665
45,2022-01-17,333.2296766727228,47163,1,460.2934863689153,489.49294246153084,333.2296766727228,333.2296766727228,141.77514356436106,141.77514356436106,141.77514356436106,0.0,0.0,0.0,132.9230382,132.9230382,132.9230382,132.9230382,132.9230382,132.9230382,8.852105364361062,8.852105364361062,8.852105364361062,0.0,0.0,0.0,475.0048202370839
46,2022-01-18,324.9133848071857,47163,1,443.0927025432804,472.4874978748569,324.9133848071857,324.9133848071857,133.09019605145266,133.09019605145266,133.09019605145266,0.0,0.0,0.0,137.0596129,137.0596129,137.0596129,137.0596129,137.0596129,137.0596129,-3.9694168485473322,-3.9694168485473322,-3.9694168485473322,0.0,0.0,0.0,458.0035808586384
47,2022-01-19,316.8038604819196,47163,1,335.2621993320249,362.3548101020361,316.8038604819196,316.8038604819196,32.19960091028619,32.19960091028619,32.19960091028619,0.0,0.0,0.0,40.6119212,40.6119212,40.6119212,40.6119212,40.6119212,40.6119212,-8.412320289713806,-8.412320289713806,-8.412320289713806,0.0,0.0,0.0,349.00346139220585
48,2022-01-20,308.8960322810535,47163,1,321.32837789005276,349.7859873334616,308.8960322810535,308.8960322810535,27.107823098599358,27.107823098599358,27.107823098599358,0.0,0.0,0.0,39.622125440000005,39.622125440000005,39.622125440000005,39.622125440000005,39.622125440000005,39.622125440000005,-12.514302341400642,-12.514302341400642,-12.514302341400642,0.0,0.0,0.0,336.00385537965286
49,2022-01-21,301.18494973686956,47163,1,312.67616921718974,342.32148134442207,301.18494973686956,301.18494973686956,25.8196611350796,25.8196611350796,25.8196611350796,0.0,0.0,0.0,35.81418092,35.81418092,35.81418092,35.81418092,35.81418092,35.81418092,-9.9945197849204,-9.9945197849204,-9.9945197849204,0.0,0.0,0.0,327.0046108719491
50,2022-01-22,293.6657806199231,47163,1,337.114721926187,365.85270074369237,293.6657806199231,293.6657806199231,57.33853956575453,57.33853956575453,57.33853956575453,0.0,0.0,0.0,48.59105487,48.59105487,48.59105487,48.59105487,48.59105487,48.59105487,8.747484695754531,8.747484695754531,8.747484695754531,0.0,0.0,0.0,351.00432018567767
51,2022-01-23,286.33380827733333,47163,1,375.58166255770504,403.46350435846495,286.33380827733333,286.33380827733333,103.67029370445304,103.67029370445304,103.67029370445304,0.0,0.0,0.0,86.3793245,86.3793245,86.3793245,86.3793245,86.3793245,86.3793245,17.290969204453052,17.290969204453052,17.290969204453052,0.0,0.0,0.0,390.0041019817864
52,2022-01-24,279.1844290228124,47163,1,330.9103049226701,360.01894061150506,279.1844290228124,279.1844290228124,66.81988930440518,66.81988930440518,66.81988930440518,0.0,0.0,0.0,57.96778394,57.96778394,57.96778394,57.96778394,57.96778394,57.96778394,8.852105364405181,8.852105364405181,8.852105364405181,0.0,0.0,0.0,346.0043183272176
53,2022-01-25,272.2131495224817,47163,1,277.64625240274955,305.50673440148563,272.2131495224817,272.2131495224817,18.78985029145344,18.78985029145344,18.78985029145344,0.0,0.0,0.0,22.759267140000002,22.759267140000002,22.759267140000002,22.759267140000002,22.759267140000002,22.759267140000002,-3.9694168485465595,-3.9694168485465595,-3.9694168485465595,0.0,0.0,0.0,291.0029998139351
54,2022-01-26,265.4155844555197,47163,1,226.4778468727875,254.79421475266665,265.4155844555197,265.4155844555197,-24.41253915971805,-24.41253915971805,-24.41253915971805,0.0,0.0,0.0,-16.00021887,-16.00021887,-16.00021887,-16.00021887,-16.00021887,-16.00021887,-8.41232028971805,-8.41232028971805,-8.41232028971805,0.0,0.0,0.0,241.00304529580166
55,2022-01-27,258.7874538841305,47163,1,284.64626635785623,311.95962321900964,258.7874538841305,258.7874538841305,39.215957708593145,39.215957708593145,39.215957708593145,0.0,0.0,0.0,51.73026005,51.73026005,51.73026005,51.73026005,51.73026005,51.73026005,-12.514302341406854,-12.514302341406854,-12.514302341406854,0.0,0.0,0.0,298.00341159272364
56,2022-01-28,252.32458090282876,47163,1,226.86989014836584,255.307132748094,252.32458090282876,252.32458090282876,-11.320401144912422,-11.320401144912422,-11.320401144912422,0.0,0.0,0.0,-1.3258813600000001,-1.3258813600000001,-1.3258813600000001,-1.3258813600000001,-1.3258813600000001,-1.3258813600000001,-9.994519784912422,-9.994519784912422,-9.994519784912422,0.0,0.0,0.0,241.00417975791635
57,2022-01-29,246.02288927816892,47163,1,267.2481660094537,295.8174937471857,246.02288927816892,246.02288927816892,34.981036725767225,34.981036725767225,34.981036725767225,0.0,0.0,0.0,26.233552030000002,26.233552030000002,26.233552030000002,26.233552030000002,26.233552030000002,26.233552030000002,8.747484695767223,8.747484695767223,8.747484695767223,0.0,0.0,0.0,281.00392600393616
58,2022-01-30,239.87840115782694,47163,1,289.1298489945662,317.0131257073016,239.87840115782694,239.87840115782694,63.12553045445514,63.12553045445514,63.12553045445514,0.0,0.0,0.0,45.83456125,45.83456125,45.83456125,45.83456125,45.83456125,45.83456125,17.29096920445514,17.29096920445514,17.29096920445514,0.0,0.0,0.0,303.0039316122821
59,2022-01-31,233.88723474070736,47163,1,237.15749999268485,266.7575048491849,233.88723474070736,233.88723474070736,18.116707284393588,18.116707284393588,18.116707284393588,0.0,0.0,0.0,9.26460192,9.26460192,9.26460192,9.26460192,9.26460192,9.26460192,8.852105364393587,8.852105364393587,8.852105364393587,0.0,0.0,0.0,252.00394202510094
60,2022-02-01,228.04560212489798,47163,1,209.97814956461627,239.37290439595873,228.04560212489798,228.04560212489798,-3.9694168485560164,-3.9694168485560164,-3.9694168485560164,0.0,0.0,0.0,0.0,0.0,0.0,0.0,0.0,0.0,-3.9694168485560164,-3.9694168485560164,-3.9694168485560164,0.0,0.0,0.0,224.07618527634196
61,2022-02-02,222.34980711308904,47163,1,199.42041816007975,227.67944871664804,222.34980711308904,222.34980711308904,-8.412320289716682,-8.412320289716682,-8.412320289716682,0.0,0.0,0.0,0.0,0.0,0.0,0.0,0.0,0.0,-8.412320289716682,-8.412320289716682,-8.412320289716682,0.0,0.0,0.0,213.93748682337235
62,2022-02-03,216.7962430857477,47163,1,188.45124612015914,219.06143378601942,216.7962430857477,216.7962430857477,-12.514302341403083,-12.514302341403083,-12.514302341403083,0.0,0.0,0.0,0.0,0.0,0.0,0.0,0.0,0.0,-12.514302341403083,-12.514302341403083,-12.514302341403083,0.0,0.0,0.0,204.2819407443446
63,2022-02-04,211.38139091053267,47163,1,186.64249312298466,216.27184510885454,211.38139091053267,211.38139091053267,-9.994519784952624,-9.994519784952624,-9.994519784952624,0.0,0.0,0.0,0.0,0.0,0.0,0.0,0.0,0.0,-9.994519784952624,-9.994519784952624,-9.994519784952624,0.0,0.0,0.0,201.38687112558006
64,2022-02-05,206.10181692966768,47163,1,200.30819873259966,229.6330739846617,206.10181692966768,206.10181692966768,8.747484695782141,8.747484695782141,8.747484695782141,0.0,0.0,0.0,0.0,0.0,0.0,0.0,0.0,0.0,8.747484695782141,8.747484695782141,8.747484695782141,0.0,0.0,0.0,214.8493016254498
65,2022-02-06,200.95417093889728,47163,1,204.07118662085983,232.79927125742253,200.95417093889728,200.95417093889728,17.29096920445475,17.29096920445475,17.29096920445475,0.0,0.0,0.0,0.0,0.0,0.0,0.0,0.0,0.0,17.29096920445475,17.29096920445475,17.29096920445475,0.0,0.0,0.0,218.24514014335202
66,2022-02-07,195.93518424387335,47163,1,189.63591354680912,219.41560712623323,195.93518424387335,195.93518424387335,8.852105364385604,8.852105364385604,8.852105364385604,0.0,0.0,0.0,0.0,0.0,0.0,0.0,0.0,0.0,8.852105364385604,8.852105364385604,8.852105364385604,0.0,0.0,0.0,204.78728960825896
67,2022-02-08,191.04166774955684,47163,1,172.4222874588477,201.43545491592198,191.04166774955684,191.04166774955684,-3.969416848560361,-3.969416848560361,-3.969416848560361,0.0,0.0,0.0,0.0,0.0,0.0,0.0,0.0,0.0,-3.969416848560361,-3.969416848560361,-3.969416848560361,0.0,0.0,0.0,187.07225090099647
68,2022-02-09,186.2705099990342,47163,1,163.3021793443857,192.6902446955611,186.2705099990342,186.2705099990342,-8.412320289715314,-8.412320289715314,-8.412320289715314,0.0,0.0,0.0,0.0,0.0,0.0,0.0,0.0,0.0,-8.412320289715314,-8.412320289715314,-8.412320289715314,0.0,0.0,0.0,177.85818970931888
69,2022-02-10,181.61867562429703,47163,1,154.99664529747363,183.88345215391763,181.61867562429703,181.61867562429703,-12.51430234139631,-12.51430234139631,-12.51430234139631,0.0,0.0,0.0,0.0,0.0,0.0,0.0,0.0,0.0,-12.51430234139631,-12.51430234139631,-12.51430234139631,0.0,0.0,0.0,169.10437328290072
70,2022-02-11,177.0832032724461,47163,1,152.65892712397005,181.15053158553087,177.0832032724461,177.0832032724461,-9.994519784944648,-9.994519784944648,-9.994519784944648,0.0,0.0,0.0,0.0,0.0,0.0,0.0,0.0,0.0,-9.994519784944648,-9.994519784944648,-9.994519784944648,0.0,0.0,0.0,167.08868348750144
71,2022-02-12,172.66120395199127,47163,1,166.68928000468296,196.00223180899167,172.66120395199127,172.66120395199127,8.747484695794832,8.747484695794832,8.747484695794832,0.0,0.0,0.0,0.0,0.0,0.0,0.0,0.0,0.0,8.747484695794832,8.747484695794832,8.747484695794832,0.0,0.0,0.0,181.4086886477861
72,2022-02-13,168.34985932101642,47163,1,171.67143999041622,200.13820674047292,168.34985932101642,168.34985932101642,17.29096920445299,17.29096920445299,17.29096920445299,0.0,0.0,0.0,0.0,0.0,0.0,0.0,0.0,0.0,17.29096920445299,17.29096920445299,17.29096920445299,0.0,0.0,0.0,185.6408285254694
73,2022-02-14,164.14641998361682,47163,1,158.5146398800068,187.74358087787283,164.14641998361682,164.14641998361682,8.852105364374014,8.852105364374014,8.852105364374014,0.0,0.0,0.0,0.0,0.0,0.0,0.0,0.0,0.0,8.852105364374014,8.852105364374014,8.852105364374014,0.0,0.0,0.0,172.99852534799084
74,2022-02-15,160.04820394240681,47163,1,141.4980404059638,171.41957371003295,160.04820394240681,160.04820394240681,-3.969416848534373,-3.969416848534373,-3.969416848534373,0.0,0.0,0.0,0.0,0.0,0.0,0.0,0.0,0.0,-3.969416848534373,-3.969416848534373,-3.969416848534373,0.0,0.0,0.0,156.07878709387245
75,2022-02-16,156.05259490645088,47163,1,132.76936333063236,161.63063427785883,156.05259490645088,156.05259490645088,-8.412320289725164,-8.412320289725164,-8.412320289725164,0.0,0.0,0.0,0.0,0.0,0.0,0.0,0.0,0.0,-8.412320289725164,-8.412320289725164,-8.412320289725164,0.0,0.0,0.0,147.64027461672572
76,2022-02-17,152.1570407569678,47163,1,124.52441374577776,152.97359725116755,152.1570407569678,152.1570407569678,-12.51430234139254,-12.51430234139254,-12.51430234139254,0.0,0.0,0.0,0.0,0.0,0.0,0.0,0.0,0.0,-12.51430234139254,-12.51430234139254,-12.51430234139254,0.0,0.0,0.0,139.64273841557525
77,2022-02-18,148.35905201706692,47163,1,124.16666111691947,152.344890275904,148.35905201706692,148.35905201706692,-9.994519784933281,-9.994519784933281,-9.994519784933281,0.0,0.0,0.0,0.0,0.0,0.0,0.0,0.0,0.0,-9.994519784933281,-9.994519784933281,-9.994519784933281,0.0,0.0,0.0,138.36453223213363
78,2022-02-19,144.65620033924384,47163,1,138.98014852659367,167.86304540431473,144.65620033924384,144.65620033924384,8.747484695808637,8.747484695808637,8.747484695808637,0.0,0.0,0.0,0.0,0.0,0.0,0.0,0.0,0.0,8.747484695808637,8.747484695808637,8.747484695808637,0.0,0.0,0.0,153.4036850350525
79,2022-02-20,141.04611709352022,47163,1,143.7295360300152,173.90959733103782,141.04611709352022,141.04611709352022,17.29096920445122,17.29096920445122,17.29096920445122,0.0,0.0,0.0,0.0,0.0,0.0,0.0,0.0,0.0,17.29096920445122,17.29096920445122,17.29096920445122,0.0,0.0,0.0,158.33708629797144
80,2022-02-21,137.52649188680138,47163,1,132.08046596239598,160.85924848269943,137.52649188680138,137.52649188680138,8.852105364366027,8.852105364366027,8.852105364366027,0.0,0.0,0.0,0.0,0.0,0.0,0.0,0.0,0.0,8.852105364366027,8.852105364366027,8.852105364366027,0.0,0.0,0.0,146.3785972511674
81,2022-02-22,134.09507118330586,47163,1,115.84268527668269,144.63173954524382,134.09507118330586,134.09507118330586,-3.969416848538715,-3.969416848538715,-3.969416848538715,0.0,0.0,0.0,0.0,0.0,0.0,0.0,0.0,0.0,-3.969416848538715,-3.969416848538715,-3.969416848538715,0.0,0.0,0.0,130.12565433476715
82,2022-02-23,130.7496569393023,47163,1,107.1218943504169,137.68011945526723,130.7496569393023,130.7496569393023,-8.412320289723798,-8.412320289723798,-8.412320289723798,0.0,0.0,0.0,0.0,0.0,0.0,0.0,0.0,0.0,-8.412320289723798,-8.412320289723798,-8.412320289723798,0.0,0.0,0.0,122.3373366495785
83,2022-02-24,127.48810526893337,47163,1,100.14454499326182,129.95059083214866,127.48810526893337,127.48810526893337,-12.514302341398754,-12.514302341398754,-12.514302341398754,0.0,0.0,0.0,0.0,0.0,0.0,0.0,0.0,0.0,-12.514302341398754,-12.514302341398754,-12.514302341398754,0.0,0.0,0.0,114.97380292753462
84,2022-02-25,124.308325185009,47163,1,99.76011679498399,128.28924945357204,124.308325185009,124.308325185009,-9.994519784925306,-9.994519784925306,-9.994519784925306,0.0,0.0,0.0,0.0,0.0,0.0,0.0,0.0,0.0,-9.994519784925306,-9.994519784925306,-9.994519784925306,0.0,0.0,0.0,114.3138054000837
85,2022-02-26,121.20827718938072,47163,1,115.27858909754674,145.09752672401473,121.20827718938072,121.20827718938072,8.747484695747806,8.747484695747806,8.747484695747806,0.0,0.0,0.0,0.0,0.0,0.0,0.0,0.0,0.0,8.747484695747806,8.747484695747806,8.747484695747806,0.0,0.0,0.0,129.95576188512854
86,2022-02-27,118.18597216639517,47163,1,120.63783844848462,149.9663716121691,118.18597216639517,118.18597216639517,17.29096920445745,17.29096920445745,17.29096920445745,0.0,0.0,0.0,0.0,0.0,0.0,0.0,0.0,0.0,17.29096920445745,17.29096920445745,17.29096920445745,0.0,0.0,0.0,135.47694137085261
87,2022-02-28,115.23947012009013,47163,1,109.4225391446316,138.66417538084391,115.23947012009013,115.23947012009013,8.852105364350827,8.852105364350827,8.852105364350827,0.0,0.0,0.0,0.0,0.0,0.0,0.0,0.0,0.0,8.852105364350827,8.852105364350827,8.852105364350827,0.0,0.0,0.0,124.09157548444097
88,2022-03-01,112.36687898627652,47163,1,94.42966750477966,122.69247237470002,112.36687898627652,112.36687898627652,-3.9694168485481716,-3.9694168485481716,-3.9694168485481716,0.0,0.0,0.0,0.0,0.0,0.0,0.0,0.0,0.0,-3.9694168485481716,-3.9694168485481716,-3.9694168485481716,0.0,0.0,0.0,108.39746213772834
89,2022-03-02,109.56635348751044,47163,1,85.63148186317167,116.00786508731964,109.56635348751044,109.56635348751044,-8.41232028972804,-8.41232028972804,-8.41232028972804,0.0,0.0,0.0,0.0,0.0,0.0,0.0,0.0,0.0,-8.41232028972804,-8.41232028972804,-8.41232028972804,0.0,0.0,0.0,101.1540331977824
90,2022-03-03,106.83609395253613,47163,1,79.16609639875124,107.81518436282819,106.83609395253613,106.83609395253613,-12.51430234138699,-12.51430234138699,-12.51430234138699,0.0,0.0,0.0,0.0,0.0,0.0,0.0,0.0,0.0,-12.51430234138699,-12.51430234138699,-12.51430234138699,0.0,0.0,0.0,94.32179161114914
91,2022-03-04,104.17434525691174,47163,1,79.85438746025903,108.02423270598027,104.17434525691174,104.17434525691174,-9.994519784913942,-9.994519784913942,-9.994519784913942,0.0,0.0,0.0,0.0,0.0,0.0,0.0,0.0,0.0,-9.994519784913942,-9.994519784913942,-9.994519784913942,0.0,0.0,0.0,94.17982547199779
92,2022-03-05,101.57939572537948,47163,1,96.29082459857976,125.2003455395987,101.57939572537948,101.57939572537948,8.747484695761612,8.747484695761612,8.747484695761612,0.0,0.0,0.0,0.0,0.0,0.0,0.0,0.0,0.0,8.747484695761612,8.747484695761612,8.747484695761612,0.0,0.0,0.0,110.3268804211411
93,2022-03-06,99.04957607569482,47163,1,101.2631625183352,131.8316129591039,99.04957607569482,99.04957607569482,17.29096920445707,17.29096920445707,17.29096920445707,0.0,0.0,0.0,0.0,0.0,0.0,0.0,0.0,0.0,17.29096920445707,17.29096920445707,17.29096920445707,0.0,0.0,0.0,116.34054528015189
94,2022-03-07,96.58325839487614,47163,1,90.95186590430069,119.84297261593949,96.58325839487614,96.58325839487614,8.852105364342846,8.852105364342846,8.852105364342846,0.0,0.0,0.0,0.0,0.0,0.0,0.0,0.0,0.0,8.852105364342846,8.852105364342846,8.852105364342846,0.0,0.0,0.0,105.43536375921899
95,2022-03-08,94.1788551083685,47163,1,74.87171177769628,105.6542265254747,94.1788551083685,94.1788551083685,-3.969416848552516,-3.969416848552516,-3.969416848552516,0.0,0.0,0.0,0.0,0.0,0.0,0.0,0.0,0.0,-3.969416848552516,-3.969416848552516,-3.969416848552516,0.0,0.0,0.0,90.20943825981598
96,2022-03-09,91.83481802034653,47163,1,67.85777285634556,97.03373146563536,91.83481802034653,91.83481802034653,-8.412320289715952,-8.412320289715952,-8.412320289715952,0.0,0.0,0.0,0.0,0.0,0.0,0.0,0.0,0.0,-8.412320289715952,-8.412320289715952,-8.412320289715952,0.0,0.0,0.0,83.42249773063058
97,2022-03-10,89.5496373450963,47163,1,61.797183693619445,91.1830013365355,89.5496373450963,89.5496373450963,-12.51430234138821,-12.51430234138821,-12.51430234138821,0.0,0.0,0.0,0.0,0.0,0.0,0.0,0.0,0.0,-12.51430234138821,-12.51430234138821,-12.51430234138821,0.0,0.0,0.0,77.03533500370808
98,2022-03-11,87.32184076915692,47163,1,62.518917606797224,91.2779639235422,87.32184076915692,87.32184076915692,-9.994519784909356,-9.994519784909356,-9.994519784909356,0.0,0.0,0.0,0.0,0.0,0.0,0.0,0.0,0.0,-9.994519784909356,-9.994519784909356,-9.994519784909356,0.0,0.0,0.0,77.32732098424756
99,2022-03-12,85.15098227300827,47163,1,78.17142357613513,108.42040649660217,85.15098227300827,85.15098227300827,8.747484695774306,8.747484695774306,8.747484695774306,0.0,0.0,0.0,0.0,0.0,0.0,0.0,0.0,0.0,8.747484695774306,8.747484695774306,8.747484695774306,0.0,0.0,0.0,93.89846696878257
100,2022-03-13,83.03462231732907,47163,1,85.992141589758,114.15804997873246,83.03462231732907,83.03462231732907,17.290969204455298,17.290969204455298,17.290969204455298,0.0,0.0,0.0,0.0,0.0,0.0,0.0,0.0,0.0,17.290969204455298,17.290969204455298,17.290969204455298,0.0,0.0,0.0,100.32559152178436
101,2022-03-14,80.97139746327943,47163,1,75.77177395388313,105.17974782331412,80.97139746327943,80.97139746327943,8.852105364390571,8.852105364390571,8.852105364390571,0.0,0.0,0.0,0.0,0.0,0.0,0.0,0.0,0.0,8.852105364390571,8.852105364390571,8.852105364390571,0.0,0.0,0.0,89.82350282767
102,2022-03-15,78.95997814766078,47163,1,60.56337742818175,90.12164357913254,78.95997814766078,78.95997814766078,-3.9694168485619734,-3.9694168485619734,-3.9694168485619734,0.0,0.0,0.0,0.0,0.0,0.0,0.0,0.0,0.0,-3.9694168485619734,-3.9694168485619734,-3.9694168485619734,0.0,0.0,0.0,74.9905612990988
103,2022-03-16,76.99906785292299,47163,1,54.259116096920124,82.62427908010699,76.99906785292299,76.99906785292299,-8.412320289720194,-8.412320289720194,-8.412320289720194,0.0,0.0,0.0,0.0,0.0,0.0,0.0,0.0,0.0,-8.412320289720194,-8.412320289720194,-8.412320289720194,0.0,0.0,0.0,68.58674756320279
104,2022-03-17,75.13704465094308,47163,1,48.52912687217506,77.75531773559024,75.13704465094308,75.13704465094308,-12.51430234138943,-12.51430234138943,-12.51430234138943,0.0,0.0,0.0,0.0,0.0,0.0,0.0,0.0,0.0,-12.51430234138943,-12.51430234138943,-12.51430234138943,0.0,0.0,0.0,62.62274230955365
105,2022-03-18,73.32057207543525,47163,1,49.0179097960455,76.67136545958142,73.32057207543525,73.32057207543525,-9.99451978489799,-9.99451978489799,-9.99451978489799,0.0,0.0,0.0,0.0,0.0,0.0,0.0,0.0,0.0,-9.99451978489799,-9.99451978489799,-9.99451978489799,0.0,0.0,0.0,63.32605229053726
106,2022-03-19,71.54853921435182,47163,1,65.95428403182339,94.58552214269133,71.54853921435182,71.54853921435182,8.74748469578811,8.74748469578811,8.74748469578811,0.0,0.0,0.0,0.0,0.0,0.0,0.0,0.0,0.0,8.74748469578811,8.74748469578811,8.74748469578811,0.0,0.0,0.0,80.29602391013992
107,2022-03-20,69.81986208494499,47163,1,71.71110318277368,100.93316091158115,69.81986208494499,69.81986208494499,17.290969204453532,17.290969204453532,17.290969204453532,0.0,0.0,0.0,0.0,0.0,0.0,0.0,0.0,0.0,17.290969204453532,17.290969204453532,17.290969204453532,0.0,0.0,0.0,87.11083128939852
108,2022-03-21,68.13348298893631,47163,1,61.64750194517903,90.84604790774121,68.13348298893631,68.13348298893631,8.85210536437898,8.85210536437898,8.85210536437898,0.0,0.0,0.0,0.0,0.0,0.0,0.0,0.0,0.0,8.85210536437898,8.85210536437898,8.85210536437898,0.0,0.0,0.0,76.9855883533153
109,2022-03-22,66.66447304032077,47163,1,48.56825119126692,77.39865452294283,66.66447304032077,66.66447304032077,-3.969416848561203,-3.969416848561203,-3.969416848561203,0.0,0.0,0.0,0.0,0.0,0.0,0.0,0.0,0.0,-3.969416848561203,-3.969416848561203,-3.969416848561203,0.0,0.0,0.0,62.69505619175957
110,2022-03-23,65.22756402085598,47163,1,40.41042524621328,71.45552960253784,65.22756402085598,65.22756402085598,-8.412320289724434,-8.412320289724434,-8.412320289724434,0.0,0.0,0.0,0.0,0.0,0.0,0.0,0.0,0.0,-8.412320289724434,-8.412320289724434,-8.412320289724434,0.0,0.0,0.0,56.815243731131545
111,2022-03-24,63.82205635603884,47163,1,36.70057254190459,64.79431847515117,63.82205635603884,63.82205635603884,-12.514302341395645,-12.514302341395645,-12.514302341395645,0.0,0.0,0.0,0.0,0.0,0.0,0.0,0.0,0.0,-12.514302341395645,-12.514302341395645,-12.514302341395645,0.0,0.0,0.0,51.307754014643194
112,2022-03-25,62.44726563501721,47163,1,37.8720379836645,67.39211852146303,62.44726563501721,62.44726563501721,-9.994519784938188,-9.994519784938188,-9.994519784938188,0.0,0.0,0.0,0.0,0.0,0.0,0.0,0.0,0.0,-9.994519784938188,-9.994519784938188,-9.994519784938188,0.0,0.0,0.0,52.452745850079026
113,2022-03-26,61.102522285468964,47163,1,55.71773249764439,84.23923772441705,61.102522285468964,61.102522285468964,8.747484695727278,8.747484695727278,8.747484695727278,0.0,0.0,0.0,0.0,0.0,0.0,0.0,0.0,0.0,8.747484695727278,8.747484695727278,8.747484695727278,0.0,0.0,0.0,69.85000698119624
114,2022-03-27,59.78717125529707,47163,1,61.960426248890606,92.1597133478884,59.78717125529707,59.78717125529707,17.290969204453148,17.290969204453148,17.290969204453148,0.0,0.0,0.0,0.0,0.0,0.0,0.0,0.0,0.0,17.290969204453148,17.290969204453148,17.290969204453148,0.0,0.0,0.0,77.07814045975022
115,2022-03-28,58.696700071240734,47163,1,53.22319591194865,81.93236213907184,58.696700071240734,58.696700071240734,8.852105364367386,8.852105364367386,8.852105364367386,0.0,0.0,0.0,0.0,0.0,0.0,0.0,0.0,0.0,8.852105364367386,8.852105364367386,8.852105364367386,0.0,0.0,0.0,67.54880543560812
116,2022-03-29,57.626432238280266,47163,1,39.39655173381599,69.4213900841791,57.626432238280266,57.626432238280266,-3.969416848570659,-3.969416848570659,-3.969416848570659,0.0,0.0,0.0,0.0,0.0,0.0,0.0,0.0,0.0,-3.969416848570659,-3.969416848570659,-3.969416848570659,0.0,0.0,0.0,53.657015389709606
117,2022-03-30,56.57599433921026,47163,1,34.79576456467948,62.92066656228243,56.57599433921026,56.57599433921026,-8.412320289712348,-8.412320289712348,-8.412320289712348,0.0,0.0,0.0,0.0,0.0,0.0,0.0,0.0,0.0,-8.412320289712348,-8.412320289712348,-8.412320289712348,0.0,0.0,0.0,48.163674049497914
118,2022-03-31,55.54501982581495,47163,1,28.17195946913751,58.760590465130626,55.54501982581495,55.54501982581495,-12.514302341401859,-12.514302341401859,-12.514302341401859,0.0,0.0,0.0,0.0,0.0,0.0,0.0,0.0,0.0,-12.514302341401859,-12.514302341401859,-12.514302341401859,0.0,0.0,0.0,43.03071748441309
119,2022-04-01,54.53314889372221,47163,1,30.016349702955626,58.91887612303073,54.53314889372221,54.53314889372221,-9.994519784930214,-9.994519784930214,-9.994519784930214,0.0,0.0,0.0,0.0,0.0,0.0,0.0,0.0,0.0,-9.994519784930214,-9.994519784930214,-9.994519784930214,0.0,0.0,0.0,44.538629108792
120,2022-04-02,53.68190123670651,47163,1,47.69239479113658,77.38046233926039,53.68190123670651,53.68190123670651,8.747484695742196,8.747484695742196,8.747484695742196,0.0,0.0,0.0,0.0,0.0,0.0,0.0,0.0,0.0,8.747484695742196,8.747484695742196,8.747484695742196,0.0,0.0,0.0,62.4293859324487
121,2022-04-03,52.84417464320552,47163,1,55.6901589787259,84.74794269616851,52.84417464320552,52.84417464320552,17.290969204452765,17.290969204452765,17.290969204452765,0.0,0.0,0.0,0.0,0.0,0.0,0.0,0.0,0.0,17.290969204452765,17.290969204452765,17.290969204452765,0.0,0.0,0.0,70.13514384765828
122,2022-04-04,52.01975481710496,47163,1,47.4475875188865,75.70543551090101,52.01975481710496,52.01975481710496,8.852105364359403,8.852105364359403,8.852105364359403,0.0,0.0,0.0,0.0,0.0,0.0,0.0,0.0,0.0,8.852105364359403,8.852105364359403,8.852105364359403,0.0,0.0,0.0,60.87186018146436
123,2022-04-05,51.20843084385256,47163,1,33.37214819343981,62.15514263818904,51.20843084385256,51.20843084385256,-3.969416848544672,-3.969416848544672,-3.969416848544672,0.0,0.0,0.0,0.0,0.0,0.0,0.0,0.0,0.0,-3.969416848544672,-3.969416848544672,-3.969416848544672,0.0,0.0,0.0,47.239013995307886
124,2022-04-06,50.40999513756502,47163,1,27.407289826215912,57.33292704153216,50.40999513756502,50.40999513756502,-8.412320289710982,-8.412320289710982,-8.412320289710982,0.0,0.0,0.0,0.0,0.0,0.0,0.0,0.0,0.0,-8.412320289710982,-8.412320289710982,-8.412320289710982,0.0,0.0,0.0,41.997674847854036
125,2022-04-07,49.691412024179876,47163,1,22.614526028689088,50.98834876911107,49.691412024179876,49.691412024179876,-12.514302341403083,-12.514302341403083,-12.514302341403083,0.0,0.0,0.0,0.0,0.0,0.0,0.0,0.0,0.0,-12.514302341403083,-12.514302341403083,-12.514302341403083,0.0,0.0,0.0,37.177109682776795
126,2022-04-08,48.98326881844757,47163,1,22.978148620195494,53.99266912220752,48.98326881844757,48.98326881844757,-9.994519784922236,-9.994519784922236,-9.994519784922236,0.0,0.0,0.0,0.0,0.0,0.0,0.0,0.0,0.0,-9.994519784922236,-9.994519784922236,-9.994519784922236,0.0,0.0,0.0,38.98874903352534
127,2022-04-09,48.28541415191217,47163,1,41.90743675286932,71.32163332716466,48.28541415191217,48.28541415191217,8.747484695754888,8.747484695754888,8.747484695754888,0.0,0.0,0.0,0.0,0.0,0.0,0.0,0.0,0.0,8.747484695754888,8.747484695754888,8.747484695754888,0.0,0.0,0.0,57.032898847667056
128,2022-04-10,47.59769884193678,47163,1,50.144237483664966,78.72409254536808,47.59769884193678,47.59769884193678,17.29096920445623,17.29096920445623,17.29096920445623,0.0,0.0,0.0,0.0,0.0,0.0,0.0,0.0,0.0,17.29096920445623,17.29096920445623,17.29096920445623,0.0,0.0,0.0,64.88866804639301
129,2022-04-11,46.91997586039644,47163,1,41.31656436503129,70.88419751649243,46.91997586039644,46.91997586039644,8.852105364351416,8.852105364351416,8.852105364351416,0.0,0.0,0.0,0.0,0.0,0.0,0.0,0.0,0.0,8.852105364351416,8.852105364351416,8.852105364351416,0.0,0.0,0.0,55.77208122474786
130,2022-04-12,46.25210040296344,47163,1,27.71055702565401,57.55311690450875,46.25210040296344,46.25210040296344,-3.969416848549015,-3.969416848549015,-3.969416848549015,0.0,0.0,0.0,0.0,0.0,0.0,0.0,0.0,0.0,-3.969416848549015,-3.969416848549015,-3.969416848549015,0.0,0.0,0.0,42.282683554414426
131,2022-04-13,45.59392955530827,47163,1,22.2723843133915,51.85039227042006,45.59392955530827,45.59392955530827,-8.412320289720832,-8.412320289720832,-8.412320289720832,0.0,0.0,0.0,0.0,0.0,0.0,0.0,0.0,0.0,-8.412320289720832,-8.412320289720832,-8.412320289720832,0.0,0.0,0.0,37.18160926558744
132,2022-04-14,44.94532256943852,47163,1,18.370309997120998,45.109061902194625,44.94532256943852,44.94532256943852,-12.514302341404303,-12.514302341404303,-12.514302341404303,0.0,0.0,0.0,0.0,0.0,0.0,0.0,0.0,0.0,-12.514302341404303,-12.514302341404303,-12.514302341404303,0.0,0.0,0.0,32.431020228034214
133,2022-04-15,44.30614073099202,47163,1,20.68306181560155,49.10449786732376,44.30614073099202,44.30614073099202,-9.994519784910873,-9.994519784910873,-9.994519784910873,0.0,0.0,0.0,0.0,0.0,0.0,0.0,0.0,0.0,-9.994519784910873,-9.994519784910873,-9.994519784910873,0.0,0.0,0.0,34.31162094608115
134,2022-04-16,43.676247330075235,47163,1,38.498257953180115,66.83587625087839,43.676247330075235,43.676247330075235,8.747484695768692,8.747484695768692,8.747484695768692,0.0,0.0,0.0,0.0,0.0,0.0,0.0,0.0,0.0,8.747484695768692,8.747484695768692,8.747484695768692,0.0,0.0,0.0,52.423732025843925
135,2022-04-17,43.05550763251286,47163,1,45.740867500293774,75.77626604402553,43.05550763251286,43.05550763251286,17.29096920445446,17.29096920445446,17.29096920445446,0.0,0.0,0.0,0.0,0.0,0.0,0.0,0.0,0.0,17.29096920445446,17.29096920445446,17.29096920445446,0.0,0.0,0.0,60.34647683696731
136,2022-04-18,42.44378885150408,47163,1,36.094282198275806,65.61930077043509,42.44378885150408,42.44378885150408,8.852105364339826,8.852105364339826,8.852105364339826,0.0,0.0,0.0,0.0,0.0,0.0,0.0,0.0,0.0,8.852105364339826,8.852105364339826,8.852105364339826,0.0,0.0,0.0,51.29589421584391
137,2022-04-19,41.84096011967909,47163,1,23.828512197485317,52.50637809495692,41.84096011967909,41.84096011967909,-3.969416848553357,-3.969416848553357,-3.969416848553357,0.0,0.0,0.0,0.0,0.0,0.0,0.0,0.0,0.0,-3.969416848553357,-3.969416848553357,-3.969416848553357,0.0,0.0,0.0,37.87154327112573
138,2022-04-20,41.246892461550964,47163,1,17.985386160113972,46.688396541076976,41.246892461550964,41.246892461550964,-8.412320289719464,-8.412320289719464,-8.412320289719464,0.0,0.0,0.0,0.0,0.0,0.0,0.0,0.0,0.0,-8.412320289719464,-8.412320289719464,-8.412320289719464,0.0,0.0,0.0,32.834572171831496
139,2022-04-21,40.66145876635694,47163,1,13.699535604299156,43.39691755308124,40.66145876635694,40.66145876635694,-12.514302341392538,-12.514302341392538,-12.514302341392538,0.0,0.0,0.0,0.0,0.0,0.0,0.0,0.0,0.0,-12.514302341392538,-12.514302341392538,-12.514302341392538,0.0,0.0,0.0,28.1471564249644
140,2022-04-22,40.08453376128414,47163,1,16.88108858505491,44.77775658409578,40.08453376128414,40.08453376128414,-9.99451978495446,-9.99451978495446,-9.99451978495446,0.0,0.0,0.0,0.0,0.0,0.0,0.0,0.0,0.0,-9.99451978495446,-9.99451978495446,-9.99451978495446,0.0,0.0,0.0,30.090013976329683
141,2022-04-23,39.5159939850746,47163,1,33.77352221537371,63.19008370531676,39.5159939850746,39.5159939850746,8.747484695781388,8.747484695781388,8.747484695781388,0.0,0.0,0.0,0.0,0.0,0.0,0.0,0.0,0.0,8.747484695781388,8.747484695781388,8.747484695781388,0.0,0.0,0.0,48.26347868085599
142,2022-04-24,38.955717762003424,47163,1,42.080878680974315,71.09235679451024,38.955717762003424,38.955717762003424,17.290969204455465,17.290969204455465,17.290969204455465,0.0,0.0,0.0,0.0,0.0,0.0,0.0,0.0,0.0,17.290969204455465,17.290969204455465,17.290969204455465,0.0,0.0,0.0,56.24668696645889
143,2022-04-25,38.40358517622668,47163,1,33.00645245588407,60.97147266530776,38.40358517622668,38.40358517622668,8.852105364328235,8.852105364328235,8.852105364328235,0.0,0.0,0.0,0.0,0.0,0.0,0.0,0.0,0.0,8.852105364328235,8.852105364328235,8.852105364328235,0.0,0.0,0.0,47.25569054055491
144,2022-04-26,37.85947804649193,47163,1,19.057284343620694,48.22318827464693,37.85947804649193,37.85947804649193,-3.9694168485273686,-3.9694168485273686,-3.9694168485273686,0.0,0.0,0.0,0.0,0.0,0.0,0.0,0.0,0.0,-3.9694168485273686,-3.9694168485273686,-3.9694168485273686,0.0,0.0,0.0,33.89006119796456
145,2022-04-27,37.323279901208,47163,1,13.27253256475537,44.16518633153449,37.323279901208,37.323279901208,-8.412320289723706,-8.412320289723706,-8.412320289723706,0.0,0.0,0.0,0.0,0.0,0.0,0.0,0.0,0.0,-8.412320289723706,-8.412320289723706,-8.412320289723706,0.0,0.0,0.0,28.91095961148429
146,2022-04-28,36.79487595386817,47163,1,8.496740603430933,38.73861893580234,36.79487595386817,36.79487595386817,-12.51430234139875,-12.51430234139875,-12.51430234139875,0.0,0.0,0.0,0.0,0.0,0.0,0.0,0.0,0.0,-12.51430234139875,-12.51430234139875,-12.51430234139875,0.0,0.0,0.0,24.28057361246942
147,2022-04-29,36.27415307882221,47163,1,11.578308859645794,40.30344468109642,36.27415307882221,36.27415307882221,-9.994519784943096,-9.994519784943096,-9.994519784943096,0.0,0.0,0.0,0.0,0.0,0.0,0.0,0.0,0.0,-9.994519784943096,-9.994519784943096,-9.994519784943096,0.0,0.0,0.0,26.279633293879115
148,2022-04-30,35.76099978739236,47163,1,30.514954026770557,58.77499899248292,35.76099978739236,35.76099978739236,8.747484695795192,8.747484695795192,8.747484695795192,0.0,0.0,0.0,0.0,0.0,0.0,0.0,0.0,0.0,8.747484695795192,8.747484695795192,8.747484695795192,0.0,0.0,0.0,44.50848448318755
149,2022-05-01,35.25530620432837,47163,1,38.56690229118203,66.65424296028061,35.25530620432837,35.25530620432837,17.290969204453692,17.290969204453692,17.290969204453692,0.0,0.0,0.0,0.0,0.0,0.0,0.0,0.0,0.0,17.290969204453692,17.290969204453692,17.290969204453692,0.0,0.0,0.0,52.546275408782066
150,2022-05-02,34.75696404459766,47163,1,29.045258941713517,59.188261693939126,34.75696404459766,34.75696404459766,8.852105364375962,8.852105364375962,8.852105364375962,0.0,0.0,0.0,0.0,0.0,0.0,0.0,0.0,0.0,8.852105364375962,8.852105364375962,8.852105364375962,0.0,0.0,0.0,43.609069408973625
151,2022-05-03,34.265866590504395,47163,1,16.251277097608213,45.09112853547922,34.265866590504395,34.265866590504395,-3.9694168485317114,-3.9694168485317114,-3.9694168485317114,0.0,0.0,0.0,0.0,0.0,0.0,0.0,0.0,0.0,-3.9694168485317114,-3.9694168485317114,-3.9694168485317114,0.0,0.0,0.0,30.296449741972683
152,2022-05-04,33.78190866913459,47163,1,11.852487613481879,39.69180382740521,33.78190866913459,33.78190866913459,-8.412320289722338,-8.412320289722338,-8.412320289722338,0.0,0.0,0.0,0.0,0.0,0.0,0.0,0.0,0.0,-8.412320289722338,-8.412320289722338,-8.412320289722338,0.0,0.0,0.0,25.36958837941225
153,2022-05-05,33.304986630121924,47163,1,6.410568666410092,35.26889555220326,33.304986630121924,33.304986630121924,-12.51430234139498,-12.51430234139498,-12.51430234139498,0.0,0.0,0.0,0.0,0.0,0.0,0.0,0.0,0.0,-12.51430234139498,-12.51430234139498,-12.51430234139498,0.0,0.0,0.0,20.790684288726943
154,2022-05-06,32.83499832372965,47163,1,8.286969540701124,37.62548060560096,32.83499832372965,32.83499832372965,-9.99451978493851,-9.99451978493851,-9.99451978493851,0.0,0.0,0.0,0.0,0.0,0.0,0.0,0.0,0.0,-9.99451978493851,-9.99451978493851,-9.99451978493851,0.0,0.0,0.0,22.84047853879114
155,2022-05-07,32.371843079244655,47163,1,26.47694018372426,56.65704804372783,32.371843079244655,32.371843079244655,8.74748469573436,8.74748469573436,8.74748469573436,0.0,0.0,0.0,0.0,0.0,0.0,0.0,0.0,0.0,8.74748469573436,8.74748469573436,8.74748469573436,0.0,0.0,0.0,41.11932777497901
156,2022-05-08,31.915421683679014,47163,1,35.404363377354564,63.20035350465704,31.915421683679014,31.915421683679014,17.29096920445331,17.29096920445331,17.29096920445331,0.0,0.0,0.0,0.0,0.0,0.0,0.0,0.0,0.0,17.29096920445331,17.29096920445331,17.29096920445331,0.0,0.0,0.0,49.206390888132326
157,2022-05-09,31.46563636077509,47163,1,26.37222416461419,54.7108349921385,31.46563636077509,31.46563636077509,8.852105364364371,8.852105364364371,8.852105364364371,0.0,0.0,0.0,0.0,0.0,0.0,0.0,0.0,0.0,8.852105364364371,8.852105364364371,8.852105364364371,0.0,0.0,0.0,40.31774172513946
158,2022-05-10,31.022390750309338,47163,1,12.472613635376664,41.52684597793612,31.022390750309338,31.022390750309338,-3.9694168485411696,-3.9694168485411696,-3.9694168485411696,0.0,0.0,0.0,0.0,0.0,0.0,0.0,0.0,0.0,-3.9694168485411696,-3.9694168485411696,-3.9694168485411696,0.0,0.0,0.0,27.05297390176817
159,2022-05-11,30.585589887691647,47163,1,7.79877890984302,37.30988125472595,30.585589887691647,30.585589887691647,-8.412320289726582,-8.412320289726582,-8.412320289726582,0.0,0.0,0.0,0.0,0.0,0.0,0.0,0.0,0.0,-8.412320289726582,-8.412320289726582,-8.412320289726582,0.0,0.0,0.0,22.173269597965067
160,2022-05-12,30.155140183854897,47163,1,2.76063277975698,32.730317212853734,30.155140183854897,30.155140183854897,-12.514302341401196,-12.514302341401196,-12.514302341401196,0.0,0.0,0.0,0.0,0.0,0.0,0.0,0.0,0.0,-12.514302341401196,-12.514302341401196,-12.514302341401196,0.0,0.0,0.0,17.6408378424537
161,2022-05-13,29.730949405431762,47163,1,5.8832084771450015,34.33327629604763,29.730949405431762,29.730949405431762,-9.994519784927144,-9.994519784927144,-9.994519784927144,0.0,0.0,0.0,0.0,0.0,0.0,0.0,0.0,0.0,-9.994519784927144,-9.994519784927144,-9.994519784927144,0.0,0.0,0.0,19.736429620504616
162,2022-05-14,29.312926655214053,47163,1,23.348306711755562,52.65540611186105,29.312926655214053,29.312926655214053,8.747484695748165,8.747484695748165,8.747484695748165,0.0,0.0,0.0,0.0,0.0,0.0,0.0,0.0,0.0,8.747484695748165,8.747484695748165,8.747484695748165,0.0,0.0,0.0,38.06041135096222
163,2022-05-15,28.900982352890995,47163,1,30.416576363319976,60.83531585136406,28.900982352890995,28.900982352890995,17.290969204451542,17.290969204451542,17.290969204451542,0.0,0.0,0.0,0.0,0.0,0.0,0.0,0.0,0.0,17.290969204451542,17.290969204451542,17.290969204451542,0.0,0.0,0.0,46.191951557342534
164,2022-05-16,28.49502821606227,47163,1,22.961079533793427,51.443662174462595,28.49502821606227,28.49502821606227,8.852105364352777,8.852105364352777,8.852105364352777,0.0,0.0,0.0,0.0,0.0,0.0,0.0,0.0,0.0,8.852105364352777,8.852105364352777,8.852105364352777,0.0,0.0,0.0,37.34713358041505
165,2022-05-17,28.094977241522404,47163,1,9.658080308578873,39.7582984261411,28.094977241522404,28.094977241522404,-3.969416848540399,-3.969416848540399,-3.969416848540399,0.0,0.0,0.0,0.0,0.0,0.0,0.0,0.0,0.0,-3.969416848540399,-3.969416848540399,-3.969416848540399,0.0,0.0,0.0,24.125560392982006
166,2022-05-18,27.70074368681237,47163,1,4.254460062821987,33.8844667411938,27.70074368681237,27.70074368681237,-8.412320289714494,-8.412320289714494,-8.412320289714494,0.0,0.0,0.0,0.0,0.0,0.0,0.0,0.0,0.0,-8.412320289714494,-8.412320289714494,-8.412320289714494,0.0,0.0,0.0,19.288423397097876
167,2022-05-19,27.312243052034397,47163,1,1.0000850263298968,28.904351295438655,27.312243052034397,27.312243052034397,-12.514302341402418,-12.514302341402418,-12.514302341402418,0.0,0.0,0.0,0.0,0.0,0.0,0.0,0.0,0.0,-12.514302341402418,-12.514302341402418,-12.514302341402418,0.0,0.0,0.0,14.797940710631979
168,2022-05-20,26.929392061927178,47163,1,2.445266817237154,30.772640725854632,26.929392061927178,26.929392061927178,-9.994519784915779,-9.994519784915779,-9.994519784915779,0.0,0.0,0.0,0.0,0.0,0.0,0.0,0.0,0.0,-9.994519784915779,-9.994519784915779,-9.994519784915779,0.0,0.0,0.0,16.9348722770114
169,2022-05-21,26.552108648196974,47163,1,20.935478113969122,50.51335355643846,26.552108648196974,26.552108648196974,8.74748469576086,8.74748469576086,8.74748469576086,0.0,0.0,0.0,0.0,0.0,0.0,0.0,0.0,0.0,8.74748469576086,8.74748469576086,8.74748469576086,0.0,0.0,0.0,35.29959334395784
170,2022-05-22,26.180311932101358,47163,1,29.031853786606,57.45991860589284,26.180311932101358,26.180311932101358,17.29096920445116,17.29096920445116,17.29096920445116,0.0,0.0,0.0,0.0,0.0,0.0,0.0,0.0,0.0,17.29096920445116,17.29096920445116,17.29096920445116,0.0,0.0,0.0,43.47128113655252
171,2022-05-23,25.81392220728211,47163,1,19.873437889821965,48.47162479473554,25.81392220728211,25.81392220728211,8.852105364404112,8.852105364404112,8.852105364404112,0.0,0.0,0.0,0.0,0.0,0.0,0.0,0.0,0.0,8.852105364404112,8.852105364404112,8.852105364404112,0.0,0.0,0.0,34.66602757168622
172,2022-05-24,25.452860922843662,47163,1,7.3648875180380555,36.473354331225224,25.452860922843662,25.452860922843662,-3.969416848549856,-3.969416848549856,-3.969416848549856,0.0,0.0,0.0,0.0,0.0,0.0,0.0,0.0,0.0,-3.969416848549856,-3.969416848549856,-3.969416848549856,0.0,0.0,0.0,21.483444074293807
173,2022-05-25,25.097050666673752,47163,1,1.0281534818762028,31.373852256438518,25.097050666673752,25.097050666673752,-8.412320289718735,-8.412320289718735,-8.412320289718735,0.0,0.0,0.0,0.0,0.0,0.0,0.0,0.0,0.0,-8.412320289718735,-8.412320289718735,-8.412320289718735,0.0,0.0,0.0,16.684730376955017
174,2022-05-26,24.746415149002505,47163,1,-1.5974152964148762,26.05232284074081,24.746415149002505,24.746415149002505,-12.514302341390652,-12.514302341390652,-12.514302341390652,0.0,0.0,0.0,0.0,0.0,0.0,0.0,0.0,0.0,-12.514302341390652,-12.514302341390652,-12.514302341390652,0.0,0.0,0.0,12.232112807611854
175,2022-05-27,24.400879186197386,47163,1,-1.3677643241297606,27.78983380144559,24.400879186197386,24.400879186197386,-9.994519784907805,-9.994519784907805,-9.994519784907805,0.0,0.0,0.0,0.0,0.0,0.0,0.0,0.0,0.0,-9.994519784907805,-9.994519784907805,-9.994519784907805,0.0,0.0,0.0,14.406359401289581
176,2022-05-28,24.060368684789733,47163,1,18.17825578937042,47.010680157154425,24.060368684789733,24.060368684789733,8.747484695775777,8.747484695775777,8.747484695775777,0.0,0.0,0.0,0.0,0.0,0.0,0.0,0.0,0.0,8.747484695775777,8.747484695775777,8.747484695775777,0.0,0.0,0.0,32.80785338056551
177,2022-05-29,23.724810625730356,47163,1,27.52486576759089,55.57641843131826,23.724810625730356,23.724810625730356,17.290969204454623,17.290969204454623,17.290969204454623,0.0,0.0,0.0,0.0,0.0,0.0,0.0,0.0,0.0,17.290969204454623,17.290969204454623,17.290969204454623,0.0,0.0,0.0,41.01577983018498
178,2022-05-30,23.394133048870536,47163,1,17.025454717857226,46.002062256465315,23.394133048870536,23.394133048870536,8.852105364388912,8.852105364388912,8.852105364388912,0.0,0.0,0.0,0.0,0.0,0.0,0.0,0.0,0.0,8.852105364388912,8.852105364388912,8.852105364388912,0.0,0.0,0.0,32.24623841325945
179,2022-05-31,23.06826503766563,47163,1,4.447366761441763,34.04931423960785,23.06826503766563,23.06826503766563,-3.969416848559314,-3.969416848559314,-3.969416848559314,0.0,0.0,0.0,0.0,0.0,0.0,0.0,0.0,0.0,-3.969416848559314,-3.969416848559314,-3.969416848559314,0.0,0.0,0.0,19.098848189106313
180,2022-06-01,22.747136704097702,47163,1,0.34519238062611424,28.138712554499495,22.747136704097702,22.747136704097702,-8.412320289717368,-8.412320289717368,-8.412320289717368,0.0,0.0,0.0,0.0,0.0,0.0,0.0,0.0,0.0,-8.412320289717368,-8.412320289717368,-8.412320289717368,0.0,0.0,0.0,14.334816414380334
181,2022-06-02,22.43067917381441,47163,1,-4.384254461796041,24.61775406821006,22.43067917381441,22.43067917381441,-12.514302341391874,-12.514302341391874,-12.514302341391874,0.0,0.0,0.0,0.0,0.0,0.0,0.0,0.0,0.0,-12.514302341391874,-12.514302341391874,-12.514302341391874,0.0,0.0,0.0,9.916376832422538
182,2022-06-03,22.118824571481078,47163,1,-1.9016017505109801,26.312423693403584,22.118824571481078,22.118824571481078,-9.994519784944618,-9.994519784944618,-9.994519784944618,0.0,0.0,0.0,0.0,0.0,0.0,0.0,0.0,0.0,-9.994519784944618,-9.994519784944618,-9.994519784944618,0.0,0.0,0.0,12.12430478653646
183,2022-06-04,21.811506006342665,47163,1,15.757153857491721,46.01286272130902,21.811506006342665,21.811506006342665,8.74748469578847,8.74748469578847,8.74748469578847,0.0,0.0,0.0,0.0,0.0,0.0,0.0,0.0,0.0,8.74748469578847,8.74748469578847,8.74748469578847,0.0,0.0,0.0,30.558990702131133
184,2022-06-05,21.50865755799308,47163,1,24.024691451203626,52.6692598802553,21.50865755799308,21.50865755799308,17.290969204455624,17.290969204455624,17.290969204455624,0.0,0.0,0.0,0.0,0.0,0.0,0.0,0.0,0.0,17.290969204455624,17.290969204455624,17.290969204455624,0.0,0.0,0.0,38.7996267624487
185,2022-06-06,21.210214262348586,47163,1,16.097409865306975,43.84848936174938,21.210214262348586,21.210214262348586,8.852105364380927,8.852105364380927,8.852105364380927,0.0,0.0,0.0,0.0,0.0,0.0,0.0,0.0,0.0,8.852105364380927,8.852105364380927,8.852105364380927,0.0,0.0,0.0,30.06231962672951
186,2022-06-07,20.916112097822545,47163,1,3.8084116815829923,31.850550906678116,20.9161120978229,20.9161120978229,-3.969416848563657,-3.969416848563657,-3.969416848563657,0.0,0.0,0.0,0.0,0.0,0.0,0.0,0.0,0.0,-3.969416848563657,-3.969416848563657,-3.969416848563657,0.0,0.0,0.0,16.946695249258887
187,2022-06-08,20.62628797169862,47163,1,-2.4067918820032466,27.04483035914135,20.6262301103891,20.6262301103891,-8.41232028972722,-8.41232028972722,-8.41232028972722,0.0,0.0,0.0,0.0,0.0,0.0,0.0,0.0,0.0,-8.41232028972722,-8.41232028972722,-8.41232028972722,0.0,0.0,0.0,12.2139676819714
188,2022-06-09,20.340679706699678,47163,1,-6.641631995485815,21.659288233520847,20.34003254659376,20.341930255388906,-12.514302341393094,-12.514302341393094,-12.514302341393094,0.0,0.0,0.0,0.0,0.0,0.0,0.0,0.0,0.0,-12.514302341393094,-12.514302341393094,-12.514302341393094,0.0,0.0,0.0,7.826377365306584
189,2022-06-10,20.05922602774959,47163,1,-4.644153360428859,23.833150800586317,20.055430138958023,20.064116123329136,-9.994519784940026,-9.994519784940026,-9.994519784940026,0.0,0.0,0.0,0.0,0.0,0.0,0.0,0.0,0.0,-9.994519784940026,-9.994519784940026,-9.994519784940026,0.0,0.0,0.0,10.064706242809565
190,2022-06-11,19.781866548924956,47163,1,14.176066477488186,43.14769985679669,19.77211942594737,19.791696696151796,8.747484695801163,8.747484695801163,8.747484695801163,0.0,0.0,0.0,0.0,0.0,0.0,0.0,0.0,0.0,8.747484695801163,8.747484695801163,8.747484695801163,0.0,0.0,0.0,28.52935124472612
191,2022-06-12,19.508541760594888,47163,1,23.317082550015204,51.93547878688927,19.492322887654666,19.524469457633746,17.290969204453855,17.290969204453855,17.290969204453855,0.0,0.0,0.0,0.0,0.0,0.0,0.0,0.0,0.0,17.290969204453855,17.290969204453855,17.290969204453855,0.0,0.0,0.0,36.79951096504874
192,2022-06-13,19.239193016744725,47163,1,13.153579381696257,43.32127336646164,19.215014658172624,19.262528014376514,8.852105364369335,8.852105364369335,8.852105364369335,0.0,0.0,0.0,0.0,0.0,0.0,0.0,0.0,0.0,8.852105364369335,8.852105364369335,8.852105364369335,0.0,0.0,0.0,28.091298381114058
193,2022-06-14,18.973762522482843,47163,1,-0.10163007359287558,29.025216457136462,18.937176212616652,19.005200680181655,-3.9694168485427834,-3.9694168485427834,-3.9694168485427834,0.0,0.0,0.0,0.0,0.0,0.0,0.0,0.0,0.0,-3.9694168485427834,-3.9694168485427834,-3.9694168485427834,0.0,0.0,0.0,15.00434567394006
194,2022-06-15,18.71219332172637,47163,1,-3.422336444033021,25.92914725578808,18.665721868825887,18.755437749660906,-8.412320289725853,-8.412320289725853,-8.412320289725853,0.0,0.0,0.0,0.0,0.0,0.0,0.0,0.0,0.0,-8.412320289725853,-8.412320289725853,-8.412320289725853,0.0,0.0,0.0,10.299873032000518
195,2022-06-16,18.454429285064343,47163,1,-6.874900757995933,21.07645674067608,18.396849306187562,18.508081628806586,-12.514302341394316,-12.514302341394316,-12.514302341394316,0.0,0.0,0.0,0.0,0.0,0.0,0.0,0.0,0.0,-12.514302341394316,-12.514302341394316,-12.514302341394316,0.0,0.0,0.0,5.940126943670027
196,2022-06-17,18.200415097795247,47163,1,-5.037823009084183,23.33240460739479,18.132090146720465,18.266699506511696,-9.994519784928665,-9.994519784928665,-9.994519784928665,0.0,0.0,0.0,0.0,0.0,0.0,0.0,0.0,0.0,-9.994519784928665,-9.994519784928665,-9.994519784928665,0.0,0.0,0.0,8.205895312866582
197,2022-06-18,17.95009624813665,47163,1,11.286848782185082,40.41928504493144,17.869578780070487,18.02812774875314,8.747484695814968,8.747484695814968,8.747484695814968,0.0,0.0,0.0,0.0,0.0,0.0,0.0,0.0,0.0,8.747484695814968,8.747484695814968,8.747484695814968,0.0,0.0,0.0,26.697580943951618
198,2022-06-19,17.703419015604535,47163,1,21.970556535206246,50.14362874649456,17.613218163176374,17.796548761081254,17.29096920445732,17.29096920445732,17.29096920445732,0.0,0.0,0.0,0.0,0.0,0.0,0.0,0.0,0.0,17.29096920445732,17.29096920445732,17.29096920445732,0.0,0.0,0.0,34.99438822006185
199,2022-06-20,17.460330459559582,47163,1,12.645808095975019,41.19635848693557,17.360306345041643,17.564861979052182,8.852105364357742,8.852105364357742,8.852105364357742,0.0,0.0,0.0,0.0,0.0,0.0,0.0,0.0,0.0,8.852105364357742,8.852105364357742,8.852105364357742,0.0,0.0,0.0,26.312435823917326
200,2022-06-21,17.220778407918687,47163,1,-1.5269994074368434,28.969867339952923,17.111101036189623,17.3362628052109,-3.9694168485420125,-3.9694168485420125,-3.9694168485420125,0.0,0.0,0.0,0.0,0.0,0.0,0.0,0.0,0.0,-3.9694168485420125,-3.9694168485420125,-3.9694168485420125,0.0,0.0,0.0,13.251361559376674
201,2022-06-22,16.984711446028538,47163,1,-6.759734922645501,23.053752189861893,16.862215079896366,17.10807284892813,-8.412320289719373,-8.412320289719373,-8.412320289719373,0.0,0.0,0.0,0.0,0.0,0.0,0.0,0.0,0.0,-8.412320289719373,-8.412320289719373,-8.412320289719373,0.0,0.0,0.0,8.572391156309164
202,2022-06-23,16.752078905699662,47163,1,-9.602096430888512,17.889620342968087,16.620810864976914,16.888589730612665,-12.514302341400528,-12.514302341400528,-12.514302341400528,0.0,0.0,0.0,0.0,0.0,0.0,0.0,0.0,0.0,-12.514302341400528,-12.514302341400528,-12.514302341400528,0.0,0.0,0.0,4.237776564299134
203,2022-06-24,16.52283085439818,47163,1,-7.783136267990042,21.388973861877574,16.379197965333855,16.671751163180005,-9.994519784920685,-9.994519784920685,-9.994519784920685,0.0,0.0,0.0,0.0,0.0,0.0,0.0,0.0,0.0,-9.994519784920685,-9.994519784920685,-9.994519784920685,0.0,0.0,0.0,6.528311069477494
204,2022-06-25,16.296918084593397,47163,1,11.211865357446046,39.98920020585131,16.14161524536134,16.456810713153402,8.747484695753025,8.747484695753025,8.747484695753025,0.0,0.0,0.0,0.0,0.0,0.0,0.0,0.0,0.0,8.747484695753025,8.747484695753025,8.747484695753025,0.0,0.0,0.0,25.044402780346424
205,2022-06-26,16.074292103258642,47163,1,18.181173223547386,47.56751399574614,15.905994476555163,16.252536208664722,17.290969204455557,17.290969204455557,17.290969204455557,0.0,0.0,0.0,0.0,0.0,0.0,0.0,0.0,0.0,17.290969204455557,17.290969204455557,17.290969204455557,0.0,0.0,0.0,33.3652613077142
206,2022-06-27,15.854905121523341,47163,1,8.716370498132239,40.46733707433786,15.675256223881098,16.04402072189448,8.852105364346157,8.852105364346157,8.852105364346157,0.0,0.0,0.0,0.0,0.0,0.0,0.0,0.0,0.0,8.852105364346157,8.852105364346157,8.852105364346157,0.0,0.0,0.0,24.707010485869496
207,2022-06-28,15.638710044474408,47163,1,-3.7028021908935123,26.053914810571545,15.446339623748774,15.83484815666982,-3.9694168485514694,-3.9694168485514694,-3.9694168485514694,0.0,0.0,0.0,0.0,0.0,0.0,0.0,0.0,0.0,-3.9694168485514694,-3.9694168485514694,-3.9694168485514694,0.0,0.0,0.0,11.669293195922938
208,2022-06-29,15.425660461104258,47163,1,-7.55020744327056,21.50169827970363,15.217226169293296,15.631186889762283,-8.412320289718005,-8.412320289718005,-8.412320289718005,0.0,0.0,0.0,0.0,0.0,0.0,0.0,0.0,0.0,-8.412320289718005,-8.412320289718005,-8.412320289718005,0.0,0.0,0.0,7.013340171386252
209,2022-06-30,15.21571063440406,47163,1,-12.174772111219767,16.794942262211976,14.996792995475063,15.438799790653654,-12.514302341388765,-12.514302341388765,-12.514302341388765,0.0,0.0,0.0,0.0,0.0,0.0,0.0,0.0,0.0,-12.514302341388765,-12.514302341388765,-12.514302341388765,0.0,0.0,0.0,2.7014082930152945
210,2022-07-01,15.00881549159937,47163,1,-10.229643467622605,19.534283533349836,14.781804467707087,15.244170761307009,-9.99451978491271,-9.99451978491271,-9.99451978491271,0.0,0.0,0.0,0.0,0.0,0.0,0.0,0.0,0.0,-9.99451978491271,-9.99451978491271,-9.99451978491271,0.0,0.0,0.0,5.01429570668666
211,2022-07-02,14.804930614526972,47163,1,8.999348147532107,37.874723638141326,14.565388502678589,15.048358715533283,8.747484695767941,8.747484695767941,8.747484695767941,0.0,0.0,0.0,0.0,0.0,0.0,0.0,0.0,0.0,8.747484695767941,8.747484695767941,8.747484695767941,0.0,0.0,0.0,23.55241531029491
212,2022-07-03,14.604012230150046,47163,1,17.160652212333535,46.420679124198514,14.34880596699514,14.863120123679442,17.29096920445655,17.29096920445655,17.29096920445655,0.0,0.0,0.0,0.0,0.0,0.0,0.0,0.0,0.0,17.29096920445655,17.29096920445655,17.29096920445655,0.0,0.0,0.0,31.8949814346066
213,2022-07-04,14.406017201210378,47163,1,7.27076284066309,37.40885096427257,14.135448250690496,14.674918825330927,8.852105364338167,8.852105364338167,8.852105364338167,0.0,0.0,0.0,0.0,0.0,0.0,0.0,0.0,0.0,8.852105364338167,8.852105364338167,8.852105364338167,0.0,0.0,0.0,23.258122565548547
214,2022-07-05,14.21090301701548,47163,1,-4.64881240210332,25.34056614542471,13.92529915985823,14.491834058961363,-3.9694168485558117,-3.9694168485558117,-3.9694168485558117,0.0,0.0,0.0,0.0,0.0,0.0,0.0,0.0,0.0,-3.9694168485558117,-3.9694168485558117,-3.9694168485558117,0.0,0.0,0.0,10.24148616845967
215,2022-07-06,14.018627784358046,47163,1,-8.996654398521711,20.475162059992865,13.723112088147385,14.310869734621559,-8.41232028971664,-8.41232028971664,-8.41232028971664,0.0,0.0,0.0,0.0,0.0,0.0,0.0,0.0,0.0,-8.41232028971664,-8.41232028971664,-8.41232028971664,0.0,0.0,0.0,5.606307494641406
216,2022-07-07,13.82915021856717,47163,1,-12.90455696735276,16.374922698550638,13.522916504412597,14.132793080260374,-12.51430234139498,-12.51430234139498,-12.51430234139498,0.0,0.0,0.0,0.0,0.0,0.0,0.0,0.0,0.0,-12.51430234139498,-12.51430234139498,-12.51430234139498,0.0,0.0,0.0,1.3148478771721894
217,2022-07-08,13.642429634688131,47163,1,-10.732742612595924,18.311239218447835,13.331006310307723,13.958863750195137,-9.994519784904734,-9.994519784904734,-9.994519784904734,0.0,0.0,0.0,0.0,0.0,0.0,0.0,0.0,0.0,-9.994519784904734,-9.994519784904734,-9.994519784904734,0.0,0.0,0.0,3.6479098497833977
218,2022-07-09,13.45842593878957,47163,1,7.835658370007042,36.85843935985507,13.139463498727455,13.78927901194315,8.747484695781745,8.747484695781745,8.747484695781745,0.0,0.0,0.0,0.0,0.0,0.0,0.0,0.0,0.0,8.747484695781745,8.747484695781745,8.747484695781745,0.0,0.0,0.0,22.205910634571318
219,2022-07-10,13.277099619396315,47163,1,16.56208964993847,44.33461642025729,12.947749927480722,13.628827878170663,17.290969204454786,17.290969204454786,17.290969204454786,0.0,0.0,0.0,0.0,0.0,0.0,0.0,0.0,0.0,17.290969204454786,17.290969204454786,17.290969204454786,0.0,0.0,0.0,30.5680688238511
220,2022-07-11,13.098411739045561,47163,1,6.557565696863376,36.302659932519056,12.760876763477032,13.462520646189805,8.852105364385894,8.852105364385894,8.852105364385894,0.0,0.0,0.0,0.0,0.0,0.0,0.0,0.0,0.0,8.852105364385894,8.852105364385894,8.852105364385894,0.0,0.0,0.0,21.950517103431455
221,2022-07-12,12.922323925965253,47163,1,-4.85433116141047,23.260215923544806,12.57726507056344,13.295548273229706,-3.969416848560155,-3.969416848560155,-3.969416848560155,0.0,0.0,0.0,0.0,0.0,0.0,0.0,0.0,0.0,-3.969416848560155,-3.969416848560155,-3.969416848560155,0.0,0.0,0.0,8.952907077405099
222,2022-07-13,12.7487983658723,47163,1,-10.210717734991567,19.46971241300582,12.38751416138117,13.127369635318297,-8.412320289726491,-8.412320289726491,-8.412320289726491,0.0,0.0,0.0,0.0,0.0,0.0,0.0,0.0,0.0,-8.412320289726491,-8.412320289726491,-8.412320289726491,0.0,0.0,0.0,4.336478076145809
223,2022-07-14,12.577797793889536,47163,1,-14.696802844805937,15.421038842167215,12.207566885874874,12.969393977767703,-12.514302341391206,-12.514302341391206,-12.514302341391206,0.0,0.0,0.0,0.0,0.0,0.0,0.0,0.0,0.0,-12.514302341391206,-12.514302341391206,-12.514302341391206,0.0,0.0,0.0,0.06349545249833
224,2022-07-15,12.409285486579067,47163,1,-11.785066286120397,17.743167469100232,12.028884107483593,12.81410646505066,-9.99451978489337,-9.99451978489337,-9.99451978489337,0.0,0.0,0.0,0.0,0.0,0.0,0.0,0.0,0.0,-9.99451978489337,-9.99451978489337,-9.99451978489337,0.0,0.0,0.0,2.414765701685697
225,2022-07-16,12.243225254091007,47163,1,6.800565010417089,35.950428180800635,11.851897461141585,12.659283101080867,8.747484695720916,8.747484695720916,8.747484695720916,0.0,0.0,0.0,0.0,0.0,0.0,0.0,0.0,0.0,8.747484695720916,8.747484695720916,8.747484695720916,0.0,0.0,0.0,20.990709949811922
226,2022-07-17,12.0795814324254,47163,1,13.956372613989416,42.47208243523399,11.673272878713487,12.51253013462922,17.290969204453017,17.290969204453017,17.290969204453017,0.0,0.0,0.0,0.0,0.0,0.0,0.0,0.0,0.0,17.290969204453017,17.290969204453017,17.290969204453017,0.0,0.0,0.0,29.370550636878416
227,2022-07-18,11.91831887580595,47163,1,6.445746948373881,34.40557466961284,11.494105145507218,12.360910899433007,8.852105364377909,8.852105364377909,8.852105364377909,0.0,0.0,0.0,0.0,0.0,0.0,0.0,0.0,0.0,8.852105364377909,8.852105364377909,8.852105364377909,0.0,0.0,0.0,20.770424240183857
228,2022-07-19,11.75940294916401,47163,1,-6.303892290599713,22.17381764448848,11.330911908047804,12.213481002106816,-3.9694168485341668,-3.9694168485341668,-3.9694168485341668,0.0,0.0,0.0,0.0,0.0,0.0,0.0,0.0,0.0,-3.9694168485341668,-3.9694168485341668,-3.9694168485341668,0.0,0.0,0.0,7.789986100629843
229,2022-07-20,11.602799520731176,47163,1,-11.193449907700634,17.812694148584548,11.162809415303506,12.070606907253556,-8.412320289725121,-8.412320289725121,-8.412320289725121,0.0,0.0,0.0,0.0,0.0,0.0,0.0,0.0,0.0,-8.412320289725121,-8.412320289725121,-8.412320289725121,0.0,0.0,0.0,3.190479231006055
230,2022-07-21,11.448474954738847,47163,1,-15.927799116950776,12.61912660647199,10.994873410250758,11.929587087266118,-12.514302341397421,-12.514302341397421,-12.514302341397421,0.0,0.0,0.0,0.0,0.0,0.0,0.0,0.0,0.0,-12.514302341397421,-12.514302341397421,-12.514302341397421,0.0,0.0,0.0,-1.0658273866585741
231,2022-07-22,11.296396104223259,47163,1,-13.898259264454886,15.880666335644888,10.830845949106411,11.78842232549994,-9.994519784933571,-9.994519784933571,-9.994519784933571,0.0,0.0,0.0,0.0,0.0,0.0,0.0,0.0,0.0,-9.994519784933571,-9.994519784933571,-9.994519784933571,0.0,0.0,0.0,1.301876319289688
232,2022-07-23,11.146530303934721,47163,1,5.3075773777357655,34.4820117322024,10.6715129785199,11.643408373387075,8.747484695733608,8.747484695733608,8.747484695733608,0.0,0.0,0.0,0.0,0.0,0.0,0.0,0.0,0.0,8.747484695733608,8.747484695733608,8.747484695733608,0.0,0.0,0.0,19.89401499966833
233,2022-07-24,10.998845363349071,47163,1,13.328082494613547,42.69849479133767,10.514793301135882,11.506453038269456,17.29096920445402,17.29096920445402,17.29096920445402,0.0,0.0,0.0,0.0,0.0,0.0,0.0,0.0,0.0,17.29096920445402,17.29096920445402,17.29096920445402,0.0,0.0,0.0,28.28981456780309
234,2022-07-25,10.853309559780442,47163,1,4.720208906998676,33.88240394777526,10.364313508729468,11.372214232722934,8.852105364362712,8.852105364362712,8.852105364362712,0.0,0.0,0.0,0.0,0.0,0.0,0.0,0.0,0.0,8.852105364362712,8.852105364362712,8.852105364362712,0.0,0.0,0.0,19.705414924143156
235,2022-07-26,10.709891631593333,47163,1,-7.352114874685644,21.921869727504266,10.208974886271578,11.23516528394164,-3.9694168485385113,-3.9694168485385113,-3.9694168485385113,0.0,0.0,0.0,0.0,0.0,0.0,0.0,0.0,0.0,-3.9694168485385113,-3.9694168485385113,-3.9694168485385113,0.0,0.0,0.0,6.740474783054822
236,2022-07-27,10.568560771513104,47163,1,-12.756691648252502,16.60149173976644,10.057465909420724,11.10099044819126,-8.412320289713037,-8.412320289713037,-8.412320289713037,0.0,0.0,0.0,0.0,0.0,0.0,0.0,0.0,0.0,-8.412320289713037,-8.412320289713037,-8.412320289713037,0.0,0.0,0.0,2.156240481800067
237,2022-07-28,10.429286620032997,47163,1,-16.626124452247595,13.618243220055506,9.910541095250679,10.970766720803256,-12.514302341403637,-12.514302341403637,-12.514302341403637,0.0,0.0,0.0,0.0,0.0,0.0,0.0,0.0,0.0,-12.514302341403637,-12.514302341403637,-12.514302341403637,0.0,0.0,0.0,-2.08501572137064
238,2022-07-29,10.292039258916574,47163,1,-13.338006316012377,15.773951212511344,9.76859190659807,10.842430672871096,-9.994519784922206,-9.994519784922206,-9.994519784922206,0.0,0.0,0.0,0.0,0.0,0.0,0.0,0.0,0.0,-9.994519784922206,-9.994519784922206,-9.994519784922206,0.0,0.0,0.0,0.2975194739943685
239,2022-07-30,10.156789204794261,47163,1,4.6569226024305195,32.89124481083842,9.626500360404824,10.716674248285665,8.747484695747413,8.747484695747413,8.747484695747413,0.0,0.0,0.0,0.0,0.0,0.0,0.0,0.0,0.0,8.747484695747413,8.747484695747413,8.747484695747413,0.0,0.0,0.0,18.904273900541675
240,2022-07-31,10.023507402852207,47163,1,12.729971052688555,42.08054924849098,9.484163615253635,10.590609257963774,17.29096920445225,17.29096920445225,17.29096920445225,0.0,0.0,0.0,0.0,0.0,0.0,0.0,0.0,0.0,17.29096920445225,17.29096920445225,17.29096920445225,0.0,0.0,0.0,27.314476607304456
241,2022-08-01,9.892165220612938,47163,1,5.263442926751824,32.95338109051582,9.348596898279393,10.466165246517678,8.852105364354728,8.852105364354728,8.852105364354728,0.0,0.0,0.0,0.0,0.0,0.0,0.0,0.0,0.0,8.852105364354728,8.852105364354728,8.852105364354728,0.0,0.0,0.0,18.744270584967666
242,2022-08-02,9.762734441805437,47163,1,-7.903584911992011,21.33541378194447,9.218015476721579,10.341615256831128,-3.9694168485428536,-3.9694168485428536,-3.9694168485428536,0.0,0.0,0.0,0.0,0.0,0.0,0.0,0.0,0.0,-3.9694168485428536,-3.9694168485428536,-3.9694168485428536,0.0,0.0,0.0,5.793317593262583
243,2022-08-03,9.63518726032432,47163,1,-13.359410373181174,15.288553006139557,9.082980471779097,10.22133303770449,-8.41232028971167,-8.41232028971167,-8.41232028971167,0.0,0.0,0.0,0.0,0.0,0.0,0.0,0.0,0.0,-8.41232028971167,-8.41232028971167,-8.41232028971167,0.0,0.0,0.0,1.2228669706126514
244,2022-08-04,9.509496274276321,47163,1,-18.103951999684373,11.504959748598758,8.953672464823548,10.101696563995228,-12.514302341399864,-12.514302341399864,-12.514302341399864,0.0,0.0,0.0,0.0,0.0,0.0,0.0,0.0,0.0,-12.514302341399864,-12.514302341399864,-12.514302341399864,0.0,0.0,0.0,-3.0048060671235426
245,2022-08-05,9.385634480112811,47163,1,-16.546252406120573,12.560680107001142,8.826380202749176,9.982896029072688,-9.994519784921005,-9.994519784921005,-9.994519784921005,0.0,0.0,0.0,0.0,0.0,0.0,0.0,0.0,0.0,-9.994519784921005,-9.994519784921005,-9.994519784921005,0.0,0.0,0.0,-0.6088853048081937
246,2022-08-06,9.263575266847454,47163,1,3.4043650506993823,32.93985612236489,8.699686743535576,9.865846572458237,8.74748469576122,8.74748469576122,8.74748469576122,0.0,0.0,0.0,0.0,0.0,0.0,0.0,0.0,0.0,8.74748469576122,8.74748469576122,8.74748469576122,0.0,0.0,0.0,18.011059962608673
247,2022-08-07,9.143292410357345,47163,1,11.91278614761599,42.38435586455076,8.57190889027619,9.750284082551895,17.290969204455713,17.290969204455713,17.290969204455713,0.0,0.0,0.0,0.0,0.0,0.0,0.0,0.0,0.0,17.290969204455713,17.290969204455713,17.290969204455713,0.0,0.0,0.0,26.43426161481306
248,2022-08-08,9.024760067766826,47163,1,3.4208700107293795,33.286409469188385,8.445728863422135,9.63813051162123,8.85210536434674,8.85210536434674,8.85210536434674,0.0,0.0,0.0,0.0,0.0,0.0,0.0,0.0,0.0,8.85210536434674,8.85210536434674,8.85210536434674,0.0,0.0,0.0,17.876865432113565
249,2022-08-09,8.907952771912505,47163,1,-8.82765505664716,20.312077029997162,8.321060566110866,9.526149332417852,-3.96941684855231,-3.96941684855231,-3.96941684855231,0.0,0.0,0.0,0.0,0.0,0.0,0.0,0.0,0.0,-3.96941684855231,-3.96941684855231,-3.96941684855231,0.0,0.0,0.0,4.938535923360195
250,2022-08-10,8.79284542588837,47163,1,-13.95446376623782,15.052620099517737,8.198442144581795,9.415316973197815,-8.41232028971591,-8.41232028971591,-8.41232028971591,0.0,0.0,0.0,0.0,0.0,0.0,0.0,0.0,0.0,-8.41232028971591,-8.41232028971591,-8.41232028971591,0.0,0.0,0.0,0.3805251361724604
251,2022-08-11,8.67941329767007,47163,1,-17.987096357444344,10.97311127545687,8.079079032802234,9.310359330568335,-12.51430234140608,-12.51430234140608,-12.51430234140608,0.0,0.0,0.0,0.0,0.0,0.0,0.0,0.0,0.0,-12.51430234140608,-12.51430234140608,-12.51430234140608,0.0,0.0,0.0,-3.834889043736009
252,2022-08-12,8.567632014816795,47163,1,-16.136036635966715,12.239166951580103,7.96807852004554,9.203926809191998,-9.994519784957818,-9.994519784957818,-9.994519784957818,0.0,0.0,0.0,0.0,0.0,0.0,0.0,0.0,0.0,-9.994519784957818,-9.994519784957818,-9.994519784957818,0.0,0.0,0.0,-1.4268877701410236
253,2022-08-13,8.457477559250112,47163,1,1.7860818562995178,32.12018362895168,7.859816442707736,9.108729522627584,8.747484695775023,8.747484695775023,8.747484695775023,0.0,0.0,0.0,0.0,0.0,0.0,0.0,0.0,0.0,8.747484695775023,8.747484695775023,8.747484695775023,0.0,0.0,0.0,17.204962255025137
254,2022-08-14,8.348926262108215,47163,1,11.121110043648263,40.04878892837256,7.7458645840141145,8.997750857575348,17.290969204453948,17.290969204453948,17.290969204453948,0.0,0.0,0.0,0.0,0.0,0.0,0.0,0.0,0.0,17.290969204453948,17.290969204453948,17.290969204453948,0.0,0.0,0.0,25.639895466562162
255,2022-08-15,8.2419547986749,47163,1,2.964859847277618,31.822031331853893,7.628797757652527,8.895972549477657,8.852105364331543,8.852105364331543,8.852105364331543,0.0,0.0,0.0,0.0,0.0,0.0,0.0,0.0,0.0,8.852105364331543,8.852105364331543,8.852105364331543,0.0,0.0,0.0,17.094060163006443
256,2022-08-16,8.1365401833818,47163,1,-10.323693266982982,20.16323794213027,7.515055708237991,8.796831738011077,-3.96941684855154,-3.96941684855154,-3.96941684855154,0.0,0.0,0.0,0.0,0.0,0.0,0.0,0.0,0.0,-3.96941684855154,-3.96941684855154,-3.96941684855154,0.0,0.0,0.0,4.1671233348302605
257,2022-08-17,8.032659764883197,47163,1,-15.254058710626468,14.149687453994975,7.410693568332531,8.702252057842813,-8.412320289720151,-8.412320289720151,-8.412320289720151,0.0,0.0,0.0,0.0,0.0,0.0,0.0,0.0,0.0,-8.412320289720151,-8.412320289720151,-8.412320289720151,0.0,0.0,0.0,-0.3796605248369538
258,2022-08-18,7.930291221202026,47163,1,-19.059530203690855,10.876973545695842,7.299970718823722,8.607384690175527,-12.514302341394314,-12.514302341394314,-12.514302341394314,0.0,0.0,0.0,0.0,0.0,0.0,0.0,0.0,0.0,-12.514302341394314,-12.514302341394314,-12.514302341394314,0.0,0.0,0.0,-4.584011120192288
259,2022-08-19,7.829412554946357,47163,1,-16.46812600190031,10.46288836568538,7.192004052156909,8.50765835052054,-9.99451978494984,-9.99451978494984,-9.99451978494984,0.0,0.0,0.0,0.0,0.0,0.0,0.0,0.0,0.0,-9.99451978494984,-9.99451978494984,-9.99451978494984,0.0,0.0,0.0,-2.1651072300034837
260,2022-08-20,7.730002088595028,47163,1,3.193282937788063,32.17227523804516,7.083893225175443,8.405855671973681,8.747484695787717,8.747484695787717,8.747484695787717,0.0,0.0,0.0,0.0,0.0,0.0,0.0,0.0,0.0,8.747484695787717,8.747484695787717,8.747484695787717,0.0,0.0,0.0,16.477486784382744
261,2022-08-21,7.632038459851746,47163,1,10.620497732215483,39.78976876245674,6.981403065346539,8.31180392896504,17.290969204453564,17.290969204453564,17.290969204453564,0.0,0.0,0.0,0.0,0.0,0.0,0.0,0.0,0.0,17.290969204453564,17.290969204453564,17.290969204453564,0.0,0.0,0.0,24.92300766430531
262,2022-08-22,7.535500617066404,47163,1,2.663880331229964,30.569935823727814,6.882060368596757,8.215183717500468,8.852105364382878,8.852105364382878,8.852105364382878,0.0,0.0,0.0,0.0,0.0,0.0,0.0,0.0,0.0,8.852105364382878,8.852105364382878,8.852105364382878,0.0,0.0,0.0,16.387605981449283
263,2022-08-23,7.4403678147227525,47163,1,-11.105475638206968,18.339075776997635,6.780545967815186,8.121165834563941,-3.9694168485306665,-3.9694168485306665,-3.9694168485306665,0.0,0.0,0.0,0.0,0.0,0.0,0.0,0.0,0.0,-3.9694168485306665,-3.9694168485306665,-3.9694168485306665,0.0,0.0,0.0,3.470950966192086
264,2022-08-24,7.346619608991584,47163,1,-16.27686152155875,14.05419902930334,6.68204690124655,8.035847977903746,-8.412320289724393,-8.412320289724393,-8.412320289724393,0.0,0.0,0.0,0.0,0.0,0.0,0.0,0.0,0.0,-8.412320289724393,-8.412320289724393,-8.412320289724393,0.0,0.0,0.0,-1.0657006807328093
265,2022-08-25,7.254235853348193,47163,1,-19.56002959742757,9.950630765340438,6.588022373350135,7.935956703148685,-12.514302341400528,-12.514302341400528,-12.514302341400528,0.0,0.0,0.0,0.0,0.0,0.0,0.0,0.0,0.0,-12.514302341400528,-12.514302341400528,-12.514302341400528,0.0,0.0,0.0,-5.260066488052335
266,2022-08-26,7.163196694253553,47163,1,-17.30710266275886,12.288644818058776,6.49333882899588,7.855670445248654,-9.994519784938475,-9.994519784938475,-9.994519784938475,0.0,0.0,0.0,0.0,0.0,0.0,0.0,0.0,0.0,-9.994519784938475,-9.994519784938475,-9.994519784938475,0.0,0.0,0.0,-2.831323090684922
267,2022-08-27,7.073482566897907,47163,1,2.160508514105684,30.31645007529074,6.398056824404732,7.762880851127053,8.747484695802635,8.747484695802635,8.747484695802635,0.0,0.0,0.0,0.0,0.0,0.0,0.0,0.0,0.0,8.747484695802635,8.747484695802635,8.747484695802635,0.0,0.0,0.0,15.820967262700542
268,2022-08-28,6.985074191006236,47163,1,9.312466321003814,38.49157727645662,6.3047887685924975,7.6733059231237934,17.29096920445318,17.29096920445318,17.29096920445318,0.0,0.0,0.0,0.0,0.0,0.0,0.0,0.0,0.0,17.29096920445318,17.29096920445318,17.29096920445318,0.0,0.0,0.0,24.276043395459418
269,2022-08-29,6.897952566704439,47163,1,0.7645303403468295,30.333666105794112,6.219510654606742,7.595575089892009,8.852105364367675,8.852105364367675,8.852105364367675,0.0,0.0,0.0,0.0,0.0,0.0,0.0,0.0,0.0,8.852105364367675,8.852105364367675,8.852105364367675,0.0,0.0,0.0,15.750057931072114
270,2022-08-30,6.812098970445386,47163,1,-11.121927919603156,16.892514213964763,6.133417535606023,7.512569724836729,-3.969416848535009,-3.969416848535009,-3.969416848535009,0.0,0.0,0.0,0.0,0.0,0.0,0.0,0.0,0.0,-3.969416848535009,-3.969416848535009,-3.969416848535009,0.0,0.0,0.0,2.842682121910377
271,2022-08-31,6.7274949509943065,47163,1,-15.892000160481583,12.681423130734528,6.048881152302668,7.42428499934583,-8.412320289723025,-8.412320289723025,-8.412320289723025,0.0,0.0,0.0,0.0,0.0,0.0,0.0,0.0,0.0,-8.412320289723025,-8.412320289723025,-8.412320289723025,0.0,0.0,0.0,-1.6848253387287189
272,2022-09-01,6.6441223254719874,47163,1,-20.82419511038182,8.132681253299946,5.961544623139299,7.339821257589068,-12.514302341396757,-12.514302341396757,-12.514302341396757,0.0,0.0,0.0,0.0,0.0,0.0,0.0,0.0,0.0,-12.514302341396757,-12.514302341396757,-12.514302341396757,0.0,0.0,0.0,-5.8701800159247695
273,2022-09-02,6.561963175455747,47163,1,-19.04393710106047,11.133208616554002,5.87712390987294,7.255489615102553,-9.994519784927114,-9.994519784927114,-9.994519784927114,0.0,0.0,0.0,0.0,0.0,0.0,0.0,0.0,0.0,-9.994519784927114,-9.994519784927114,-9.994519784927114,0.0,0.0,0.0,-3.4325566094713666
274,2022-09-03,6.4809998431367015,47163,1,1.3401768833707812,29.213581121653476,5.798024821729851,7.175547786823884,8.74748469574069,8.74748469574069,8.74748469574069,0.0,0.0,0.0,0.0,0.0,0.0,0.0,0.0,0.0,8.74748469574069,8.74748469574069,8.74748469574069,0.0,0.0,0.0,15.228484538877392
275,2022-09-04,6.401214927532815,47163,1,7.837762503945731,37.740936325277126,5.718765671043971,7.096087913262333,17.2909692044528,17.2909692044528,17.2909692044528,0.0,0.0,0.0,0.0,0.0,0.0,0.0,0.0,0.0,17.2909692044528,17.2909692044528,17.2909692044528,0.0,0.0,0.0,23.692184131985616
