Sales,Date,Gap,PriceMax,PriceMin,Rawg,Youtube,TwitchPChannel,TwitchPViewer,MCUserScore,MCCriticScore,MCUserRatings,MCMediaRatings,SteamCCU,SteamComments,SteamFollowers,Douban,Google Trends
75000000,41961,1637,60,15,9063,813421,5847,304053,8.3,97,10853,137,364548,610616,1949811,16544,2.272727273
50000000,42814,457,30,15,3512,69046,6473,579861,5.1,86,1719,83,3257248,1179919,2810563,4390,25
38171428.57,42314,1210,60,10,3150,367258,4443,167067,4.8,81,4187,112,63681,65393,230265,1536,1.086956522
31114285.71,41946,1578,60,15,1636,617510,87,30640,5.7,83,3704,110,12675,8359,87524,2162,12.5
30000000,43700,378,60,60,708,951957,13777,451470,3.7,81,13785,127,,,,1076,6.25
26500000,43399,339,60,48,4239,175002,8785,382860,8.1,97,10991,131,51403,18760,90787,5889,33.33333333
24000000,43004,344,60,7.5,1370,543622,1550,143683,6,84,1681,124,,,,693,25
21300000,42318,1206,60,30,5535,973227,791,144758,6.6,88,15283,135,472962,174988,852390,4486,100
20000000,42143,1486,60,12,7378,270112,700,41007,9.4,93,32008,124,92268,264703,604830,1361,11.11111111
19428571.43,42678,846,60,20,896,207935,1331,116685,3.8,78,2664,121,15417,9083,61279,1189,3.333333333
19010000,42853,885,60,42,709,133081,377,186246,8.6,92,1544,95,,,,3000,3.846153846
18643807,41499,885,30,1,5945,249917,294,37545,3.7,79,3673,51,247709,398595,6294068,617,7.142857143
16666666,43042,50,60,24,1847,185548,2811,170705,4.3,80,2543,125,19406,13656,252170,1548,0.84
16250000,42500,1106,60,10,4355,162276,739,102374,8.4,93,9875,113,,,,685,9.090909091
15710000,43441,297,60,60,610,314587,3619,271926,8.7,93,2082,99,,,,1743,0
15380000,43035,703,60,40,1178,240726,1047,209812,8.9,97,4418,113,,,,8254,2.040816327
14540000,42797,941,60,42,1865,278949,1408,191576,8.6,97,12952,109,,,,17540,1.818181818
14100000,43126,623,60,20,2590,243322,5262,169921,7.6,90,2385,144,97088,156090,376174,3561,14.28571429
13200000,43350,346,60,20,3405,170615,4397,233622,8.6,87,3860,116,,,,1849,0
13000000,44175,1,60,60,3473,375867,35125,1140960,7.1,86,35323,112,1054388,259357,982459,3859,100
12000000,43350,248,60,10,395,94025,2267,47830,4.3,83,642,80,29202,18850,37352,579,4.166666667
11770000,43910,11,60,60,148,25094,4403,232808,5.4,91,3166,63,,,,4275,7.692307692
11280000,43420,271,60,60,224,166773,1601,161172,6,80,2416,162,,,,1594,4.545454545
11000000,42108,1453,60,7,3748,449258,235,105232,7.8,86,1896,112,15743,33027,98494,274,16.66666667
11000000,42472,1258,20,9,2791,93860,117,173332,8.6,85,1716,101,,,,714,0.77
10500000,42192,613,60,10,5308,342106,1518,207485,8.5,87,3008,124,103129,340161,596655,259,5.263157895
10000000,42916,593,40,20,1049,140293,364,158305,8.5,80,1468,148,3755,4622,60939,78,0.34
10000000,43210,396,60,10,4609,273006,5006,292083,9.1,94,10849,118,,,,5007,20
10000000,42794,730,60,10,4562,209361,1658,143742,8.4,89,7221,115,,,,2795,9.090909091
10000000,42993,322,60,10,373,177247,1847,61960,4.3,87,1225,91,25432,17574,58964,594,5.882352941
10000000,41849,1757,60,6,4139,129989,0,37803,9.1,95,7617,69,,,,7674,0.57
10000000,41709,571,60,5,956,420593,44,29807,6.7,86,4218,97,,,,1579,12.5
9280000,42937,801,60,40,305,175653,944,171642,8.5,83,1028,100,,,,2646,2.631578947
9147240,41619,1663,35,23,2433,128558,755,57838,6.2,69,386,11,93595,354531,696618,112,8.333333333
9000000,41786,158,60,3,3431,644140,81,11645,6.4,80,7344,113,47887,23164,82390,2452,20
8500000,42629,321,60,15,589,179288,1778,42215,6.3,90,486,70,14905,8446,47357,758,6.666666667
8500000,41733,1058,20,8,2070,322226,331,151951,5.8,71,2493,64,32498,57056,305790,115,2.040816327
8500000,41337,1021,30,3,6536,475705,200,112845,8.4,86,4077,18,29244,106253,132971,7593,14.28571429
8400000,42703,713,60,18,2467,267796,3562,110368,7.8,83,4738,122,,,,2292,4.166666667
8200000,44047,51,20,20,0,,,,7.4,80,278,23,172213,201930,432712,0,0
8000000,43025,499,60,20,993,174485,65,13699,6.1,75,1489,83,,,,256,1.960784314
8000000,43784,77,60,30,2839,461886,2908,213434,8.2,81,5242,135,46550,51817,161291,1446,3.125
7590000,43378,360,60,42,146,123679,319,52103,7.5,76,393,84,,,,1146,1.041666667
7500000,43910,270,59.99,19.79,2699,419222,4226,142156,8.7,88,7870,186,104891,98882,192892,674,5.882352941
7000000,43721,17,60,30,513,52118,7217,360940,5.6,82,3195,116,,,,469,16.66666667
7000000,42668,1522,50,8,566,421671,306,23590,7.6,78,531,104,19416,17649,130723,195,1.923076923
7000000,42674,372,19,18,21,82363,183,56534,7.9,85,536,66,51650,29489,190576,632,6.666666667
7000000,42397,670,60,9,4564,86822,461,120955,8,86,2790,147,44588,62900,345877,5079,2.43902439
6800000,42759,977,60,15,2205,150371,92,224481,7.9,86,3701,136,20449,13442,170069,2699,9.090909091
6500000,44147,248,59.99,34.99,702,532913,1735,168427,7.5,85,1986,111,,,,518,0
6007744,41334,1948,15,4,3707,3242,83,22994,8.6,74,576,24,121575,110485,271019,302,0.56
6000000,42157,416,50,17,1456,175098,815,57668,5.3,70,443,51,83446,250427,1052120,402,4.166666667
6000000,44281,30,59.99,59.99,65,20903,3449,129838,9.1,88,515,117,,,,1035,1.265822785
6000000,43714,24,60,20,106,76250,3034,57229,1.4,80,1245,73,31410,9678,23944,131,3.571428571
6000000,43784,3,60,60,69,18284,4413,184716,4.1,80,6573,121,,,,490,11.11111111
6000000,44229,46,20,20,573,1345,5318,188959,8.7,0,0,0,502387,165563,279814,4,12.5
5982548,41290,1992,25,5,2371,87626,516,41378,8.7,79,1202,18,48356,229941,417587,1042,2.857142857
5590000,44239,47,59.99,59.99,120,449095,328,33145,8.5,89,396,119,,,,602,0.02
5500000,42327,719,40,12,2215,133670,67,5207,6.9,78,2939,122,4729,10936,167085,2645,1.098901099
5500000,42663,1021,60,15,2204,39634,449,68833,8,88,1214,115,162657,49569,489938,5010,0.52
5370000,43769,61,60,60,158,127541,985,53972,8.7,86,737,103,,,,763,0.5
5300000,43220,190,20,12,1450,149356,276,53419,7.3,83,326,23,25874,141324,521384,602,7.142857143
5275914,41505,190,20,4,3550,168681,100,8832,7.4,86,1705,45,42270,62234,67579,932,1.315789474
5210000,44092,12,60,60,72,88004,1571,45152,6.3,82,515,97,,,,112,0.11
5000000,42178,111,60,5,4456,299080,137,12640,7.8,87,6329,119,27406,51641,128153,2197,7.692307692
5000000,43007,731,20,14,2245,164130,900,184477,8.4,88,2060,142,19026,46831,233444,179,7.142857143
5000000,42031,200,40,14,1989,331407,544,134887,7.9,75,3340,124,45876,117849,461960,1017,12.5
5000000,41961,86,30,7.5,2795,495006,71,4862,7.7,85,3775,115,16963,23815,273062,1760,14.28571429
5000000,42304,92,60,10,1073,137608,289,128338,6.5,84,2837,101,,,,378,0.52
5000000,43494,7,60,20,725,93732,3855,127041,8.3,83,2434,110,,,,251,0.12
5000000,44076,64,60,39,85,364782,6873,112997,1.2,68,692,83,20687,6383,16808,65,2.702702703
5000000,42465,1152,40,10,2997,115445,433,63330,7.1,77,2759,120,2719,10899,102215,1032,3.03030303
5000000,41702,640,40,30,2942,229588,91,29136,8.6,87,2069,55,34811,28407,106334,264,3.571428571
4700000,43490,541,60,20,1087,190048,6488,314244,9,93,4250,137,74277,23616,223795,247,9.090909091
4700000,42055,1315,60,4,2045,94538,18,4011,6.7,63,3552,94,,,,1325,3.225806452
4700000,42969,1005,60,9,1791,79796,211,59504,7.9,84,1123,104,,,,1524,0.62
4654955,41450,124,20,0,3830,43498,37,7590,2.1,80,5724,82,10349,32870,96608,375,1.612903226
4590000,43476,83,60,42,86,70916,41,23701,7.1,80,199,70,,,,466,0
4563627,41358,334,15,7,6778,166104,27,16259,8.6,94,8158,68,1723,89158,114915,3994,10
4500000,41957,968,20,5,2743,64528,35,17603,8.4,83,828,62,3140,46946,279854,5366,1.449275362
4309358,42573,106,15,9,2051,47101,165,26630,7.2,81,404,21,20116,133993,244615,432,10
4200000,43578,66,60,24,830,118247,2195,202719,3.4,86,3010,135,27301,13497,15422,111,4.347826087
4120000,43357,401,60,20,1624,115054,1241,83572,7.4,82,1719,139,5733,13968,160566,147,2.777777778
4100000,43581,203,60,20,795,143316,1857,132741,8,71,4320,109,,,,261,5
4000000,41358,1859,30,10,1093,571337,422,55686,7.5,74,990,38,32582,96647,537160,373,2.325581395
4000000,42472,282,60,15,3891,348785,3238,275893,8.8,89,6250,139,129975,139219,490639,5101,0.45
4000000,41631,1692,45,31,707,354055,413,79522,4,69,211,11,18792,210414,404958,111,10
4000000,43347,64,60,30,485,18611,18,23595,8.7,86,1017,90,11793,3527,46751,938,1.470588235
4000000,42573,698,15,7,1731,43390,115,73386,7.7,73,109,56,29968,49880,285826,1993,0.64
4000000,42166,124,20,4,543,171923,10,1987,7.2,72,185,82,3498,2266,27523,48,2.857142857
4000000,42811,803,60,27,2577,132124,537,130151,8.9,88,4291,113,23908,36378,391876,4416,4
4000000,42888,777,40,12,1027,142706,508,236556,6.8,82,986,113,8118,24894,114072,324,3.846153846
4000000,44001,8,60,60,1289,217288,5893,508463,4.6,94,87987,107,,,,3282,1.176470588
4000000,41779,352,60,6,4285,171643,49,109501,8.2,81,3814,114,2737,31983,111808,667,3.571428571
3930000,43644,94,60,60,166,152230,1028,84896,8.5,88,525,97,,,,384,0.76
3900000,42416,1320,20,8,958,181875,760,212889,3.6,77,1831,113,4422,20397,76419,533,1.030927835
3800000,43546,143,60,39,1745,163669,4679,279037,8,91,3851,131,125315,48353,336343,4322,1.388888889
3700000,44158,1,60,60,24,27888,25786,1135186,5.8,82,906,22,,,,81,0.11
3605148,41774,1508,15,3,2384,7912,19,152739,7.9,85,247,17,1370,51672,126668,1018,0.55
3600000,42503,217,60,10,5206,316336,1704,169268,8.5,87,5463,196,5623,88882,320474,974,14.28571429
3600000,42962,350,10,4,2740,108353,233,216515,8.3,93,4819,69,2412,109323,282982,2169,6.666666667
3571428.571,43186,5,60,15,2294,218459,2864,258270,6.8,82,2822,146,17762,41861,324672,1345,12.5
3500000,43126,280,60,15,680,190212,1894,241067,8.1,88,756,130,5400,17762,120312,278,3.03030303
3500000,43931,3,60,60,754,15012,9298,216303,8,88,3428,106,,,,685,1.19047619
3500000,44288,48,59.99,59.99,176,80418,6624,178757,7.1,74,1349,123,125143,33471,120657,47,6.666666667
3500000,42426,693,15,9,3140,69373,479,50884,8.8,89,1480,65,24919,177195,443663,4435,10
3250000,42073,735,30,7.5,3078,152842,109,29307,8.9,85,1668,60,24892,92543,391238,162,4.166666667
3200000,43245,497,20,8,2897,138020,856,236767,8.7,78,3158,104,,,,7082,3.571428571
3130000,43728,10,60,60,159,28672,1006,57713,8.5,87,641,106,,,,1201,0.02
3010000,42797,849,50,35,55,457838,14,15355,4.8,58,422,63,,,,716,0.02
3000000,42087,1513,60,7,3897,306124,476,245345,8.9,92,8820,100,,,,3857,12.5
3000000,42556,426,25,8,2007,19892,159,129390,7.8,77,489,73,263,5446,40924,86,0.65
3000000,43718,3,60,30,1066,35164,2273,57682,8.6,84,2484,109,9878,7351,57252,291,4.166666667
3000000,43802,11,40,40,1659,7283,3441,136672,7.5,85,1484,69,161024,39167,343442,295,0.32
3000000,44155,4,60,60,18,15137,512,17498,8,79,165,69,,,,186,0.5
3000000,42297,576,80,0,6874,70557,69,21098,8.6,85,3923,42,18260,129210,254064,7093,2.857142857
3000000,44079,63,60,60,480,554723,2454,202263,5.1,68,2591,126,31165,9855,81842,128,0.33
3000000,42248,21,60,9,5119,312740,149,9967,8.2,95,8289,109,4048,48676,244598,3555,1.369863014
3000000,42873,1386,19.99,7,1738,66366,101,7003,8,77,126,55,6545,13901,168485,245,0.84
3000000,44323,4,69.99,69.99,157,148358,15148,654601,8.8,86,1307,544,106631,14720,83296,502,9.090909091
3000000,41747,2446,19.99,8.99,2308,1373,92,58789,8,0,45,0,37198,22840,160856,50,0.51
3000000,41926,102,60,5,2204,179825,138,18349,7.5,79,2946,107,556,14120,81645,1611,6.25
2939567,43081,201,20,10,625,60276,56,48314,8.3,69,73,22,485,17201,228417,102,0.62
2820000,44029,75,60,60,64,428506,935,40084,6.9,80,1459,114,,,,481,0.24
2819052,42479,803,10,2.5,1860,14224,57,104100,7.6,84,78,13,853,23835,65683,101,0.15
2800000,42790,720,15,7,2913,32919,147,177178,9,90,1495,59,6665,61820,178801,2918,1.492537313
2750000,42283,679,30,6,1368,24053,215,11021,7.2,80,1986,101,18092,42780,265915,51,2.941176471
2750000,43273,373,60,40,102,85030,348,56535,7.1,75,445,86,,,,607,0.74
2700000,42829,750,60,9,1655,114249,488,45615,8.7,93,3865,98,,,,4221,10
2606575,41935,1347,40,10,970,13363,6,3242,5.5,81,1051,78,1372,18345,148784,415,0.04
2602292,41409,1347,15,7,2932,13075,14,6189,7.6,77,386,28,278,13207,34288,22,0.25
2600000,42822,950,60,10,74,48998,101,17953,6.9,85,152,45,,,,0,0.8
2560000,43175,380,60,40,65,87747,186,24135,7.4,73,410,83,,,,854,0.61
2500000,43532,114,60,30,1477,104305,2636,140428,8.7,89,2966,127,88735,30314,53146,2363,2.702702703
2500000,42684,7,60,40,3103,103009,389,180946,7.9,88,2083,127,3690,29304,217355,1030,4
2500000,42464,1089,15,7,1771,41840,307,139787,8,87,499,89,13043,38532,124823,379,1.136363636
2500000,42640,139,60,25,1050,177766,430,43679,8,91,1377,103,,,,558,3.333333333
2500000,42773,728,60,18,1133,76694,1211,93044,8.5,88,1999,100,10649,11359,129243,1819,5
2500000,42882,1280,30,3,2515,189916,84,16500,7.8,82,20275,122,634,2610,42351,443,1.538461538
2500000,41816,1841,25,10,771,57925,92,191303,8,90,939,74,2875,8848,57294,409,0.72
2460000,43418,106,60,20,492,147632,5476,209140,3.3,53,11993,122,,,,113,16.66666667
2400000,44028,7,60,60,776,145258,5993,312594,9.3,83,10538,95,,,,349,5.88
2400000,42458,1314,60,12,59,37064,72,18101,7.3,85,182,37,,,,0,0.66
2314285.714,42801,7,60,15,1302,105053,1193,87165,6.6,76,1540,122,45704,41787,384138,790,5
2306775,41494,7,10,2,2807,19857,31,41277,8.5,85,1312,40,6129,31223,81392,886,0.11
2300000,43186,586,60,15,64,33075,199,9428,6.4,82,95,35,,,,0,0.7
2290000,43672,66,60,60,226,58015,833,34642,8.7,89,1731,101,,,,1742,3.125
2250000,43224,331,60,41,161,45527,74,166736,8.7,86,462,75,,,,202,0.28
2170000,43756,74,80,80,42,23534,28,27148,8.7,82,140,38,,,,1253,0.41
2157142.857,43035,7,60,15,2552,185879,755,80844,7.4,85,4070,134,6158,41589,296788,3642,2.380952381
2153213,41388,7,15,1,2668,923,6,611,7.7,83,219,47,41750,8192,15719,93,0.01
2147445,41688,1594,20,5,1178,37885,16,10311,8.1,73,677,32,3426,25740,132324,388,2.272727273
2100000,41919,217,40,10,2772,229796,304,29261,8.5,81,3196,115,542,28356,125842,246,5.263157895
2100000,41593,75,40,5,1340,80238,12,573,6.8,73,2266,88,,,,240,0.95
2100000,43137,601,40,10,290,89116,521,147930,7.9,91,1456,100,,,,808,1.785714286
2085605,42514,768,60,15,974,82720,418,40915,7.4,86,724,77,4223,24853,309797,235,2.564102564
2070000,44316,61,59.99,59.99,37,443830,2224,112450,7.9,79,511,112,,,,62,0.46
2070000,44134,152,59.99,59.99,35,165013,7,300,8.4,85,139,92,,,,0,0.14
2000000,43375,7,60,24,1999,144841,1221,105475,6,87,3553,134,31704,40199,161086,3242,1.851851852
2000000,42129,2275,19.99,4.99,2975,34720,98,92867,8.8,84,998,26,7158,60734,235815,193,0.47
2000000,43704,470,40,20,2831,,556,156194,7.3,85,2876,127,9193,9099,71506,1409,0
2000000,42388,703,15,7,2528,22894,242,56136,8.2,85,742,89,19357,57992,241718,713,1.724137931
2000000,43319,289,25,20,1828,64368,342,157015,8.5,91,688,119,6323,36614,215542,1372,1.470588235
2000000,43159,1063,29.99,14.99,1452,45561,209,50328,8.2,85,229,25,36224,75114,1341504,134,0.29
2000000,43846,55,60,60,210,36680,2157,115615,8.3,74,821,112,25852,8069,64587,174,1.923076923
2000000,41919,297,20,9,2014,98561,15,2362,6.3,71,1691,85,,,,447,2.702702703
2000000,42421,1405,30,20,1603,60849,158,21634,9.2,90,385,6,34700,86282,3318855,513,1.515151515
2000000,43423,158,35,25,94,82673,783,44919,7.4,77,84,34,24894,14027,72082,25,1.136363636
2000000,43406,264,50,17,141,50206,89,23685,6.5,86,80,32,75666,9050,49948,267,0.93
2000000,43788,306,50,17,264,117736,127,25275,5.8,84,84,35,189464,14575,57370,185,0.94
2000000,43262,219,45,13,307,96838,1717,202465,7.2,76,305,95,8222,18870,213109,74,3.125
2000000,41353,1533,40,10,1421,31879,58,36181,8.3,88,661,46,19149,62538,254860,482,1.25
2000000,43144,369,30,15,2009,80532,1561,211281,8.1,76,2890,108,13853,51037,322461,41,7.142857143
2000000,41593,1409,40,6,1032,45760,41,1050,6.5,54,1225,83,,,,210,1
2000000,42976,369,60,15,571,,174,48323,8.4,85,1103,104,,,,833,0.13
2000000,44302,92,59.99,39.99,209,181682,2004,41212,7,81,354,51,,,,0,1.923076923
2000000,43038,640,25,7.5,26,48537,127,36489,7.6,77,82,33,8667,11822,80935,22,0.37
2000000,42080,910,15,7,497,1333,5,1634,8.1,74,171,49,24,1586,15323,193,0.28
2000000,42130,539,30,7.5,1064,206947,52,9146,7.1,83,1020,101,933,11714,127958,77,5
2000000,43924,5,60,60,417,24192,5619,291639,6.3,84,2393,122,60293,14199,108709,506,9.090909091
2000000,42370,1153,10,8,965,45640,251,37991,7.7,81,119,17,5138,32712,202013,106,1.724137931
2000000,43006,321,5,2.5,1355,319884,30,41989,7.8,0,49,0,5147,53902,129127,217,0.12
2000000,42425,1124,12,10,2501,49704,168,121305,8,84,604,131,1034,19476,135459,254,0.54
2000000,43763,105,60,45,1512,102776,2045,163569,8.2,85,3417,133,,,,534,2.631578947
2000000,43364,365,20,17,152,255,13,971,7.2,72,516,33,72533,19923,126690,1143,0.01
2000000,42300,791,15,7,1693,17993,173,30508,7.7,79,344,61,377,17738,216135,28,1.886792453
2000000,43035,417,60,12,2404,83880,419,86606,7.8,88,2843,182,2113,18331,108471,706,0.44
1983657,41499,1783,40,8,880,37461,54,9920,8.7,87,1144,34,23109,61425,114315,1174,0.26
1967015,42499,783,40,10,1730,66162,304,32618,8,78,748,57,31038,60819,313323,1132,4.166666667
1900000,42094,1636,60,10,51,29614,14,10762,7.6,80,197,44,,,,0,0.77
1853782,41946,1336,20,5,433,240291,52,42224,7.7,65,119,7,596,27342,153837,48,7.142857143
1851868,41571,1336,5,5,3390,313557,14,1608,7.5,74,1361,17,25017,25749,47713,943,5.263157895
1800000,42881,69,10,4,489,97182,1499,125328,6.2,61,450,48,4743,39296,207910,61,1.818181818
1800000,44223,38,19.99,17.99,7,19367,6,83,0,0,0,0,184171,56369,106018,447,0
1700000,43070,554,60,42,218,86182,246,13177,8.7,83,1620,92,,,,1883,2.272727273
1696896,41392,1890,10,6,1529,11310,11,29563,8,68,1062,21,1565,30698,61046,106,1.785714286
1682734,42691,591,45,13,627,142572,218,57195,7.7,84,362,57,5281,29727,240609,541,1.428571429
1631855,42117,1165,19.99,2,484,23075,12,21255,8.4,68,113,6,682,9852,40108,39,0.25
1566672,41802,1480,10,2,659,62979,20,35871,7.8,67,149,15,732,14032,120553,30,0.77
1516227,41753,1529,30,7.5,1523,5630,12,14577,8,82,507,37,5047,10706,141939,55,0.45
1514177,41570,1529,10,2,1672,,7,2210,7,60,294,19,467,16101,45289,62,1.123595506
1500000,42093,92,40,20,261,25275,22,7616,7.3,74,349,62,184,7708,46108,534,0.29
1500000,42178,1879,25,10,1309,24691,90,122434,8.9,76,774,70,4500,5816,52135,3444,0.29
1500000,42059,21,40,8,553,152576,52,10716,7.7,75,968,71,22850,11126,99307,169,6.666666667
1500000,41730,289,10,2,2440,158841,154,18481,6.6,62,1029,62,293,52886,90854,826,4.347826087
1500000,42871,78,50,20,1239,177082,947,64375,8.2,89,1050,128,1873,5696,40702,286,6.666666667
1500000,41877,232,30,4,84,80090,44,16614,7.9,84,1175,77,5129,32780,71671,390,0.98
1500000,42241,1489,50,10,525,43415,15,2836,7.7,74,197,38,4274,5940,53681,653,0.73
1500000,43014,529,10,5,2054,4202,66,33124,7.7,81,506,97,79,7584,43865,476,0.23
1500000,42990,353,60,15,308,146261,86,29038,7.2,83,527,74,928,0,22855,326,0.25
1500000,43076,467,25,10,1149,9793,213,48164,8,89,400,43,14586,47977,136861,1058,0.6
1498449,41421,467,30,7.5,3890,166386,91,19387,5.8,80,609,17,25574,22282,35039,99,2.222222222
1489602,42635,647,10,0,1699,2463,30,4992,7.6,79,28,10,87,0,96692,0,0.15
1488321.429,43417,2,40,20,792,80624,1346,134470,8.2,83,863,131,4198,6607,28578,7,0.68
1471428.571,41912,7,60,2.5,4928,155796,138,16743,8,87,4907,114,48668,58672,212597,932,0.27
1464229,42425,857,25,6,1565,9154,161,28389,8.5,83,644,29,61093,39229,173811,371,1.5625
1413060,42432,850,10,4,670,49128,744,50609,6.9,73,1458,35,59917,0,122330,51,2.702702703
1400000,41992,766,50,20,582,41878,98,5484,8.4,85,446,62,5392,22724,97354,93,0.54
1400000,42154,1980,20,16.74,278,67519,14,20249,0,0,0,0,7910,43344,222490,13,0.04
1400000,42758,530,40,20,1219,69595,847,174794,6.6,68,339,65,22210,39149,230628,45,4.166666667
1400000,43777,11,60,36,1417,17887,2230,290087,5.3,93,16588,99,,,,1578,10
1400000,43214,366,30,13,1034,54510,689,58338,8.4,84,498,66,5568,33692,281463,987,0.88
1400000,42185,1545,20,0,6,12709,14,611,6.4,61,95,40,,,,23,0.11
1400000,43769,265,60,60,461,77451,751,18590,8.1,95,2176,71,,,,452,6.666666667
1376755,42860,250,60,15,3553,182473,781,162499,8.1,84,2159,128,6298,24753,159862,542,11.11111111
1369504,41767,1515,30,6,577,1630,10,5453,7.2,66,136,7,3214,12983,73731,249,0.2
1358070,41569,1515,6,3,3292,1689,44,3218,8.5,91,519,4,1009,15681,41707,483,5.882352941
1352834,42527,755,40,15,777,103540,126,24555,7.2,83,482,37,46806,64054,195582,52,0.22
1331963,42052,1230,45,9,438,44256,11,838,7.4,80,577,66,4635,18704,116641,28,1.149425287
1330000,43980,69,60,60,77,5873,1,11820,9,89,810,90,,,,522,0.34
1323578,42089,1193,30,18,2198,57224,32,16860,8.3,89,2423,71,2778,14715,159335,412,3.571428571
1301428.571,43018,7,60,16,1857,74770,978,120873,4.1,81,2341,124,68183,31693,267202,578,0.07
1300000,42535,168,10,8,2018,116255,2915,146848,6.7,71,594,54,75044,246991,1008071,85,2.702702703
1300000,42404,3,30,7.5,689,144083,339,34575,8.5,80,485,73,1368,23490,109982,1104,0.86
1300000,42107,861,30,15,1992,65524,243,33607,8.1,77,279,39,7344,58782,446762,512,0.94
1260000,43896,25,60,60,30,11916,420,16927,8.1,68,188,74,,,,27,0.01
1236186,42073,1209,15,4,2586,27115,14,28800,7.6,75,736,85,557,26834,71430,429,0.08
1200000,42902,41,60,42,102,,570,40901,7.1,77,748,97,,,,971,0
1200000,41712,56,10,7.5,1316,243277,54,160027,7.2,91,2535,36,12106,34957,118121,1018,0.43
1200000,42507,652,60,30,850,59965,85,44004,4.4,54,749,103,687,7347,101152,81,0.83
1186829,41458,1824,20,5,2050,14092,14,14223,8.7,81,599,18,885,10525,30024,157,1.25
1181288,42850,285,40,12,139,10568,58,138487,8.1,90,234,75,1368,2847,12842,296,0.13
1180000,43294,261,40,28,132,31431,28,16519,8,82,173,66,,,,683,0.19
1141383,41652,1630,15,4,940,19372,6,26544,6.8,81,192,46,60,4683,17258,88,0.33
1110000,43552,3,60,42,70,58073,155,12884,8,79,244,92,,,,553,0.05
1108262,41438,1844,30,3,1594,1389,15,12457,5.6,62,410,18,60,6210,30828,23,0.35
1100000,43130,600,60,15,98,43980,61,8902,7.4,67,344,66,,,,23,0.2
1100000,43658,28,60,40,92,32498,159,11954,8.1,86,183,87,,,,488,0.71
1100000,44358,37,69.99,69.99,104,141477,1603,135505,8.9,88,1233,122,,,,174,0.05
1100000,43556,365,15,10,409,264916,241,74419,7.5,0,44,0,9206,39711,267642,208,1.075268817
1083514,41583,1699,14,5,1202,26595,14,3416,6.9,79,590,9,85,17775,68678,260,4.347826087
1061209,42297,985,50,13,761,40921,24,19595,7.5,77,497,63,250,6630,136604,198,1.408450704
1052510,42579,703,20,4,330,4942,33,33545,8.5,77,42,10,522,19181,104566,39,0.08
1040000,42345,424,60,40,3219,52169,148,7842,8.6,86,722,96,10863,26505,114653,301,0.82
1030000,43707,122,60,60,154,47051,391,30811,8.9,87,2979,90,,,,562,0.95
1030000,43987,62,40,40,18,1152,52,65020,7.8,82,97,62,,,,277,0.02
1020632,41984,1298,40,6,2037,18513,22,139966,8.5,88,785,90,874,19597,187259,228,0.21
1020000,43665,165,60,60,53,16506,275,18104,7.3,73,294,81,,,,53,0.02
1019383,41718,1564,35,6,326,2098,7,6399,6.3,68,116,17,2759,17038,83115,59,0.11
1010000,43391,124,60,18,330,53874,555,41853,6.5,84,537,113,1646,5318,50594,58,0.14
1000000,42150,1127,10,9,345,75670,30,56904,6.2,64,31,4,1067,8372,56769,194,0
1000000,43598,415,45,15,1542,,608,63953,8.5,83,1824,116,4058,19069,138232,1346,0
1000000,43704,632,39.99,14.79,605,264379,334,70044,5.9,72,348,97,3334,3089,75263,72,0.4
1000000,44342,70,59.99,39.99,385,248599,5000,182158,7.1,68,1033,144,55048,9338,210298,62,2.43902439
1000000,43718,539,24.99,9.99,1574,139788,255,148741,8,82,614,78,3247,9547,53097,228,0.83
1000000,43634,359,40,26,928,42128,901,44688,8.5,83,1033,107,26934,15295,89609,884,0.86
1000000,43734,132,60,42,301,32803,991,63561,7.9,75,795,98,33895,12040,117367,124,2.173913043
1000000,44075,77,50,50,569,150967,355,56102,8.4,91,304,60,98872,20858,143436,417,0.11
1000000,41600,62,50,9,582,103324,19,4143,6.9,78,946,69,,,,409,2.702702703
1000000,42710,936,30,15,791,67576,202,32348,4.7,74,463,100,223,3134,29682,150,1.492537313
1000000,42992,77,45,25,1965,66864,394,56005,8.8,93,1631,72,93701,55994,410796,1534,0.02
1000000,42667,31,35,15,244,156873,512,140946,8.8,69,82,39,4402,13941,127617,30,0.76
1000000,41395,224,10,5,3752,12272,23,89971,6.7,91,1653,28,94,12010,19621,1615,3.03030303
1000000,43028,162,60,40,53,51513,89,4580,7.9,74,321,72,,,,136,0.52
1000000,42409,330,20,5,3824,79629,700,149305,6.9,87,1800,122,425,40936,195755,2018,2.631578947
1000000,42678,290,50,10,176,33284,34,7149,5.3,80,115,47,7684,10572,61723,268,1.333333333
1000000,42262,107,50,7.5,553,97118,70,10182,7.7,87,834,85,,,,124,0.37
1000000,43752,546,12.99,9.74,35,257,6,4912,0,0,0,0,1333,3400,22317,23,0.01
1000000,42755,975,60,6,564,47209,43,34351,8.1,80,519,94,,,,452,0.35
1000000,43718,330,50,30,525,113531,564,64452,8,78,885,89,16435,8132,152100,96,1.960784314
1000000,43974,207,12,9.47,221,741,108,50533,0,0,0,0,28564,24687,52695,61,0.13
1000000,43440,655,25,20,690,113074,99,39964,9.4,93,140,32,,,,368,1.543478261
1000000,42955,319,30,15,2848,67707,545,83708,8,88,2226,127,698,26249,172167,685,0.04
1000000,41719,23,60,8,2959,142773,15,4414,8,80,3361,90,,,,942,3.703703704
1000000,44281,29,39.99,39.99,151,137484,1064,230637,9.2,89,772,110,21567,15931,79969,1625,2
1000000,41330,2776,30,12,468,1849,60,19404,8.3,75,186,9,10579,31015,190448,233,1
1000000,42853,476,20,5,1542,77684,329,52331,8.1,83,488,103,829,10476,106317,1022,1.149425287
1000000,44238,29,30,30,280,145245,1891,119090,8.6,83,413,143,7103,7146,64894,1057,0.07
1000000,44099,6,40,40,797,74956,1459,182084,8.2,79,1157,105,36679,13230,70369,321,0.87
1000000,42997,103,40,10,290,73437,213,47255,5.4,77,348,101,110,1625,24721,43,0.02
1000000,43376,362,30,15,77,81730,333,124320,8.4,83,331,98,1629,1508,21474,97,0.4
1000000,41716,39,20,4,4015,68906,9,4518,7.6,80,2208,103,262,10171,63171,1147,0.2
1000000,44061,45,60,60,395,132301,987,216593,7.2,91,1180,66,61829,14641,59173,37,2.564102564
1000000,44154,32,60,60,0,8,70,20288,0,0,0,0,,,,4,0
1000000,44386,11,59.99,59.99,36,15258,776,39496,8.6,81,90,93,34995,4921,48390,148,0.02
1000000,43584,41,30,23,333,47034,544,87400,8.2,81,156,21,60204,44975,147729,19,1.785714286
1000000,44310,60,59.99,59.99,370,37712,2260,65063,8.7,83,490,111,28684,8055,100488,185,0.02
1000000,43903,63,60,60,207,9302,754,123868,7.5,85,524,86,,,,345,4.347826087
1000000,42594,415,60,30,2473,228775,4689,218360,7.6,77,7543,145,61535,136235,605584,745,8.333333333
1000000,43293,382,60,36,221,61938,360,167827,8.6,83,1088,102,6098,3263,98402,1846,2
1000000,43082,656,20,10,868,23176,148,113504,8.7,92,495,95,2136,2940,70487,396,0.17
1000000,43916,261,60,36,64,75668,275,23110,7.2,76,139,70,9219,3815,30182,252,0.3
1000000,44064,39,60,51,34,33867,346,6384,7.6,78,89,91,5473,1316,5473,0,0.43
1000000,43503,680,20,6.79,273,48133,293,67191,0,80,0,1,38794,10055,84650,111,0.15
1000000,43693,45,40,28,438,94947,1086,94947,7.5,81,463,70,65076,15462,134048,78,1.666666667
1000000,41410,1827,10,5,1111,29191,7,1463,7.2,75,231,37,131,4756,16390,39,4.761904762
1000000,42555,581,35,30,784,23068,153,29626,8.9,86,281,7,18211,53575,377064,592,1.369863014
1000000,43553,35,20,16,570,21013,871,46400,7.7,78,12,6,70194,38860,176243,148,1.123595506
1000000,43341,20,25,17,241,49751,2803,217830,7.2,72,516,33,68322,28150,255039,34,2.43902439
1000000,43985,48,40,40,0,,0,0,4.4,67,0,0,66906,22523,143985,0,0
1000000,42850,297,50,6,13,42510,67,32466,6.4,59,526,79,4086,6950,73901,86,0.52
1000000,43792,416,30,10,152,78818,75,34765,6.7,71,219,58,2476,4171,41736,87,0.15
1000000,42962,252,20,7,1752,151294,438,158183,8.8,86,1517,112,449,11310,39379,47,1.960784314
1000000,44005,52,30,27,134,23902,1209,93617,9,71,2898,88,15419,5096,46250,24,0.04
1000000,42353,1310,40,24,501,333303,98,43467,7.2,72,516,33,11577,30221,410472,51,0
1000000,42318,1,60,0,35,102267,481,148897,8.3,88,950,62,,,,1702,1.923076923
1000000,43249,489,40,20,86,17694,86,24650,7.7,83,174,81,1735,901,10394,21,0.07
1000000,43299,717,50,0,35,2948,1,19423,8.2,78,31,22,,,,865,0
1000000,42761,504,50,13,910,29956,182,11257,7,80,767,75,1038,9383,107296,280,0.87
1000000,43476,768,50,12.5,459,24106,4,75,8.1,83,349,75,3424,1678,27985,230,0.15
1000000,43707,345,30,15,766,146015,1097,96786,6.5,75,543,114,4518,3458,46706,290,0.04
1000000,41564,430,15,3,3389,22278,55,15382,8,88,1966,47,459,35506,60046,2021,0.93
1000000,44057,39,40,40,397,12561,1122,130743,9,89,449,103,,,,4,0
1000000,43608,7,60,44.99,261,57298,514,62063,7.9,85,242,64,191816,42003,154585,1289,0.69
1000000,41779,234,20,5,3883,24040,38,105032,8.8,86,1433,101,241,24252,90966,1433,2.5
1000000,43945,294,50,30,141,88477,15,4423,7.7,78,269,90,11998,2981,44110,93,0.59
1000000,42801,1256,25,7.5,0,22054,138,120615,8.4,78,106,35,2487,2109,29436,0,0.03
1000000,43368,617,50,17,241,12155,136,9735,8.6,84,393,148,2546,2754,53159,298,0.24
1000000,43256,309,50,17,816,70224,1223,114271,7.1,72,991,130,1298,7812,142049,178,2.777777778
1000000,43167,35,15,7,1386,41552,854,77418,7.5,83,258,75,14754,39554,152642,126,0.38
1000000,42453,1443,40,15,300,617,1335,113848,5.7,61,363,18,127542,46958,186707,48,0.31
1000000,42830,598,40,10,894,70882,413,135764,7.6,75,791,145,120,3585,29086,4,0.13
987543,41298,489,15,7,2593,147168,18,19771,6.9,85,1971,22,5757,17103,30143,2778,1.492537313
955731,43006,276,60,20.39,377,70568,299,38377,7.6,87,303,69,41122,39130,228127,348,0.02
955508,43049,233,50,0,158,57151,64,11720,5.8,82,83,33,18029,0,65504,187,1.063829787
952680,42390,892,15,7,573,18193,14,36382,7.5,83,26,8,1211,12499,71034,104,0.14
952431,42885,397,25,24.99,636,21240,203,43582,7.6,81,116,18,5106,29536,131824,65,0.09
920000,42983,747,40,5,28,59649,25,11844,7.7,69,371,81,,,,63,0.29
918038,42850,432,60,30,84,48078,47,5520,7.7,83,93,70,847,604,22697,488,0.02
900000,41940,214,50,5,2737,42049,131,6038,6.9,73,1346,94,378,13347,80608,119,1.612903226
900000,43182,65,60,17.99,803,33847,528,30369,7.5,84,1025,106,10805,5021,104091,191,0.02
885000,42605,81,60,4,22,73977,723,86681,7.6,84,2116,133,52485,25849,146171,206,2.127659574
880000,42682,1048,50,12.5,73,33104,110,9342,7.7,69,96,34,3254,3253,100760,29,0.23
877129,42228,1054,10,2,2669,361,19,5676,7.7,82,52,7,1318,16053,66648,211,0.19
870000,42325,1405,20,19.99,121,17189,23,328,6.2,63,82,32,451,508,10381,46,0.2
857109,41793,1489,15,0,596,55574,75,13148,7.5,82,948,52,37,0,43681,0,11.11111111
840770,41501,1489,25,4,598,3294,7,15351,6.9,73,61,17,155,2407,8890,4,0.1
820000,43207,523,60,16,230,11161,207,22909,8.3,83,329,91,,,,587,0.44
815790,43564,601,30,15,530,2355,0,0,8.6,81,165,118,3611,7475,41285,2015,0.02
815169,42782,500,20,12,370,23448,133,46646,7.5,83,94,22,5856,27376,199890,216,0.06
798745,42283,999,50,12.5,0,13183,5,4976,7.3,80,84,33,91,1926,16320,120,0.08
790000,42976,754,40,10,346,9373,79,42271,7.7,78,162,48,,,,24,0.06
781447,42705,577,10,1,2338,3310,11,3886,8.2,74,378,48,219,8455,10073,64,0.42
777372,42978,304,17,5,1655,38247,872,40338,8,82,615,44,605,25288,116566,1736,0.52
770000,42656,1074,50,7,14,3603,12,2370,7.6,78,123,45,,,,4,0.01
764290,41729,1553,15,7,2861,6451,18,12797,8,80,566,35,18477,8358,62348,74,0.21
750761,42874,408,40,39.99,806,25446,27,6309,7.8,80,136,48,53435,12070,153390,106,0.35
740790,41821,1461,19,6,1011,1119,14,2564,7.6,81,151,38,693,6862,78401,181,0.43
735979,42136,1146,20,5,1565,7479,5,733,7.9,82,203,59,2401,4121,51595,92,0.02
730000,43144,46,45,30,59,31944,129,7026,4,65,216,77,516,4756,23936,431,0.62
728091,42060,1222,35,7,915,5331,6,2725,8.2,86,335,49,1278,6872,114631,97,0.06
714623,42508,774,14.99,14.99,157,104239,44,64093,7,63,25,5,446,9859,101405,76,1.666666667
707718,42647,635,20,0,552,2286,46,15418,7.5,81,49,12,197,0,36473,4,0.12
702654,41428,635,5,2.49,1453,2372,3,11308,8.4,83,393,33,87,11016,20235,67,0.38
700000,44252,29,49.99,49.99,0,12161,189,23129,7.4,71,14,48,,,,42,0.12
700000,42605,1125,60,15,105,41670,85,36802,8.2,80,278,58,1197,1687,34311,214,0.06
700000,42999,968,2,1,223,,2,633,0,0,0,0,2733,15173,37912,332,0
700000,41884,1671,60,24,89,2242,77,9009,7,77,96,30,,,,380,0.27
691324,41648,1634,29.99,6,2310,11452,18,23174,8,83,755,27,307,0,27699,959,0.83
688243,41561,1634,17,8,550,1027,8,10435,7.2,70,150,14,228,6389,27656,123,0.28
680572,42852,430,40,39.99,744,23345,249,28233,4.5,77,443,76,25676,15766,117702,55,0.04
671540,41390,430,5,0,1178,3150,4,4511,7,75,156,8,73,0,5814,10,0.28
668962,42194,1088,10,2,2078,1091,10,491,7.3,74,54,12,1012,2145,22415,5,0.05
660000,41611,2119,10,0,546,10074,2,551,6.7,73,95,14,1,0,16,34,2.857142857
653179,42514,768,19.99,4,1973,84277,20,4758,6.6,61,23,9,305,4069,34125,9,0.2
646962,41911,1371,10,3.99,2427,4673,20,112983,7.3,79,57,9,111,0,9398,26,0.25
644000,43613,584,25,15,1349,72271,47,27205,8,85,709,54,4463,14163,74317,351,0.4
642851,43060,222,25,12.49,342,65839,240,39380,7.8,77,459,89,694,1692,37230,67,0.98
633209,42453,829,15,14.99,595,1253,3,588,7.3,61,16,9,10412,3492,4422,4,1.785714286
620000,42283,1447,60,12,122,10382,32,112255,8.2,80,195,43,,,,154,0.01
620000,41625,2105,6,2,482,,2,1082,6.5,71,121,9,,,,371,0
620000,41593,2137,7,6,1227,104219,5,7548,7.3,91,674,12,105,778,10047,982,0
610000,43007,723,60,15,41,17156,44,8311,6.5,68,44,32,,,,33,0.16
600000,43015,541,30,7.5,606,19139,118,31478,8.1,84,296,93,5375,3423,70105,108,0.19
600000,43469,428,50,50,21,2508,6,9390,6.7,66,34,14,,,,1148,0.16
600000,44132,198,29.99,14.99,597,101328,829,78599,8.4,81,495,93,11294,18745,99426,202,0.29
592993,42244,1038,30,4,2389,1291,17,939,7.7,75,121,36,207,4127,56812,4,0.09
589688,41765,1517,6.99,3,539,18386,3,859,5.8,53,244,40,83,2912,16157,29,1.754385965
587213,41428,1517,30,29.99,2626,149131,9,19970,7.4,65,1068,26,186,11534,35620,635,3.846153846
583602,41816,1466,40,8,845,88690,7,2949,8.1,79,313,49,289,7099,20663,52,0.73
570000,43637,135,59.99,30,36,24333,98,18686,8.3,80,242,83,,,,516,2.5
563737,42936,346,10,6.99,308,17975,42,50067,7.5,72,20,10,2294,10656,121316,4,0.11
562631,42684,598,30,15,1168,24648,97,25807,7.8,80,534,67,747,7882,105919,106,1.515151515
560000,44316,78,59.99,59.99,81,169215,1460,174223,7.2,85,2954,112,,,,64,1.492537313
554955,41527,598,6,3,3446,75426,31,91755,5.9,72,872,59,123,6948,8542,37,0.85
550000,42304,1426,20,7,3,10173,0,0,7.4,79,117,29,,,,0,0.03
549148,41932,1350,20,3,1107,939,10,4354,7.7,83,100,13,270,6956,51002,115,0.05
540496,42656,626,20,14.99,264,55747,5,30663,8.1,71,58,26,5757,1711,18538,8,0.12
540000,41961,1769,30,2.5,64,1560,7,3591,6.4,68,25,17,639,751,3515,0,0.01
540000,42612,1118,12,1,176,612,9,202,6.9,75,23,12,46,652,10141,25,0.04
539248,42343,939,11.99,11.99,901,4797,29,134211,6.3,82,45,14,355,11179,52214,73,0.27
538219,41501,939,20,5,1530,18041,94,3340,5.4,86,2127,56,39,15750,13501,345,0.85
538061,41494,1781,15,4,1622,601,13,143685,7.3,88,243,22,38,5319,5225,13,0
535073.3333,41912,7,60,0,859,160737,55,3884,8.3,86,1057,85,,,,108,2.325581395
534443,42325,957,20,5,262,690,34,21117,5.6,63,55,11,1422,10035,221975,14,0.02
530000,42343,1387,20,2,124,1478,4,23848,7.3,63,48,36,,,,12,0.03
520000,43179,11,60,42,71,64432,79,35514,7.2,78,138,80,1080,939,19643,74,4.166666667
520000,42549,1181,60,12,147,15127,236,11596,6.5,58,261,67,,,,53,0.14
519467,41989,1293,30,6,293,1895,17,12278,7.9,84,247,38,27,2109,23450,90,0.04
502562,42636,646,20,19.99,708,1663,31,24272,4.7,52,51,20,5230,11437,53671,0,0
500000,43013,296,30,15,959,59881,182,173228,8.6,79,473,79,7272,23942,77862,82,0.4
500000,43496,28,60,29.99,287,34987,269,28690,8.3,80,468,99,13758,9547,29627,328,0.03
500000,43089,243,10,7,452,27116,41,30617,7.2,78,66,55,508,2392,49805,72,0.12
500000,44070,7,60,60,38,44901,341,62593,7.4,75,137,61,4442,1442,13183,48,0.15
500000,44035,8,20,15,0,166927,349,65361,8,76,212,85,6347,9573,65906,113,0.85
500000,43125,331,20,7,1346,44516,222,170522,8.4,94,1329,70,2216,13147,53105,1215,2.941176471
500000,44078,106,25,20,50,60889,416,30472,0,0,0,0,27246,8700,120366,24,0.34
500000,42390,573,15,12,225,9012,26,2748,7.7,78,47,15,1414,2285,37396,174,0.28
500000,44377,22,14.99,13.49,63,6381,327,32589,9.5,85,72,28,8662,7138,33302,16,0.16
500000,44169,41,50,50,1,291,4,786,6.1,66,8,27,,,,68,0
500000,44358,35,60,60,106,17795,1088,50854,8,87,127,76,31156,8617,36949,29,0.73
500000,43077,58,30,15,162,74667,70,49840,4.5,42,267,42,330,2820,145344,42,2.272727273
500000,43446,79,30,20,217,14419,120,46465,8.4,78,111,30,14474,34230,135566,55,0.27
500000,43249,317,10,8,938,73654,273,30600,8.1,84,286,82,1767,6781,72595,78,0.3
500000,43636,120,20,14,431,35443,385,49471,8.1,81,209,78,6320,14665,29563,4,0.45
500000,43399,98,60,23.99,48,15521,145,20171,8.3,71,111,58,143,1122,20509,50,0.03
500000,43122,367,30,22,408,14784,109,39729,6.9,75,131,77,13265,13175,126208,323,0.49
500000,42864,76,20,2,560,42011,96,39807,7.2,68,174,67,21,0,6611,32,0.62
500000,44026,262,19.99,13.39,340,20986,198,15326,7.4,81,80,37,5141,7792,40680,189,0.22
500000,43995,28,20,20,0,,10,32569,8.8,87,554,27,29984,20523,53893,0,2.606060606
500000,43774,35,45,36,147,60952,742,78337,8,81,71,55,38630,20127,174087,99,1.369863014
500000,44145,15,40,40,24,467,140,12090,8.8,81,46,42,7043,853,18748,134,0.12
500000,44061,245,29.99,19.79,655,34179,145,39961,8.4,84,241,59,4594,8380,71545,522,0.46
500000,43852,30,35,35,151,17146,1332,97013,0,0,0,0,39572,17468,120537,5,1.923076923
500000,42424,1315,15,4,2529,5853,41,15993,7.5,76,143,107,6158,1826,55170,56,0.11
500000,43235,77,16,9,683,58761,175,63341,7.5,79,106,31,1719,6889,91958,178,0.48
500000,42894,691,20,19.99,218,1150,31,101560,8.2,80,233,76,236,1038,18675,44,0.01
500000,42405,5,60,15,3089,109372,782,76838,7.6,88,1873,150,11047,42626,277841,435,5
500000,43277,121,60,30,58,6574,36,7926,8.8,85,465,64,395,1525,22824,736,0.11
499550,42488,794,30,8,720,2471,15,18719,7.3,78,68,28,958,4139,100651,33,0.11
498487,42528,754,15,7,156,3627,63,131894,8.7,89,156,31,599,3046,22901,48,0.11
496869,42593,689,15,1,712,88014,14,20047,7.4,77,47,10,471,5988,23242,809,5.882352941
480000,43881,153,60,60,18,6047,64,5673,,81,,60,,,,440,0.16
480000,42710,4,60,10,1345,139428,132,55149,8,82,2277,110,,,,1205,2.564102564
476035,41725,1557,40,15.99,619,485,5,2739,6.6,81,212,31,2211,8531,87344,12,0.11
474515,42955,327,14.99,11,350,2003,12,20433,7.2,81,13,4,165,19044,86437,943,0.16
460000,42052,829,20,5,1419,13707,69,36902,7.8,80,285,54,326,9263,78704,225,0.29
456656,42236,1046,22,11,1143,4709,6,5515,7.2,68,164,44,104,5885,39873,29,0.16
453247,41479,1046,13,3,1431,249,2,467,7,78,49,18,264,2586,7493,7,0.04
452658,42523,759,9.99,3.99,405,6838,14,10789,7.9,73,18,4,1564,4050,37254,134,0.33
451407,41366,759,20,5,1072,2949,3,708,7.3,72,150,15,116,2099,7685,43,0.32
450000,42789,941,10,9.99,296,38932,5,749,7.5,82,52,29,3,47,885,4,0.03
450000,41947,1783,30,2,53,2310,2,12,6.5,76,51,33,151,314,1231,4,0.21
450000,42268,368,30,4,2930,60057,155,92396,8.3,84,1440,109,433,15958,119366,237,0
449687,42550,732,12,0,813,2254,42,3186,7,78,86,19,367,0,3131,36,0.11
446523,41785,1497,11.99,4,527,1005,7,28728,8.3,83,20,4,95,3623,21013,172,0.02
440000,42766,964,60,15,4,15243,104,1830,6.5,68,121,35,,,,6,0.46
433874,41787,1495,13,6,2930,1735,81,100835,7.2,73,117,24,189049,23051,34310,79,0.08
431669,41368,1495,5,2.49,807,21013,5,8270,6.8,61,174,27,29,5424,11132,694,0.47
422000,43021,7,60,20,1085,226519,890,157125,9.1,82,2364,119,822,11042,83541,750,1.470588235
418000,42065,1005,15,2,640,39699,3,3543,7,58,38,26,607,2595,46183,135,0.18
403871.4286,43279,7,60,0,331,141325,510,37298,5.1,69,465,111,6879,13339,86586,83,1.515151515
400598,42094,1188,60,24,87,2380,7,437,7.4,74,113,36,58,957,22342,273,0.2
400000,43550,195,40,15.99,107,24907,253,34644,7.8,67,203,48,11277,7093,6335,5,1.694915254
400000,42682,476,20,4,11,708,6,3968,7,68,22,16,5,270,2702,441,0.04
400000,43797,116,60,45,6,9346,79,1681,7.6,71,8,10,10415,3223,31550,45,0.06
386418,42052,1230,10,0,237,258,5,925,6.1,56,36,17,2,0,380,5,0
380000,41618,2112,15,3,306,503,1,399,6.3,71,101,28,,,,13,0
380000,41933,1797,60,30,51,19894,4,72,7.6,76,95,31,,,,191,0.18
375882,43118,164,7,2,405,528,0,0,7.9,68,34,15,209,6202,24062,4,0.11
370000,41989,1741,30,9,48,860,17,6497,7.2,85,74,14,,,,4,0.17
367601,43990,25,30,27,69,,1348,59800,0,0,0,0,27439,9124,123711,4,0
364090,42027,1255,30,14.99,779,19261,7,539,7.4,77,207,45,62,3591,49710,4,0.5
363459,41897,1385,29.99,7.5,203,50261,10,25275,6.7,61,90,4,118,5426,38654,192,0.8
363113,42096,1186,15,7,567,2539,6,7327,7.7,65,111,14,1170,5147,49715,8,0.18
360956,42633,649,20,8,203,17871,43,15937,5.5,63,136,19,1509,6450,60073,14,0.32
360000,42549,1181,60,15,87,2418,25,6613,7.3,61,79,35,,,,96,0
359124,43480,685,20,8,246,13276,137,121388,7.5,74,180,81,526,804,14155,462,0.14
355878,42136,1146,10,5,646,1553,9,462,6.8,61,39,11,97,2912,60976,13,0.43
351645,43237,45,11.99,11.99,214,66322,147,42312,7.5,68,85,6,6080,14673,139913,104,0.5
350001,42528,1330,30,19.49,117,2612,10,5662,8.1,75,81,36,123,1427,32714,111,0.02
350000,43734,124,60,42,49,1936,44,8317,8.7,83,124,28,4616,2450,51858,81,0.17
350000,43525,56,60,29.99,230,70496,139,30823,5.7,76,461,92,2095,3575,9300,94,0.36
350000,43375,355,60,18,57,6480,103,18459,8,72,82,44,,,,78,0.08
350000,43893,51,60,60,79,1745,449,23609,6.2,78,85,54,5287,2283,13738,24,0.21
350000,42528,1202,60,18,271,19734,76,10960,8.1,87,248,49,,,,170,0.14
350000,41900,246,40,7.5,505,109479,10,3697,7.2,81,1194,65,82,4362,93162,120,2.083333333
346703,42272,1010,40,20,85,7242,9,1048,6.5,64,74,21,158,1694,37829,9,0.18
343046,41593,1010,30,11.99,243,19159,5,331,3.2,33,1304,24,178,6958,17747,10,1.639344262
337931,42682,600,35,34.99,175,24679,58,6818,7.5,71,58,13,4341,7580,83599,29,0.49
334799,42373,909,20,2,993,11731,6,3993,7.4,86,229,29,243,10235,17602,146,0.18
334285.7143,43046,7,40,39.99,224,113867,233,162369,7.1,62,1599,84,130,3584,16793,37,1.449275362
333000,42608,1743,24.99,4.99,190,3314,14,8984,7,65,8,2,1962,4322,96001,18,0.05
330158,42683,599,35,34.99,307,5860,40,9169,8.4,81,75,18,2266,5678,37315,9,0.28
324405,42150,1132,15,14.99,470,16975,8,1117,7,76,39,7,61,4978,21417,4,0.11
322132,41383,1132,10,0,326,,3,817,6.8,58,132,16,12,2411,4113,4,0.55
321637,42481,801,20,19.99,154,9592,46,10063,7.4,77,110,36,391,4648,83987,18,0.18
320000,42927,803,30,7.5,53,21657,4,182,8.3,73,18,29,429,319,2636,4,0.11
319866,41835,1447,15,14.99,609,1547,3,1485,7.4,69,79,26,20,2234,10987,27,0.14
314885,41716,1566,10,2,1039,950,2,660,6.8,80,90,45,57,2668,7343,26,0.14
310000,42402,1328,60,15,209,44577,53,7516,8,75,382,45,,,,149,0.49
310000,43119,611,60,15,11,14293,76,10314,7.1,73,87,39,,,,36,0.01
310000,44042,88,60,60,24,24505,12,311,6.6,71,121,63,1930,847,16115,16,12.5
308987,42990,292,20,19.99,502,4557,32,10804,7.5,80,38,22,463,2924,62705,32,0.09
306906,42936,346,15,5,233,2989,256,30084,7.5,88,111,22,423,3721,45998,57,0
305941,41584,346,5,1,966,985,2,82,7.1,68,251,48,924,2130,9153,7,0.34
305686,42179,1103,10,2,1493,56637,5,10511,6.1,86,394,49,237,5893,23646,1113,0.58
304862,43747,597,29.99,11.99,826,51942,47,119308,7.8,84,319,113,265,412,3797,18,0.02
300000,43042,350,50,12.49,155,12393,258,1222,7.8,76,69,28,313,1627,30294,5,0.04
300000,43797,401,59.99,41.99,182,1191,68,16922,9,85,155,69,,,,1473,0.05
300000,43447,85,17,8,631,34891,126,37570,8.8,84,440,84,722,14052,66506,772,0
300000,43808,83,35,32,86,18196,368,57986,8.1,71.72902685,19,34.46772842,5247,8681,188719,14,0.36
300000,43350,191,50,25,15,3050,21,6762,6.5,60,89,42,39,188,3716,14,0.01
300000,42948,334,20,3,990,6272,15,37233,6.6,79,170,85,386,1865,23416,66,6.666666667
297947,41988,1294,10,5,664,27883,16,21217,8.7,78,118,7,143,7472,31196,103,0
296006,42703,579,35,13.99,100,972,6,26018,8.6,90,90,22,374,1921,22946,404,0.04
295645,42787,495,60,24,70,11717,108,45429,6.5,66,97,58,153,1328,29324,57,0.15
295596,43209,73,10,8,397,,219,30372,7.8,87,45,22,3354,8269,99912,9,1.265822785
292000,41514,1556,10,1,811,26067,4,3154,7.2,69,88,29,308,2343,10105,76,0
290658,42542,740,15,10.04,774,543,17,11295,8.1,85,179,47,977,16207,61238,989,0.04
290000,42199,1531,23,0,42,63366,6,1881,3.1,38,267,56,,,,4,0
290000,41593,2137,23,0,86,24770,4,134,5.4,79,95,10,,,,0,2.083333333
289619,43214,68,40,13.59,531,26333,504,26795,7,78,325,61,6354,9439,109143,4,0.82
283593,41717,1565,10,5,714,518,11,550,6.8,69,230,26,23,2504,18901,6,0.22
281722,41758,1524,10,6,168,54414,10,18874,4.6,51,303,86,5,1538,300,12,0
280490,43417,2,100,40,2054,108402,265,78744,8.5,84,993,117,361001,22756,88246,387,1.515151515
280000,44371,6,59.99,59.99,4,10473,33,6564,,79,,31,1425,8,4766,,0.05
279675,41512,2,25,24.99,1068,40285,14,927,6.1,61,225,17,108,2730,11707,89,0.57
276003,42828,454,9.99,3.09,494,12279,29,34274,7.3,73,27,4,883,5575,37661,24,0
272986,41486,454,15,14.99,521,4035,11,118541,6.6,67,234,40,15,1573,5299,4,0.24
270000,42507,1223,20,6,145,39950,7,2200,7.3,64,150,60,,,,7,0.16
269998,42718,564,12,11.99,186,13309,176,31947,5.9,58,130,69,29,2409,80250,8,0.2
267763,41858,1424,9.99,0.99,573,601,3,620,6.9,59,9,6,16,1795,7026,5,0.02
266902,42528,754,30,4,1109,4374,8,4678,7.8,83,109,17,165,3093,20380,144,0.05
265816,41492,754,4,3.99,581,2921,2,182,7.1,76,257,37,181,1832,11406,8,0.29
264285.7143,42801,7,30,7.5,598,77918,31,41465,7,71,179,71,4911,0,142078,53,1.111111111
260785,42815,467,60,30,53,5676,48,3585,7.5,77,117,50,191,1097,33449,109,0.27
257372,42090,1192,11.99,5,446,667,5,24132,8.5,80,21,5,120,2737,24979,22,0.09
254152,41849,1433,19.99,19.99,446,718,11,717,8.5,85,233,5,244,4130,44895,2139,0.08
252514,41593,1433,20,19.99,384,4379,7,1843,6.9,53,168,31,39,2106,19535,19,0.33
251428.5714,43011,7,60,20,405,91302,114,29514,5.9,86,1047,96,,,,125,0.48
250157,42621,661,20,19.99,554,11000,21,28568,7.1,73,17,12,623,2489,36813,83,0.11
250000,42976,29,15,7,1276,26568,690,48064,5.9,75,156,73,741,10427,112111,24,0.59
250000,43399,331,20,10,166,2076,168,1895,6.9,74,46,32,,,,1265,0
250000,43763,30,30,20,11,7260,209,8934,8.2,67,425,70,,,,40.02777978,0.6
250000,42626,1104,60,2.5,10,10980,54,2737,4.6,66,43,10,5,0,1066,4,0.16
250000,43762,89,14,14,12,448,30,11392,7.2,63,516,1,10276,4402,16507,53,0
250000,42041,968,25,10,69,4430,17,30601,0,0,0,0,4462,7334,101416,8,0.11
250000,44404,7,19.99,19.99,13,12041,928,99218,7.8,78,13,8,30930,4356,44293,0,1.449275362
249349,43004,278,40,28,315,17778,156,15306,7.9,81,228,49,1056,4894,45839,799,0.01
246496,42682,600,20,5,122,23974,12,10743,6.7,64,88,46,17,235,2915,0,0.14
245299,42458,824,30,18,99,2699,26,688,7.5,67,98,45,15,523,15180,79,0.07
244364,41576,824,20,19.99,469,626,9,10127,7.6,71,47,10,21,1771,5476,4,0.03
242221,41892,1390,10,0,205,10822,2,230,6.5,69,13,11,5,4302,16620,4,0
240554,42276,1006,50,24.99,38,36584,4,482,6.9,73,46,29,55,1019,15520,299,0.06
240088,42156,1126,20,3,410,29360,2,326,4.6,43,643,48,101,6509,37403,36,0
240000,42199,1531,50,20,68,652,5,6934,7.1,69,30,33,,,,23,0.01
240000,43165,565,20,8,175,5621,3,13755,7.6,68,39,30,,,,0,0.05
240000,44357,20,39.99,35.99,17,7831,,,6.5,73,90,87,,,,48,0.13
240000,42192,1538,15,2.5,69,2677,24,24356,7.5,82,41,23,4016,11092,41889,8,0.02
234066,41842,1440,13,3,771,554,2,1435,6.6,80,75,18,10,770,1358,16,0.11
232259,42348,934,20,10,587,1797,10,16836,7.3,66,101,7,192,2829,63643,377,0.22
231517,42088,1194,10,1.99,100,1076,1,87,6.3,62,26,19,20,844,10664,0,0.73
231476,42402,880,20,12,216,13855,35,2540,7.6,80,158,24,123,2656,29550,7,0.1
231014,41886,1396,20,19.99,125,7951,4,755,6.9,67,92,23,254,3195,17761,9,0.37
230000,43413,317,40,20,317,13324,36,128324,7.5,90,235,83,,,,88,0.2
227897,42243,1039,25,15,298,1823,6,7232,6.3,72,18,9,92,1473,27235,19,0.11
227034,41844,1438,10,2,1038,6373,4,6129,6.4,64,135,45,33,2376,13813,18,0.18
226289,41541,1438,20,19.99,283,2123,2,554,6,68,45,14,647,1650,10155,7,0.02
224856,43222,60,40,14,113,12244,123,18461,5.3,75,116,51,22797,5796,97455,47,0.23
224500,43076,206,30,20.09,286,25264,145,41126,8.7,85,281,86,3217,2253,20721,550,0.18
223000,42964,106,10,10,157,63416,7,6726,5.5,70,15,1,844,5080,32159,6,0.32
222227,42124,1158,15,7,760,7683,6,10644,7.7,75,119,28,82,1808,19321,17,0.15
221231,42941,341,20,7,1040,27747,138,34317,7.9,85,304,75,300,5304,63682,153,0.32
220307,42878,404,40,14,106,7778,24,6334,7.4,83,55,24,662,4662,69368,27,0.08
217097,41500,159,5,1,729,1335,5,1447,7.2,62,129,35,21,3296,32428,6,0.19
216703,41647,1635,10,8,962,408,4,210,7.3,66,57,14,9,560,7104,4,0.86
215330,41555,1635,10,2,907,288,2,83,7.6,71,62,6,31,919,3376,4,0.02
211874,42440,842,15,4,770,316,7,14491,5.5,75,57,16,1716,4522,40248,112,0.01
211410,42292,990,14.99,7,711,4339,4,5379,7.8,78,37,12,140,2553,19269,507,0.08
211191,41780,1502,10,2,766,1206,3,416,7.2,73,80,26,22,2259,6051,8,0.07
210440,41928,1354,15,1.49,391,383,4,1947,7.8,84,156,8,52,2391,21409,16,0.02
210000,42612,1118,50,18,72,16748,57,5844,7.3,78,72,22,,,,96,0.02
209114,43221,61,10,1,1646,295,42,42494,3.5,67,8,9,403,980,10092,4,0.03
208656,42570,712,39.99,16,122,15325,104,12510,7.4,74,187,72,60,1235,39053,66,0.47
208032,41530,968,5,2,465,40162,6,3134,7.5,62,56,13,14,1494,8033,16,0.08
205359,41515,1752,20,0,1078,571,1,790,5.9,56,107,12,12,0,1776,6,0.04
204734,43146,136,40,19.99,98,32146,407,110775,7.2,63,143,65,139,1626,43510,10,0.85
203867,43228,54,50,25,536,7131,275,23893,7.8,88,532,71,3239,7017,88830,215,0.06
203501,42538,744,17,8,999,1743,9,5134,7.7,77,377,42,107,3572,71962,11,0.2
203211,42326,956,20,2,728,17572,6,4473,7.4,73,155,45,197,3026,42891,25,0.21
201978,41506,956,5,4.99,322,2809,8,122443,6.7,73,53,5,9,1717,3071,5,0.17
200623,42310,972,40,39.99,163,38778,9,2089,6,72,304,45,1990,3689,77101,136,1.265822785
200000,42655,1219,14.99,3.74,256,3897,48,6697,8,79,47,26,712,3266,22566,22,0.09
200000,42923,807,50,0,20,1911,1,2256,5.9,64,14,27,,,,13,0
200000,43874,217,50,30,61,5272,86,105,7,56,26,11,10413,4963,43201,17,0.05
200000,41751,1979,10,2,83,537,5,665,6.1,58,37,17,,,,4,0.01
200000,44217,4,18,18,6,340,125,32145,0,0,0,0,27883,4069,34852,4,0.03
200000,42852,348,20,5,32,2176,10,97186,7.5,74,104,15,11,35,752,37,0.05
200000,42285,169,15,7,1046,40925,19,25953,8.1,88,119,25,590,6656,100987,119,0.54
200000,43599,180,60,18,514,237593,887,102848,6,73,1188,119,13591,9141,70285,217,2.325581395
200000,43846,43,60,54,13,473,30,9236,7.4,88,0,1,16482,4996,30335,189,0.01
200000,43811,150,60,60,8,13788,40,3204,7,72,99,52,,,,122,0.17
200000,42990,740,30,15,65,5807,34,15140,7.1,70,62,28,2450,2444,31116,26,0.04
200000,44386,13,39.99,39.99,10,705,640,34894,7,,5,2,18806,2251,33044,,0.16
200000,43140,590,60,15,0,3187,9,1775,6.3,55,24,33,,,,4,0.01
197450,42486,796,15,11.24,838,1877,118,27589,6.6,67,152,15,2435,3780,29565,158,0
196982,42824,631,20,10,416,12089,41,10566,8.4,86,337,90,150,2246,24806,55,0.31
195708,42220,1062,10,5,228,1143,4,78,7.9,66,44,9,42,2262,28297,33,0.26
195389,42075,1207,15,14.99,23,4776,2,14,4.3,64,127,58,63,1983,20240,4,0.06
193030,41550,1207,15,4,243,618,2,453,6.9,45,102,5,41,1485,9640,18,0.19
192670,41744,1538,4.99,1,468,16064,3,5927,6.1,59,40,8,47,3162,18541,0,0.19
191401,41390,1538,6,3,599,1861,2,149,7.2,59,277,32,129,2047,8160,6,0.18
190545,41593,1689,21,15,270,287,3,903,7.9,65,99,20,31,462,1436,13,0.05
190000,42556,1174,60,24,1,671,11,4381,7.1,67,45,26,1946,5106,43955,1041,0.01
190000,43123,607,40,10,53,12975,19,35578,5.7,59,83,57,,,,7,0.14
189513,42618,664,15,4,778,9285,16,29979,7.5,73,126,50,98,3286,22971,22,0.16
189415,41704,1578,15,4,525,395,3,311,7.7,75,47,13,82,1794,10401,6,0.02
189408,42027,1255,12,11.99,256,572,5,7413,7.5,64,17,10,24,2725,15239,12,0.01
186812,41515,1255,6,2,1007,40835,3,387,8.1,79,142,43,42,1603,6768,0,0
186765,41568,1767,15,1.5,589,4852,4,964,6.8,77,46,14,436,1399,7893,4,0.95
184404,42314,968,8.99,4,839,303,6,437,7.2,79,52,10,613,2065,17704,4,0.02
183809,42402,880,20,19.99,37,1353,6,5774,6.9,70,40,37,33,471,8699,11,0.01
183744,41851,1431,15,14.99,764,42532,5,107,1.5,57,510,47,32,3901,4784,29,0.96
183147,42423,859,20,2,567,2601,2,26021,6.6,77,84,36,81,1140,7194,317,0.01
181671,42439,843,15,3,701,4173,7,4568,7,69,37,23,246,2332,37410,32,0.23
181210,41715,1567,10,2,1222,1745,2,54,3,45,171,14,28,2454,5379,12,0.22
180758,41803,1479,15,14.99,361,65345,4,2046,7.6,73,55,17,76,1743,5663,0,0.16
180587,42690,592,15,14.99,51,9590,113,10836,2.1,43,75,7,90,4924,40009,16,0.14
180452,41796,1486,4.99,0.49,699,39,1,35,6.2,70,9,4,826,622,512,0,0
180000,42871,859,50,9,25,1436,12,275,6.9,55,36,33,,,,6,0.01
179750,42933,349,15,6,454,1683,40,39458,8.3,80,150,63,1047,5192,68971,25,0.25
179268,41800,1482,30,3,284,22449,4,138,5.7,52,109,13,73,3827,19181,37,0.94
176242,42712,570,10,5.99,301,109750,11,18883,8.7,80,80,8,248,12788,46651,111,0.2
175000,44348,9,24.99,22.49,11,4271,119,32484,0,0,0,0,14676,2407,69315,1,0.35
174216,42199,1083,15,5,344,7888,8,3817,4.9,72,53,32,100,1812,19713,27,0.12
171616,42958,324,50,20,477,7001,28,2426,7.4,70,80,28,1102,4239,46559,50,0.19
171576,43013,269,40,7,113,4037,4,20927,6.7,87,28,12,681,1985,25209,4,0.17
171206,42249,1033,20,10,479,1168,6,5654,6.4,72,76,19,116,2321,28974,14,0.01
170731,41695,1587,40,8,769,85155,6,2133,7.7,58,545,16,108,0,15039,259,1.136363636
170000,43433,976,29.99,13.99,145,975,22,5582,7.3,66,12,15,736,2220,83195,2,0.04
170000,43903,2,60,60,6,3366,393,14181,7.3,83,81,31,,,,0,0.83
170000,42759,971,30,1.5,363,14493,2,305,5.4,59,26,22,3011,89,1852,6,0.04
170000,43258,472,50,10,15,18760,11,9706,6.4,73,40,38,626,366,2405,3,0.11
169249,41443,472,15,14.99,309,1279,5,4736,6.9,80,36,9,52,1060,6766,0,0.01
168191,41928,1354,15,7,153,170441,5,75,4.8,61,66,20,148,1553,10322,3,4.761904762
167728,42992,7,30,10.49,1091,26134,98,131032,7,84,364,87,6086,4207,56408,199,0.25
167656,42459,823,15,14.99,780,745,7,7608,7.6,74,38,16,267,4344,34859,127,0
166666,42185,1097,25,12.49,562,617,5,5635,8.5,70,15,7,433,1844,27693,6,0.03
163931,42684,598,29.99,10,571,437,4,2806,7.7,81,28,5,312,2394,24277,9,0.01
163754,41525,598,9,4,368,100,17,117485,7.7,83,83,7,34,2348,13344,9,0.03
161852,42979,303,18,10,135,933,19,17014,7.9,80,49,16,492,7581,47970,5,0
161824,42263,1019,9.99,5,473,2954,4,16820,7.4,69,18,6,958,2137,19404,33,0.22
160193,41380,1019,10,2.49,1072,1649,9,1208,5.4,61,68,15,12,959,4201,3,0.17
160000,43249,304,15,4,289,39546,342,47635,4.7,47,478,63,21,2177,59130,29,0.94
160000,42943,66,20,11,167,5945,55,47777,0,0,0,0,4839,9558,118007,9,0.23
160000,42948,782,15,7.5,43,3637,8,19432,5.5,72,29,29,,,,1545,0.19
160000,43438,292,60,20,95,2652,63,3307,7.1,72,98,28,,,,71,0.01
160000,42976,754,60,21,20,10628,23,4759,6.4,70,20,38,71,357,9126,55,0
158389,41409,1873,15,2,798,2470,2,547,7.7,77,129,42,25,667,3569,6,0.12
157469,41774,1508,15,3,524,8346,10,30997,6.4,55,96,9,32,2704,19446,3,0.41
156272,42198,1084,15,3,437,2645,3,3292,7.1,69,14,6,102,1490,10257,38,0
155024,41730,1552,20,5,744,961,3,381,5.6,60,63,7,153,1587,3830,82,0.03
154901,41942,1340,17,11.99,486,1088,5,16827,7.4,80,127,13,344,1068,28280,3,0.07
154523,42206,1076,40,14,89,986,5,1122,6.8,57,91,43,88,510,11054,33,0.04
154000,42669,401,5,3,329,10760,4,4141,7.5,48,4,2,231,4108,25563,185,0
152554,42781,501,7.99,3,732,3863,6,13706,6.8,78,13,5,156,5345,28604,56,0.03
151645,42431,851,18,17.99,28,21518,8,4517,5.9,46,21,8,149,2491,17264,3,0.07
151459,41940,1342,10,4,356,245,4,5051,8.3,68,30,10,48,1116,2795,3,0.02
150000,44168,7,60,54,2,80,80,1741,0,0,0,0,,,,10,0.01
150000,43573,17,20,14.99,151,44824,193,40990,8.4,78,46,23,13403,10415,31790,103,0.6
150000,43874,22,50,50,0,1244,0,3360,0,0,0,0,,,,28,0
150000,42886,1523,19.99,4.99,451,58826,10,32925,8.8,69,18,17,428,1302,22044,20,0.02
150000,44259,7,12.74,12.74,146,30986,483,68823,8.1,84,58,43,51156,13156,41004,4,1.162790698
150000,43273,457,50,49.99,14,2234,30,1421,2.9,43,44,22,67,746,6744,5,0.09
150000,42444,1286,50,20,15,7825,8,1112,7.1,71,24,29,,,,19,0.04
149712,41576,1286,25,24.99,1150,435,14,12860,7.2,59,118,7,54,3110,7239,26,0.01
146543,41688,1594,10,5,303,437,4,5723,8.2,84,28,4,24,1558,13183,320,0.08
146235,42576,706,60,30,508,48878,306,57120,5.5,67,290,90,667,4883,169258,98,1.333333333
144484,42451,831,10,5,295,3169,7,2273,5.6,72,37,35,12,434,20109,123,0
140000,43165,565,50,17,44,6311,123,10957,7.8,85,44,11,,,,104,0.04
140000,42864,866,15,5,151,1334,4,1513,7,79,33,31,,,,725,0.04
139426,42818,464,15,14.99,184,98075,44,17619,7.7,80,81,11,5565,8045,43810,23,0.23
139359,42606,676,30,10,750,2905,36,35424,7.7,76,149,36,151,2424,49653,9,0.23
138895,41449,676,15,14.99,1004,347,1,83,7.2,82,24,4,4,357,399,3,0.01
138534,42032,1250,10,2,1297,1485,6,2005,7.6,61,155,9,69,3262,18375,3,0.02
137434,42380,902,15,9,561,4279,16,7027,6.1,65,60,39,25,2071,10884,3,0.13
137144,41537,902,5,2,196,2211,13,13313,7.6,77,116,7,12,2795,5888,15,0.04
137022,42451,831,10,2,156,743,13,106185,7.8,68,19,13,22,1043,8653,3,0.13
136652,42234,1048,20,5,748,,3,866,7.3,80,79,49,7,604,10878,16,0
136473,42214,1068,11.99,1.67,327,1201,5,16441,6.1,66,10,6,33,2118,11877,3,0.1
136011,41705,1577,9.99,2,797,113,5,14713,4.6,63,7,4,10,1018,1423,0,0.01
135151,42815,467,15,3,499,352106,17,44382,7.1,80,71,42,231,2471,32143,145,0
134000,44372,5,59.99,59.99,8,32712,752,108136,5.7,70,190,104,,,,14,0.22
133510,43076,206,50,16.49,181,14574,84,11538,7.7,73,147,37,1643,3534,95545,14,0.49
130612,41424,206,20,19.99,351,458,1,264,8.1,77,208,21,45,1132,12635,3,0.06
130000,43417,313,20,10,96,139,1,2443,5.8,64,15,8,,,,3,0.01
130000,42829,901,15,4,99,2410,8,38532,5.3,61,61,34,,,,13,0.01
130000,42045,1685,13,5,86,720,1,373,7.2,74,31,33,,,,3,0.02
129872,42888,394,10,2.49,103,5106,6,566,2.6,68,14,8,172,5009,27808,3,0.05
129644,42255,1027,10,2.49,205,745,2,1000,7.8,72,16,16,516,1686,29733,5,0
127734,41382,1027,15,14.99,977,1395,2,15144,7.7,70,143,23,8,2594,5740,43,0.05
127000,44350,31,19.99,17.99,38,20445,72,46914,,,,,6755,3114,35035,4,0.08
125302,42621,661,20,4,461,2978,15,6040,7.8,71,18,13,420,487,26071,0,0.01
123994,41970,1312,10,1,530,13345,4,518,6,68,69,21,53,921,11507,5,0.03
123277,42110,1172,15,14.99,562,1212,4,12416,7.7,80,41,23,75,1450,15231,17,0.02
122039,42037,1245,4.99,0.49,563,7322,2,192,6.4,76,8,4,12,1138,5279,3,0.55
121460,42024,1258,15,14.99,418,712,6,17053,7,70,82,48,14,330,1732,0,0.13
121344,42584,698,40,8,71,1229,10,12078,8.3,67,46,21,31,1573,25862,8,0.05
120376,42522,760,20,19.99,156,6875,10,7821,7.2,70,41,11,59,2923,49602,79,0.13
120000,41814,1916,13,3.24,171,836,4,2663,7.9,59,139,29,8,1212,8531,9,0.19
120000,43496,432,40,20,9,2248,34,10717,7.2,69,39,22,,,,15,0.09
120000,42752,978,15,0,42,5843,15,2786,5.7,49,40,24,,,,0,0.02
120000,42563,44,15,4,429,49493,28,5437,7.2,71,96,67,148,375,6733,10,0.23
119191,41466,978,15,14.99,195,900,1,19,4.3,73,73,6,7,1232,1711,0,0.18
118976,42881,401,4.99,1,482,2316,9,41929,8,81,29,4,80,3621,13057,52,0.06
117534,41611,1671,10,1.99,232,1855,6,6028,6.7,64,87,31,12,301,2231,3,0.07
116134,41774,1508,10,2,308,306,8,3788,7.6,72,8,12,22,1198,6731,0,0.02
116099,42707,575,9.99,2,832,22135,6,3552,5.5,84,45,15,46,1571,9435,566,0.14
116064,42656,626,19.99,6,42,1269,3,1729,6.2,68,11,5,390,784,6610,11,0.01
114826,42615,667,15,10,582,7137,18,28920,8,75,48,42,85,1366,23245,15,0.04
114359,42453,829,20,19.99,554,4569,10,32445,7.8,80,109,29,59,2204,39303,836,0.1
114116,42878,404,35,34.99,96,1911,6,1696,7.1,73,20,11,864,2703,67891,3,0.05
112755,41548,404,9,2,585,1196,1,18,5.7,47,33,5,67,804,1701,0,0.09
112346,42153,1129,14.99,7,174,794,3,3289,8.7,75,34,4,313,1171,20424,11,0.01
112315,42076,1206,9.99,1,466,5626,6,2809,5.4,55,20,5,24,945,4097,0,0.16
112235,42187,1095,20,5,462,636,3,1529,7.6,71,74,17,77,1382,15164,3,0.1
111000,44145,140,59.99,29.99,121,3949,96,76982,8.8,81,39,74,855,931,7598,0,0.29
110123,41771,1511,10,2,303,675,2,116,6.8,72,86,60,16,644,2081,0,0.02
110000,42656,1074,35,8.74,77,7508,3,738,7.2,66,49,40,27,342,3898,0,0.07
110000,43018,712,30,15,32,2114,36,3309,7,71,37,12,295,3814,31282,17,0.01
108610,42450,832,14.99,7,213,1103,15,2730,6.1,50,15,4,63,2683,25220,14,0.01
108601,42391,891,20,1,417,2637,2,3001,5.7,62,9,9,20,774,1979,3,0.01
108416,43004,278,20,10,264,24294,78,107040,7.8,79,136,47,90,2871,74182,70,0
106207,42706,576,13,3,318,17525,4,18223,5.6,67,9,8,27,1997,17882,13,0.14
105319,42040,1242,10,2.99,108,9399,2,103,1.7,47,228,20,117,1907,16151,47,0.4
104354,41824,1458,9.99,1,310,108,1,8,6,66,4,4,18,258,489,0,0
103984,42122,1160,30,9,61,1289,9,585,7.1,58,89,22,13,120,3980,6,0.07
103873,43217,65,12,6,448,2784,75,33485,7,73,29,11,1321,4127,17883,24,0.28
103651,43152,3,30,10,214,82851,331,44890,1.9,62,1441,100,153,3639,36066,6,0.97
103074,42340,942,29.99,2,384,1321,4,651,6.8,69,36,26,544,917,16257,3,0.06
102656,42418,864,20,2,667,1225,19,32223,7.2,83,64,20,166,5269,17126,17,0.07
102014,42389,893,12,10,377,8594,56,7143,7.9,79,184,52,1216,3906,98630,55,0.13
101857,41919,1363,15,4,453,11466,62,6901,7.5,74,88,39,42,627,4961,3,0.11
100663,42039,1243,20,2,386,2970,6,200,7.7,77,72,26,333,1365,15149,0,0.13
100395,41305,1243,20,2.49,103,183,1,108,6.7,70,18,12,10,166,596,0,0.16
100000,42647,152,20,4,515,10526,30,10037,7.1,71,97,45,1474,5151,82934,56,0.23
100000,42801,929,60,36,6,1460,9,886,7.1,78,50,33,85,487,25583,27,0.01
100000,43321,561,30,27,3,1576,13,22092,7,0,1,0,138,196,5024,8,0.02
100000,43251,260,20,13,612,3555,22,5974,7.5,71,24,17,940,3686,17052,141,0.14
100000,44397,7,19.99,16.99,88,8248,287,54916,8.2,89,146,58,3740,1787,27930,24,0.07
100000,43861,563,19.99,7.49,235,1082,12,27004,7.4,65,25,2,391,1116,8616,1,0.03
100000,42797,184,20,14,27,13751,10,3629,7.9,81,388,54,,,,3,0.13
100000,44231,5,10,9,0,,0,0,0,0,0,0,3746,6022,7929,4,0
100000,44336,88,16.99,15.29,15,12087,58,34948,,,,,2523,1173,36744,0,0.03
100000,43046,42,30,18,213,13753,91,45824,8.3,82,94,62,739,3260,58584,92,0.16
100000,43573,7,10,10.04,510,24524,98,47798,8.9,83,300,64,1520,14884,5382,449,0.23
100000,42675,167,25,14.99,1078,12648,47,124483,7.6,88,477,96,88,4381,44728,138,0.25
100000,43186,30,20,13,246,34403,110,45622,8.1,71,14,5,3586,14370,93575,8,0.24
100000,43438,292,60,20,69,1968,46,2259,6.2,73,43,26,,,,38,0
100000,44282,34,19.99,10.39,80,321,31,8086,0,73,0,9,848,3007,24150,77,0
100000,42928,355,15,9,246,9919,120,137276,7.9,84,90,29,163,1655,18167,53,0.12
100000,42395,9,40,15.99,2842,42668,193,88107,7.1,87,1177,113,445,8499,116285,89,1.612903226
100000,43971,264,19.99,7.99,349,72851,13,36607,7.3,66,15,5,1707,3152,34649,2,0.03
100000,41782,12,40,20,1811,52758,81,9216,7.1,76,520,68,2357,11120,48131,437,1.19047619
100000,43728,14,20,15,96,12709,168,31186,7.6,81,172,55,,,,244,1.041666667
99197,44364,47,24.99,22.49,9,15188,46,58299,,,,,3330,2440,32117,1,0.04
98179,41954,1328,15,4,372,2354,4,2384,6.3,69,26,10,25,1117,2529,0,0.03
97796,41908,1374,15,4,349,16315,8,11199,7.1,74,115,31,16,2101,13210,288,0.14
97000,42938,90,40,10,140,5573,185,40189,6.4,72,22,12,7777,4114,80430,474,0.13
96765.55556,43389,7,60,20.99,75,16091,59,7192,7.8,78,236,94,82,86,2924,21,0.12
96283,41829,1453,10,2,357,564,6,210,7.1,82,78,40,939,1038,5352,19,0.02
96114,42292,990,15,4,488,914,3,161,8,81,215,17,156,2346,33790,8,0.06
95557,42843,439,15,14.99,1234,3207,26,16541,7.5,77,101,40,62,1488,9639,3,0.07
95000,43004,726,60,24,32,4315,33,15029,7,66,48,39,60,383,13729,26,0.08
95000,43032,698,20,4,456,15481,18,24734,6.6,66,114,45,,,,18,0.21
95000,42976,1368,14.99,0,80,666,8,8229,8.1,81,22,44,,,,1,0.01
94279,42110,1172,4.99,0.49,346,671,3,600,3.6,39,7,4,510,635,2068,0,0.03
92537,41775,1507,25,3,436,539,3,489,6.3,73,74,13,344,999,3187,32,0.04
91947,41582,1507,5,1,508,690,5,18069,6.9,65,42,19,131,1253,2056,11,0.06
91301,41589,1700,9,1.34,625,200,1,1281,7.6,73,24,7,425,497,1213,20,0.1
91287,42103,1179,9.99,2,415,531,9,9921,6.6,70,10,4,39,1149,7102,75,0.02
91000,42892,838,40,7,14,730,2,24,6,58,24,14,16,114,1578,3,0.03
90750,42878,404,50,24.99,15,1666,10,287,6.9,74,17,31,27,265,3168,90,0.03
90685,43076,206,19.99,19.99,274,1179,7,5131,8.3,90,12,4,436,2400,26264,81,0.17
90572,41837,1445,20,19.99,165,47,3,131,7.7,69,21,16,23,865,10402,3,0.02
90398,41864,1418,20,2,572,31515,5,189,8.5,69,100,31,91,2241,21871,9,0
90000,41744,2028,10,3,15,1091,1,9,3.2,37,29,5,,,,0,0.01
90000,43305,425,30,13.49,25,13469,19,3945,6.7,65,22,17,1933,3203,23794,3,0.08
89221,42956,326,25,12,150,1174,10,31721,7.7,89,218,54,52,690,4680,3,0.04
88976,42661,621,10,2,528,9454,5,4719,6.4,71,21,11,81,3792,9509,17,0.03
88829,42048,1234,20,4,250,4239,4,4172,3.3,48,54,10,28,1429,8467,8,0.07
87217,41487,1234,27,5,93,2506,5,1729,7.6,62,13,7,131,1626,25049,3,0.1
87209,42115,1167,15,4,256,23811,4,14615,5.5,72,30,17,74,1128,18143,5,0
87152,43133,149,10,4,540,30189,47,39122,6.1,69,7,7,748,2359,21125,12,0.06
87019,42949,333,40,23.99,182,3387,23,5040,8.6,80,177,26,444,2476,41624,209,0.03
86204,41739,1543,20,5,158,1412,2,1120,7.1,73,85,22,99,682,5546,3,0.05
86010,42185,1097,13,3,426,17364,3,850,7.7,71,47,43,40,1083,8290,19,0
85901,42241,1041,9.99,5,326,912,4,413,6,72,7,5,558,2116,9382,397,0.04
85842,41971,1311,10,1.49,36,1622,1,3201,2,26,51,4,4,70,874,0,0.63
85573,42507,775,13,1.94,177,461,6,6326,6.8,77,11,15,432,1819,14579,42,0
85000,42418,90,20,8,671,2154,29,31575,8.5,82,138,10,3374,7804,57219,2071,0.03
84620,43077,205,59.99,12,99,1732,12,691,7.6,75,42,16,298,694,12715,81,0.02
84513,42208,1074,15,7,116,4618,4,1198,7.3,72,31,9,83,1248,22434,48,0.21
84014,41478,1074,16,8,404,378,2,680,8.1,67,38,4,11,1044,3889,10,0.04
83551,41318,1804,20,5,160,1652,1,126,5.4,45,148,28,10,394,884,0,0.41
83090,41747,1535,20,5,168,1635,3,282,6.9,72,40,9,15,433,8958,0,0.06
81722,42852,430,30,11.99,132,3401,12,4542,8,74,101,33,398,2160,33983,7,0.09
81026,41288,430,15,10,262,233,1,5,6.8,55,16,13,18,809,3509,0,0.07
80154,42955,327,15,7,875,13273,41,26352,7.4,79,110,14,205,2934,26187,480,0
79925,42303,979,10,4.99,278,5635,3,126,7.9,85,59,10,57,998,34586,6,0.04
79909,41458,979,4,2,295,,3,605,4.2,41,265,21,14,1030,1718,0,0
79625,42627,655,20,19.99,412,82738,7,31570,6.7,75,47,34,35,1769,22727,36,0.05
79276,42103,1179,30,29.99,87,2905,2,66,5.4,70,103,17,46,1772,18936,6,0.22
79000,42878,852,50,7.5,19,851,6,660,7.2,68,39,22,,,,94,0.01
77071,42209,1073,13,1.29,100,48,1,117,3.7,57,6,10,13,195,1877,0,0
77010,41361,1073,3,1,346,2994,2,873,6.4,73,21,8,6,499,460,0,0.01
76847,42198,1084,9,1.79,195,,2,1291,5.8,59,18,10,6,947,20000,0,0
76662,42655,627,10,4,556,789,9,7750,6.9,81,18,5,67,923,11992,3,0.04
76576,42822,460,20,19.99,369,52302,22,7271,8.1,71,104,40,177,2246,28017,3,0.28
76220,41767,1515,20,5,88,138381,3,9457,7.4,64,17,7,7,1095,2141,0,0.34
75165,41718,1564,20,5,190,509,10,101725,7.7,72,36,17,21,705,5101,3,0.04
74884,43214,68,20,4,165,12649,120,25631,6.5,74,48,57,51,1305,24649,21,0.05
73841,43223,59,16.99,11.99,151,2587,21,25847,7.9,72,7,5,511,1281,58020,6,0.01
73833,42093,1189,10,2,267,585,2,69,6.2,69,11,8,17,484,2398,3,0.01
73734,41704,1578,6,5.99,466,3379,4,13272,7.1,87,145,8,8,1029,9126,666,0.18
73251,42538,744,20,19.99,338,4255,3,158,5.4,75,13,11,49,779,3906,0,0.02
72720,42213,1069,20,5,230,341,2,245,7.1,62,16,10,8,606,1027,5,0.09
72321,41782,1500,59.99,14.99,65,1040,2,2450,7.9,81,97,6,100,1246,24387,3,0.05
71974,42992,290,30,29.99,135,1772,5,542,6.5,74,12,16,355,1801,47629,59,0.03
71209,42270,1012,13,3,398,305,2,699,7.6,60,14,10,6,434,3254,3,0.01
71175,42359,923,15,14.99,590,1043,7,682,7.3,77,24,15,29,1457,8603,8,0.03
71146,41955,1327,20,2,324,2137,6,2920,6.7,60,64,32,31,918,5282,0,0.02
71000,43580,764,19.99,7.99,180,12057,34,22535,7.5,72,50,30,512,1335,20963,17,0.03
70431,42135,1147,10,2,280,3231,2,122,5.9,57,190,44,9,1126,13268,11,0.45
70000,44336,40,39.99,39.99,,279,,,,,,,4423,1097,11502,,0
70000,43066,1270,14.99,1.49,131,1534,8,39838,6.4,0,5,0,90,956,9163,23,0.02
70000,42983,747,50,7.5,12,653,6,367,7.8,75,27,22,,,,0,0.01
69530,42110,1172,15,3,306,2227,2,165,6.2,66,33,9,17,699,5082,61,0.07
69420,43444,35,20,15,186,,20,26539,8.3,88,135,19,347,6722,26772,3,0
69255,42292,990,15,14.99,438,15731,2,3509,7.2,78,19,20,30,551,4476,25,0.02
68424,41537,990,5,4.99,332,756,4,760,7.1,65,78,4,187,1857,2624,9,0.04
68038,41899,1383,10,1,424,217,1,12,7.6,68,16,8,14,378,1521,0,0.02
67316,42200,1082,9.99,2,412,451,4,1911,8.8,80,32,6,13,968,4017,3,0.01
67000,43256,474,60,33,2,391,4,1382,4.8,70,9,12,3912,386,6078,50,0
66929,42240,1042,20,19.99,101,665,11,1560,7.6,80,29,8,54,1234,17076,222,0.01
66897,43075,207,15,1,244,7068,6,11637,7.1,81,14,13,186,700,6050,245,0.08
66546,42571,711,13,1,527,11582,12,14806,7.8,81,36,21,118,1552,14911,14,0.06
66375,42451,831,20,19.99,204,1099,3,80,3.3,92,231,8,62,628,2211,2,0.01
66332,41544,831,20,19.99,108,935,2,404,6.8,66,82,17,62,380,1753,0,0.11
66045,41418,1738,9,8.99,280,889,2,247,7.7,77,37,8,3,617,2781,26,0.05
66040,41543,1864,5,1,462,183,2,96,8,84,43,5,7,330,1434,9,0
65634,42440,842,20,19.99,69,1617,6,4737,4.7,40,150,28,5,280,4017,7,0.03
65065,42755,527,40,30,71,12030,71,2538,5.2,62,36,20,32,2264,34993,21,0.18
65019,42507,775,17,4,349,1756,10,16418,6.7,53,52,46,18,856,19447,11,0.07
64735,42306,976,13,1,1086,358,71,312,8.6,76,58,11,172,1239,18004,6,0.01
63745,41950,1332,20,1,931,22415,3,2845,6.9,66,137,18,17,7424,15460,302,0.07
63000,43018,712,30,10,29,502,6,1053,6.8,77,12,21,6,156,1691,22,0
62365,42613,669,20,8,411,351,3,4661,7.3,70,10,7,16,488,6734,0,0.01
62348,42793,489,10,2,672,2774,36,37433,7.1,81,61,21,44,2866,8137,51,0.14
62085,42159,1123,4.99,2,197,1742,2,1308,7,71,15,5,30,825,3504,25,0.1
62000,43657,687,16.99,6.79,474,10359,25,141213,8,82,107,54,119,695,7389,44,0.06
61903,41961,1321,10,9.99,303,428,3,335,7.4,75,51,23,7,519,1961,2,0.02
61729,42187,1095,4.99,1,1159,299,5,947,7.2,83,15,4,2366,1995,1187,25,0.01
61000,43417,313,20,10,18,177,1,2,6.1,62,19,13,,,,0,0.01
60456,41733,1549,4.99,2,167,627,3,6312,7,79,15,6,14,475,4788,0,0.01
60211,42465,817,19.99,19.99,48,493,5,16471,6.6,80,8,5,19,793,15224,0,0.01
60000,43039,691,60,60,1,458,3,210,6.9,71,19,9,,,,0,0
60000,41907,37,20,5,1852,34290,10,13087,8,82,933,108,33,7977,77833,221,0.44
59942,41800,1482,20,0.49,376,237,2,390,6.8,68,13,14,109,597,1681,2,0.09
59822,42257,1025,10,2,453,1196,4,8773,7.5,80,51,28,28,1328,5786,2,0.27
59676,42577,705,20,19.99,483,3694,15,24494,7.6,78,78,70,52,706,8637,5,0.05
59586,41580,705,5,0.99,193,136,2,454,6.7,73,33,7,11,350,2352,2,0.02
59295,41689,1593,4.99,4.99,257,277,2,243,7.1,66,18,5,4,559,573,0,0.01
58523,41521,1593,6,1,290,99,1,164,5.5,73,20,9,4,462,1429,2,0.01
57511,43083,199,10,5,788,6979,25,5111,8.3,81,123,18,132,7675,39376,759,0.08
57000,43032,698,30,15,24,1234,13,5145,7.9,77,25,23,16,259,5390,76,0.01
56854,42194,1088,20,6,315,4240,4,5336,7.1,79,31,18,13,1167,16103,2,0.05
56722,42818,464,19.99,19.99,125,2788,3,109,6.8,86,8,5,174,665,2314,0,0
56578,41323,464,15,4,471,266,1,16,7.2,68,31,6,4,197,792,0,0.02
56447,42944,338,20,5,630,12946,67,27130,7.7,74,57,61,579,26,33997,2,0.08
55987,42510,772,15,1,264,509,3,620,6.6,54,30,10,30,1234,5059,2,0.02
55790,41387,772,15,4,111,76,2,1952,6.7,66,17,6,3,468,4757,0,0.02
55645,42124,1158,20,2,272,552,2,328,4.1,47,16,8,7,406,4707,0,0.06
55442,42159,1123,20,7,241,922,1,339,7.4,68,22,18,10,505,11776,2,0.04
55156,42141,1141,10,2,169,574,9,79396,5.8,55,8,23,13,1291,9337,16,0.02
54489,41793,1489,15,7,248,1111,11,141877,6.9,80,75,14,7,583,4772,2,0.09
54081,41957,1325,20,10,156,660,2,724,7.8,71,122,9,49,984,11578,2,0.07
53976,42934,348,9.99,3.99,125,674,20,8070,6.5,80,10,5,129,913,11795,7,0.7
53052,41457,348,15,7,92,,3,1655,6.7,58,15,14,618,337,6680,0,0
53000,43696,76,9.99,6,89,17890,35,29480,7,69,123,40,,,,2,0
52810,42675,607,19.99,7,97,297,2,492,7.6,76,11,4,60,1215,20533,0,0.02
52272,42873,409,12.99,12.99,56,8744,9,31723,7.3,58,9,6,102,902,13624,40,0.01
52000,42864,866,40,10,26,18961,15,8724,6.5,65,13,25,39,514,10282,15,0.08
51934,41703,1579,1.99,0.89,166,10507,2,1102,7.4,72,15,13,6,321,903,0,0.03
51834,42067,1215,12,5,192,1048,3,3447,8,72,70,27,26,2036,18876,21,0.01
51000,43357,373,50,12.49,10,2827,27,1121,5.2,53,15,12,22,142,2978,0,0.04
50924,41529,313,16,15.99,221,812,2,71,7.7,72,105,13,9,652,3079,2,0.1
50619,42040,1242,10,9,106,6367,3,2596,7.5,76,27,10,11,1051,6593,2,0.04
50500,42831,451,13,12.99,15,641,3,301,7.9,77,79,19,7,31,263,2,0.02
50476,42969,313,15,7,18,7824,56,34144,6.7,67,17,32,77,924,7039,92,0.02
50402,42978,304,40,13.99,52,2201,11,3702,7.2,77,11,8,754,1078,35104,7,0.04
50124,42901,381,15,14.99,5,6218,8,631,6.4,71,5,7,593,341,4403,0,0.08
50000,44006,7,9,9,8,124,2,17783,0,80,0,1,2514,1378,16566,3,0.02
50000,43809,203,60,42,0,300,7,342,6,65,36,5,131,80,4227,1,0.02
50000,43060,670,20,9,49,1699,8,29779,5.6,59,38,17,5,81,1357,2,0.03
50000,42957,21,11,8,168,6665,20,37187,8.1,87,116,31,505,3739,29074,61,0.27
49953,41726,1556,10,9.99,257,134,2,12,7,67,5,10,5,288,940,2,0.01
49640,42495,787,15,3,1245,717,7,32298,7.6,77,63,24,336132,2283,6333,25,0.03
49531,42635,647,15,9,26,532,8,16294,7.1,65,18,24,141,620,7869,5,0
49413,43264,18,35,17.49,29,39520,86,37341,6.4,67,16,9,854,3379,22090,0,0.09
49328,41770,1512,10,5,356,195,16,98462,8,82,54,24,13,651,5548,15,0.02
49146,41575,1512,5,2,218,925,2,137,7.4,65,45,9,6,589,623,0,0.02
49000,43875,31,60,60,66,11458,95,43582,8.9,89,1066,76,,,,18,0
48881,41961,1321,15,3,187,12107,3,306,3.5,52,75,23,24,975,9488,16,0.28
48819,42537,745,20,10,6,3996,2,18,5.7,64,6,6,316,325,3146,0,0.08
48027,43087,195,30,29.99,59,2153,35,29657,8.8,79,32,22,375,1654,13041,0,0.08
48000,43186,544,50,25,12,492,5,3787,6.2,61,16,24,,,,6,0.01
47858,42765,517,7,2,34,3125,17,2137,6.3,50,51,30,7,546,3146,71,0.02
47619,43896,4,20,18,10,237,38,28304,7.4,75,7,6,3337,1494,19117,7,0.03
47422,42247,1035,10,3,323,4452,4,3225,7.6,79,118,31,21,1192,14763,2,0.43
47000,44265,7,39.99,35.99,36,14330,106,10120,6.6,65,22,26,4434,1730,42567,3,0.09
47000,43440,290,20,14,18,884,10,859,7.3,70,33,28,,,,140,0.03
46979,41409,290,10,1.99,354,753,2,8,7.1,69,37,15,23,485,707,0,0.06
46491,41393,1873,6,3,291,588,1,127,7.3,55,30,10,3,387,281,0,0.05
46298,41970,1312,15,1.49,189,191,2,49,6.8,78,22,13,20,568,9074,7,0
46000,42080,1692,9.99,4,1,920,3,1469,7.3,83,35,6,,,,8,0
45797,41899,1383,9.99,3,246,484,7,26387,4.8,50,8,6,3,352,2352,0,0.02
45793,41576,1383,15,4,279,779,2,449,5.9,59,39,13,3,623,3722,0,0.02
45719,42768,514,20,2,142,2670,15,28601,6.3,66,27,34,20,820,15897,2,0.08
44801,42563,719,29.99,6,67,496,12,119,8.5,81,4,6,47,767,10323,68,0
44680,42865,417,10,5,457,1305,6,6741,8.2,84,84,9,224,2877,13016,67,0.31
44123,42488,794,15,1,324,,2,1217,6.6,71,19,23,12,574,6360,0,0.48
44000,42710,1020,20,19.99,24,1100,9,29825,7.1,76,28,17,8,109,1389,0,0.02
43746,42104,1178,10,2,300,390,3,1344,7.6,72,83,37,14,764,4739,10,0.01
43024,42096,1186,14.99,4,151,541,1,6467,7,59,24,5,24,666,18513,0,0.03
42031,41927,1355,20,5,185,533,4,9108,7.7,74,88,38,356,689,6530,2,0
42000,43078,652,15,5,32,297,2,1727,6.9,79,18,20,,,,0,0
41954,42587,695,15,7,410,349,7,8023,8,80,18,12,6,336,606,2,0
41866,41963,1319,7.99,2,216,62,3,381,6.7,73,14,4,7,339,1122,0,0
41818,41592,1319,30,20.99,56,428,2,518,7.4,68,51,12,26,460,11031,0,0.05
41705,42320,962,19.99,19.99,46,315,7,4070,8,86,22,6,16,862,6522,34,0.02
41411,41369,962,15,14.99,59,1282,1,440,6.4,52,55,13,35,278,1461,0,0.33
41288,42622,660,9.99,2,130,42341,4,108,6.6,70,14,6,30,626,13708,2,0
41276,43158,124,29.99,20,126,17739,15,6716,7.8,85,174,64,280,928,16825,18,0
41216,42145,1137,15,14.99,382,459,3,338,7.8,82,65,26,29,930,4688,7,0.02
41186,41473,1137,10,2,278,633,1,31,6.3,59,29,14,6,250,613,2,0.06
40975,41675,1607,6,3,157,133,1,29,6.4,73,10,7,4,164,1479,0,0.01
40472,42647,635,14.99,3,52,1672,10,6301,6.4,69,5,4,56,207,3551,2,0.03
40365,42088,1194,15,14.99,206,824,2,268,4.8,71,20,9,4,424,4434,2,0.02
40240,41905,1377,20,5,72,5561,1,212,7.4,68,54,17,7,315,15441,0,0.12
40000,42822,908,50,9,3,311,4,96,6.6,74,30,16,,,,13,0.02
39748,41842,1440,13,12.99,154,2447,4,17548,6.1,69,17,13,39,593,11956,0,0.95
39288,42500,782,29.99,29.99,20,2933,4,227,4.1,69,12,5,78,443,6335,0,0.01
39209,41282,782,10,4,154,376,2,36,4.5,39,34,6,5,293,493,0,0.06
39000,43368,362,40,16,12,397,16,410,5.2,61,11,12,,,,29,0.02
38993,42478,804,20,19.99,79,268,3,47,8.5,75,11,9,35,601,11561,0,0.01
38487,42458,824,20,8,184,1213,25,19257,7.5,67,14,14,49,430,16959,6,0.02
38166,42829,453,19.99,8,2,1271,1,5529,6.9,59,19,4,8,48,1330,0,0.02
38018,41487,453,5,4.99,278,39,2,160,7.6,61,24,4,13,295,892,2,0.01
37625,42306,976,30,19.49,83,514,7,5026,8.6,80,94,7,129,1278,24081,2139,0.01
36837,41480,626,15,14.99,29,49960,1,15,1.2,20,93,6,5,38,510,48,0.2
36665,41963,1319,20,19.99,245,220,2,47,6.4,69,16,11,5,296,2639,2,0
36523,42122,1160,20,19.99,150,467,4,484,7.9,76,29,9,27,533,10817,672,0.01
35901,42062,1220,8.99,1.79,239,24441,3,5074,7.7,82,63,6,28,777,5334,2,0.54
35636,42668,614,25,24.99,31,3438,2,257,7.4,76,40,14,13,152,3511,0,0.36
35377,42209,1073,13,3,198,12779,3,2245,7.5,65,64,9,20,1411,25923,2,0
35192,41829,1453,4.99,0.49,215,58,1,18,8.2,83,17,4,10,250,376,0,0
35112,41556,1453,5,4.99,222,219,2,73,5,39,40,21,3,411,422,0,0.02
34841,41851,1431,19.99,4,144,2422,12,29824,5.7,58,21,5,13,455,1432,2,0.11
33903,42467,815,9.99,0.99,288,1560,4,800,7.2,80,11,4,19,380,5282,5,0.05
33291,42782,500,25,24.99,46,4560,3,177,6.3,52,24,13,77,726,10008,7,0.09
33213,42054,1228,25,14.99,182,627,2,71,6.5,79,29,11,4,261,6569,0,0.03
33000,41933,1797,10,1,11,132,1,45,4.3,37,26,10,,,,0,0.01
32942,43122,160,15,7,470,1495,12,28221,8.1,80,113,56,171,3662,20919,368,0.03
32916,41983,1299,15,4,262,274,2,240,6,65,11,14,10,270,6606,2,0.01
32717,41298,1299,5,4.99,124,530,1,8,6.5,53,36,15,5,322,1305,8,0.03
32695,43025,2,50,16.49,437,,331,56864,6.9,67,2288,58,1949,10989,160259,16,0
32452,41774,1508,9.99,0.99,180,72,3,303,7.8,72,9,5,14,608,3543,2,0
32402,42702,580,24.99,14.99,72,480,5,5609,8.6,83,24,5,394,1430,21535,14,0
32221,41326,580,6,1,228,98,1,85,6.8,70,18,14,75,366,560,2,0
32033,41722,1560,10,5,148,5333,6,92449,7.5,85,28,13,23,327,1158,2,0.01
32000,42997,733,20,0,21,3243,2,374,5.3,52,25,13,274,74,3116,33,0.01
31632,42313,969,20,5,62,541,4,2406,7.4,69,21,13,17,386,10843,2,0.29
31614,41751,1531,15,14.99,110,542,2,36,6.1,75,29,25,7,539,2711,0,0.02
31482,42976,306,20,19.99,23,1778,5,2541,6.9,74,30,16,236,356,2365,0,0.21
31258,42353,929,10,2,105,262,4,1998,7.7,58,22,16,9,346,1991,2,0.01
31114,41803,1479,40,14,67,298,1,18,7.1,74,57,15,67,381,18634,2,0.05
31002,42132,1150,9.99,1.99,215,23878,1,144,8.1,67,8,6,5,330,2815,0,0.75
31000,43025,705,35,14,62,3329,5,6934,8,80,28,19,112,554,345,261,0.07
30426,41277,705,5,2,233,36,2,40,6.5,77,15,4,6,495,884,25,0.02
30296,41788,1494,10,1,278,162,1,13,6.5,70,31,14,18,304,882,2,0.02
30047,42769,513,20,4,315,11187,10,7055,4.1,44,15,7,10,548,1400,0,0.91
30008,42019,1263,4.99,2,222,444,3,2244,6.7,57,9,6,8,1331,5540,1626,0.08
29487,41880,1402,20,19.99,77,151,1,5,6.6,76,18,11,4,301,3094,0,0.01
28966,41466,1402,10,4.99,160,111,1,29,6.4,74,9,9,2,92,206,0,0
28965,41765,1517,15,4,165,439,1,24,6.9,72,15,11,8,197,1480,0,0.03
28793,42016,1266,7,2.37,124,,1,21,7.1,65,14,11,179,79,3774,0,0.01
28702,41830,1452,10,2,198,336,2,142,7.4,63,37,9,7,140,1039,2,0.03
28391,41591,1452,5,1,206,479,1,415,5.5,62,34,16,5,379,367,0,0.11
28051,42052,1230,20,8,59,31153,1,1077,6.6,59,8,7,3,47,158,0,0
28000,42948,782,30,24,7,908,3,308,6.6,65,15,9,,,,0,0.01
28000,42962,768,20,8,37,1383,10,60,7.2,72,37,57,,,,2,0.04
27939,41894,1388,20,19.99,116,114,2,2221,7.6,71,23,9,17,740,7816,0,0
27000,43718,54,59.99,45,3,492,4,123,4.2,59,11,12,,,,2,0.01
26710,42685,597,15,4,194,8613,7,1243,7.7,80,74,15,18,429,3770,2,0
26542,43166,116,10,2.99,209,23401,16,37133,6.8,81,69,24,163,1328,11780,94,0.1
26507,42576,706,16,10,94,895,10,31444,7.2,81,22,30,14,572,9297,6,0.03
26392,42926,356,15,5,78,5414,12,10099,6.9,81,16,14,64,474,10112,2,0.07
26232,42493,789,15,14.99,35,979,3,4462,6.6,75,8,11,2,26,1465,8,0.02
26143,41843,1439,10,2,101,687,1,16,5.8,65,19,15,62,169,1403,0,0.24
26000,42934,796,2,1.99,45,15672,7,9459,6.9,69,20,18,2,10,106,0,0.63
25982,42187,1095,25,24.99,69,290,1,211,5.3,57,8,7,8,625,4334,0,0.04
25868,41668,1614,14.99,14.99,140,636,2,260,7,74,23,4,9,689,3933,2,0.05
25843,43133,149,30,10,47,2525,10,2075,7.5,84,46,18,66,505,3223,0,0.03
25751,42647,635,20,5,57,205,4,15108,5.8,48,5,7,41,226,855,0,0
25641,42857,425,15,14.99,289,260,9,1187,5,78,6,16,10,150,708,2,0.01
25583,42388,894,20,0.49,154,5766,1,1533,7.3,59,11,9,474,695,754,7,0
25427,42948,334,15,1.5,238,5539,10,17740,7.3,64,25,25,360,1128,10256,2,0.96
25327,43139,143,20,10,52,908,7,1873,6.3,68,4,12,22,474,27224,2,0.03
25164,42439,843,20,10,22,296,4,471,7,78,8,10,15,312,5151,16,0.01
25150,42485,797,15,9,68,6504,14,17111,7.5,71,16,11,50,604,12393,137,1.428571429
25130,41884,1398,10,0.99,57,433,1,107,6.9,68,13,9,7,256,1532,0,0.05
25000,42544,1186,10,3,26,390,5,1259,4.5,31,70,22,3,35,389,0,0
25000,42668,1062,20,2,62,1221,2,1322,7.1,63,24,15,95,759,13406,5,0.02
24688,42873,409,20,19.99,68,4224,10,10558,8.5,78,40,42,33,562,14938,15,0.02
24670,42773,509,15,3,110,1932,11,31826,7.1,61,22,14,58,617,25748,2,0.04
24569,42965,317,24.99,11,5,481,65,35335,3.7,55,6,6,63,669,5671,0,0.06
24535,41388,317,15,14.99,177,272,1,67,7.6,80,12,4,2,220,412,2,0.12
24334,42479,803,5.99,2.39,55,134629,3,2174,7.7,50,33,5,15,1149,4316,0,0.59
24244,41488,803,10,2.49,169,4853,3,847,7.4,67,26,6,6,199,727,2,0.17
24002,42662,620,4.99,4.99,173,423,2,97,7.8,66,19,4,200,328,2433,2,0
24000,43893,370,4.99,2.49,6,7,2,306,0,40,0,1,79,631,1372,33,0
23969,41618,1664,15,14.99,31,263,2,2073,7.6,78,26,11,6,277,2092,0,0.05
23890,42474,808,15,3,271,542,2,3819,7.2,79,23,10,37,334,4018,6,0.07
23870,42565,717,20,10,22,195,4,508,6.7,67,11,8,3,83,940,0,0.01
23817,42152,1130,10,9.99,97,135,1,6,7.3,73,4,9,3,273,733,0,0
23784,42418,864,10,5,181,600,61,4935,6.8,78,8,10,390,458,2636,2,0.01
23697,41906,1376,15,4,140,561,1,614,6.9,75,16,20,3,150,940,0,0.01
23635,42270,1012,6.99,4.19,253,950,1,897,6.8,76,10,5,122,436,2911,2,0.1
23399,42313,969,5,4.99,33,176,2,336,1.7,15,27,4,2,16,229,0,0.01
23369,43182,100,22,10,18,915,17,5255,7.6,65,71,21,122,1552,27256,14,0.01
23344,42633,649,13,1.94,190,15865,6,3367,7.1,80,8,5,11,479,4991,0,0
23326,42629,653,10,5,277,580,5,2898,6.6,69,9,7,99,545,4244,2,0.01
23116,42311,971,10,2,143,1114,2,137,5.8,63,11,15,4,167,3312,0,0
23041,42444,838,20,4,23,534,2,22,6.4,57,11,11,4,33,782,0,0.01
23000,42380,1392,15,15,3,153,1,97,6.2,71,33,4,,,,0,0.01
23000,43711,61,7.99,4,0,60,1,201,5.5,73,14,4,,,,2,0
23000,43180,550,20,20,7,51277,2,10,3.2,61,9,12,,,,0,0.28
22956,43242,40,12,7,29,645,4,5342,9,73,8,14,16,1177,8482,109,0
22816,42509,773,15,1,244,,7,2077,7.2,67,20,14,14,473,5531,12,0
22559,43202,80,25,10,124,82101,10,3955,8.1,77,71,12,665,1180,23341,7,0.09
22483,41477,80,30,0,155,142,2,21,5.9,41,40,5,3,280,365,0,0.07
22482,42052,1230,10,2,164,166,1,17,5.9,62,18,9,5,416,1557,0,0
22421,42572,710,10,2,125,233,2,428,7.5,79,13,13,29,474,5897,6,0
22373,43153,129,9.99,7,212,445,4,5974,7.8,74,13,6,67,759,8413,46,0.01
22318,41902,1380,20,5,54,36780,1,154,5.5,52,22,10,13,469,6942,0,0.07
22270,42018,1264,20,6,245,219,1,26,7.7,78,22,8,32,170,4181,0,0.01
22219,41719,1563,30,6,141,4729,2,329,6,49,43,7,28,326,3170,99,0.19
22104,41747,1535,6.99,1.39,166,54,1,46,6.5,75,17,5,4,142,463,0,0
22000,41912,1818,10,4.5,57,780,3,927,6,53,84,31,,,,1,0.13
22000,42343,1429,9.99,0,2,12912,2,313,5.5,80,8,6,,,,0,0
21988,42459,823,16,15.99,92,1038,5,928,7.5,80,15,8,7,350,4973,1,0.02
21939,42564,718,10,0.99,85,986,3,2382,6.5,63,11,17,8,318,3489,1,0.02
21796,41671,1611,9.99,9.99,78,265,2,140,6.2,83,21,5,5,384,1309,1,0.02
21620,43018,264,12,10,173,63017,20,29580,7.4,79,17,24,245,930,22628,11,0
21557,42241,1041,25,7,128,886,2,759,7.1,55,12,13,8,351,2865,29,0.03
21510,42474,808,15,14.99,216,329,4,1588,7.8,69,12,8,7,248,3858,1,0
21281,41834,1448,13,2,111,,2,44,5.1,49,10,21,3,336,433,0,0
21169,42059,1223,15,5,137,480,3,339,5.7,59,22,19,7,348,7285,0,0.03
21142,43005,277,10,2.49,47,115,7,24640,5.9,56,21,18,11,115,1253,0,0.01
21062,41445,277,5,2,294,1083,5,69916,7.5,70,63,31,7,314,1596,1,0.04
21000,42656,1074,15,3,7,1197,1,9,4.3,40,20,18,,,,0,0.01
20949,42500,782,15,14.99,138,461,3,437,7.3,74,7,15,5,145,5866,0,0.01
20857,41549,782,9,4,70,398,1,13,2.7,43,26,9,6,243,428,0,0.1
20787,42520,762,24.99,4,93,495,1,5,6.1,53,23,8,27,245,5528,1,0.02
20640,42110,1172,6,1,120,291,2,129,5.6,68,10,17,8,486,1725,1,0
20300,42347,935,2.99,1,67,37323,1,7,8.5,55,8,6,805,67,361,0,0
20000,43685,651,19.99,4.99,91,4664,20,21807,7.2,71,18,5,120,740,8818,4,0.02
20000,43053,677,50,15,15,741,5,101,6.6,73,14,17,,,,1,0
19789,41943,1339,30,11.99,11,654,2,141,6.6,62,13,8,72,368,7653,1,0.01
19636,42649,633,20,8,132,11419,3,223,7.6,64,26,34,13,236,5851,0,0.02
19579,41577,633,10,3,179,194,1,5,7.7,82,31,4,12,144,2743,0,0
19291,42439,843,10,1,99,68255,12,34720,7,68,27,14,12,466,4273,0,0
19264,41571,843,15,4,66,237,1,16,7.7,63,19,15,3,156,202,0,0.02
19138,42600,682,14.99,14.99,16,119,4,6795,7.7,75,6,4,12,445,14287,1,0.02
19055,42787,495,20,5,72,656,5,1128,6.8,71,32,36,63,171,1875,0,0.01
19052,42507,775,14.99,4,148,717,4,2079,7.9,71,9,6,16,435,6908,9,0.04
19000,42458,1272,13,4,1116,1083,9,6051,8.4,75,247,24,169,4126,35835,0,0.32
18919,43070,212,30,0,557,3359,7,1571,7.3,68,62,35,135,585,27487,1,0.06
18812,42103,1179,10,2.49,87,,2,838,6.8,64,20,15,5,365,2515,0,0
18536,42754,528,25,24.99,25,19007,1,93,7.7,75,15,9,77,462,10130,0,0.02
18298,42934,348,18,7,76,1049,15,11297,7.5,81,26,15,44,333,15784,7,0.03
18263,42080,1202,15,4,68,306,4,423,7,74,11,17,4,204,1915,0,0.01
18000,42402,1328,12,5,4,398,4,10,6.4,71,8,14,,,,0,0
18000,42633,1097,15,4,192,11323,5,4873,8.5,70,30,16,17,440,5173,1,0
17991,43055,227,12,3,219,10329,6,1727,6.8,72,11,10,27,477,7575,1,0.02
17788,42144,1138,18,2,148,113,2,116,6.4,62,8,7,6,241,2359,1,0.01
17784,42985,297,18,11,91,24294,12,24843,6.2,70,17,20,48,680,11467,0,0.06
17782,42136,1146,15,10,86,1116,2,3381,7.7,73,7,8,3,222,4221,0,0.19
17655,43202,80,20,19.99,50,2452,18,25499,7.1,74,22,23,326,547,12987,11,0.07
17630,42502,780,12,11.99,95,25209,6,4183,6.9,57,7,7,7,256,7072,1,0
17520,41744,1538,15,4,132,534,2,46,6.2,54,119,40,9,236,673,1,0.02
17491,42033,1249,6,1,127,178,0,0,4.6,56,10,8,100,85,371,0,0
17439,42801,481,15,7,223,429,4,415,7,71,11,27,6,164,1066,0,0.01
17402,43235,47,40,10,65,2207,17,3188,6.5,58,24,40,76,652,11326,24,0.02
17004,42094,1188,10,9.99,81,152,2,22,6.6,59,8,12,2,75,1033,0,0.01
16948,43181,101,40,20,7,20179,4,5250,4.3,46,24,11,21,236,21686,0,0.16
16655,41920,1362,12.99,0,231,10111,2,86,8.3,58,8,6,4,0,1345,0,0.01
16606,42612,670,11.99,11.99,9,229,1,104,4,53,4,4,2,62,1106,0,0
16117,43118,164,18,6,28,3231,15,2242,7.5,74,16,16,120,535,10261,1,0
16000,42220,1510,15,4,5,,2,11,6.6,68,14,8,,,,0,0.06
15984,42682,600,12,11.99,236,308,4,492,4.6,67,5,7,3,307,1017,0,0.01
15950,42094,1188,20,19.99,55,530,1,29,7.6,54,25,14,3,203,5390,0,0.04
15800,43236,46,20,6,28,12941,16,2969,5.8,65,4,9,79,437,8741,1,0.03
15739,41586,46,10,2.49,75,68,1,19,8.2,61,11,5,32,119,384,0,0
15703,41911,1371,14.99,14.99,153,280,1,84,5,57,11,5,3,135,1094,1,0.01
15682,43256,26,9,4.49,56,229,8,33579,8,81,18,18,25,291,2119,1,0.01
15478,42293,989,12.99,3,57,757,1,1345,7.8,66,6,6,9,226,1834,1,0.05
15243,42019,1263,6.99,2,94,81,0,0,7,49,8,4,22,106,573,0,0
15153,42059,1223,6.99,6.99,95,174,1,5,4.8,66,4,4,2,111,754,1,0
15000,41695,2035,20,10,10,268,1,11,2.8,27,66,16,,,,0,0.04
15000,43451,355,10,8,20,12684,3,29826,7.3,50,516,1,75,334,6792,0,0.01
15000,43405,325,15,14.99,33,20980,20,33907,2.9,40,180,27,10,337,10136,12,0.21
14844,42858,424,30,22.49,50,2627,12,590,7.7,83,43,11,76,4130,10550,1375,0.01
14777,43251,31,30,20,46,,13,119714,7.5,74,30,8,54,1072,13402,0,0.97
14748,42272,1010,4.99,1,78,235,1,293,3.3,62,4,5,3,222,2020,0,0.15
14670,43039,243,20,5,33,1763,14,1401,5.8,45,148,28,5,144,761,0,0.03
14550,41691,1591,4.99,0.99,115,153,1,3,8,56,5,4,2,5,144,0,0
14506,42584,698,14.99,2,61,10981,3,18594,7.4,70,9,4,10,670,10113,0,0.43
14474,43263,19,15,3,139,3089,20,6194,6.1,50,49,12,40,1426,19901,21,0.07
14390,42060,1222,9.99,1.99,46,1000,1,10,6.8,70,4,4,3,105,1123,1,0
14366,42822,460,10,9.99,42,402,1,15,5.3,67,8,20,2,123,920,0,0
14231,42598,684,20,0.49,103,1404,1,92,7.7,53,9,14,4,159,1071,1,0.03
14217,43031,251,10,2,117,29579,11,118104,7,79,8,15,58,706,4439,9,0
14198,42474,808,14.99,14.99,27,4393,5,1332,5.8,53,8,4,6,235,5194,7,0.04
14000,43347,383,15,14.99,77,420,6,7653,8,92,29,22,78,266,3702,1155,0.01
14000,41954,1818,9.99,4,10,133,1,6,6,66,7,4,,,,1,0
14000,42380,85,10,9.99,114,2278,12,31940,6.1,78,97,39,165,1128,14502,109,0.03
13994,42030,1252,15,10.04,60,2873,2,103,7.7,75,19,16,4,266,2252,1,0.02
13725,41674,1608,9.99,0,108,1366,1,9,7.3,59,11,5,2,40,144,0,0.03
13539,41687,1595,9.99,2,79,11130,1,43,6.2,59,10,4,3,338,922,0,0
13507,43235,47,20,10,84,4371,30,19622,6.9,75,51,35,208,657,18990,8,0.05
13467,42830,452,15,7,384,3017,7,37173,7.6,85,37,8,148,862,3668,1,0
13459,42766,516,10,3,71,422,4,192,8,90,28,12,13,502,2205,69,0.01
13259,42094,1188,10,2,48,177,2,20,6.2,69,6,17,3,25,477,0,0.01
13214,43131,151,15,6,1,929,6,33383,7,76,7,13,16,662,8880,248,0
13203,43210,72,10,3,1483,2813,33,40074,7.4,63,5,10,1939,2452,10672,10,0.04
13159,42534,748,13,3,178,569,2,6056,6.4,77,16,9,6,177,755,0,0
13002,42516,766,4.99,0.49,63,3068,10,109119,6.8,55,9,6,37,255,2705,1,0
13000,42703,1027,10,2,37,1874,2,670,6.3,37,12,10,2,119,4545,0,0.04
13000,42864,866,18,17.99,16,659,3,94,7.3,84,52,13,4,76,346,1,0.14
12976,42213,1069,20,5,87,1156,1,10,4.9,58,12,20,8,93,7946,1,0.08
12932,42774,508,4,2,80,203,3,14672,5.3,74,16,7,7,694,3956,1,0.01
12818,42935,347,17,4,171,882,12,35254,6.9,71,21,9,16,422,3021,1,0.01
12783,42794,488,15,14.99,98,3200,7,15290,7.5,69,11,18,13,316,4862,1,0.04
12777,42149,1133,3.99,0,158,58,1,28,6.3,63,9,11,2,626,2685,10,0
12762,42257,1025,9,8.99,106,553,1,627,6.9,59,12,14,3,314,4820,1,0.01
12724,42873,409,24.99,7,42,1544,5,2146,7.9,73,33,27,55,307,5645,1,0.02
12676,43230,52,30,0,8,6048,85,37397,0.4,29,39,8,8,0,6800,0,0.09
12622,43154,128,19.99,19.99,34,3,34,8349,6.9,51,12,7,823,852,8334,333,0.01
12329,41411,128,5,0.49,127,1215,1,14,4.6,49,18,8,2,250,231,0,0.02
12292,43096,186,15,10,229,361,24,23325,8.6,70,101,8,2938,4352,61432,11,0
12000,42934,796,20,12,7,583,4,2845,8.2,64,145,14,,,,1,0
12000,42479,1251,1,0.49,20,10624,2,3474,5.4,51,16,26,9,69,230,0,0
12000,43867,477,16.99,6.79,67,23834,13,5706,8.2,78,132,50,98,264,2848,4,0.37
12000,43382,348,50,27,4,3143,2,1604,4.9,66,15,9,11,29,3973,1,0.17
12000,42838,934,14.99,15,2,511,1,34,5.9,58,7,4,,,,0,0.2
12000,42815,957,9.99,3,10,197,1,12,5.9,60,7,6,,,,1,0
11937,42145,1137,20,19.99,88,,1,213,2.8,66,63,34,4,234,2641,8,0
11886,42906,376,15,4,61,371,5,5449,8.3,76,13,12,43,311,3711,0,0
11815,42640,642,10,9.99,41,589,3,2322,7.6,72,20,22,10,17,1862,1,0.01
11693,41655,1627,19.99,19.99,80,35,1,129,8.1,68,7,5,2,104,871,0,0
11563,42977,305,25,14.99,51,941,11,2685,7.4,80,21,15,35,291,7155,566,0.04
11551,42237,1045,16.99,16.99,76,2797,1,323,4.5,36,11,5,5,302,3596,0,0.16
11451,42437,845,15,14.99,105,395,3,499,6.6,75,34,26,24,371,4861,1,0.03
11300,42888,394,5.99,2,28,6765,2,2772,6.5,78,6,4,5,416,2357,28,0
11212,42123,1159,15,3,37,476,1,15,6.9,58,7,16,3,76,957,0,0
11090,41942,1340,4.99,4.99,87,449,1,10,3.5,32,8,5,3,94,2187,0,0.01
11057,42480,802,14.99,4,88,186,2,41,8.3,67,6,6,10,87,1552,0,0
11056,42775,507,19.99,5,14,755,2,23807,6,57,5,5,136,234,3305,0,0.02
11000,42293,1437,20,0,80,61,1,129,5.9,68,8,11,,,,0,0
10988,42766,516,9.99,5,8,128,3,310,8.7,67,12,4,46,893,4511,0,0.01
10969,42942,340,10,2.99,17,2412,2,786,6.4,56,17,22,5,41,486,5,0.53
10880,42893,389,7.99,4,52,,11,121918,8,83,8,5,50,704,3254,1,0.4
10804,42216,1066,20,5,59,801,1,847,4.5,43,11,7,2,105,890,0,0.72
10395,42640,642,15,14.99,53,1372,5,407,6.7,67,10,8,11,190,3687,1,0.01
10304,43160,122,20,19.99,42,298,2,189,6,68,4,8,63,374,7239,0,0.01
10293,43173,109,19.99,6,19,13492,6,4222,6,67,4,5,10,80,1084,0,0.44
10282,42466,816,9.99,1.99,54,3863,4,596,6,57,6,4,27,187,4382,0,0.02
10195,42605,677,9.99,3.99,79,82650,3,97,6.8,72,13,18,12,48,681,9,0.25
10150,42256,1026,9.99,4,55,174,2,2783,8.6,80,8,6,3,220,3007,1,0
10117,41921,1361,10,2.99,70,399,1,300,6,68,20,17,5,179,711,0,0.01
10095,42768,514,10,5,76,672,8,85041,7.6,76,18,18,8,366,2513,0,0
10040,41796,1486,20,1.49,78,67,1,4,7.5,66,13,7,2,72,136,0,0
10032,42432,850,15,14.99,67,1036,2,454,6.9,54,38,12,13,260,2113,1,0.02
10011,43139,143,12.88,9,7,11014,4,3116,7.4,82,7,5,48,223,1716,1,0.05
10000,43201,571,19.99,6,8,425,1,16,6.1,67,9,4,,,,0,0
10000,43368,362,20,13.99,90,2465,41,136846,7.4,83,52,28,104,846,12673,1,0.04
9687,42942,340,15,4,41,761,5,505,6.8,68,5,14,7,202,6148,1,0
9673,42601,681,4.99,1,72,,1,9,7.6,49,7,5,28,391,2014,0,0
9666,41928,1354,10,9.99,82,267,1,20,6.2,61,5,11,2,86,486,0,0.01
9600,42892,838,20,10,16,376,5,3624,6.1,73,8,12,10,45,2027,0,0
9409,42298,984,18,17.99,34,2988,0,0,3.8,47,4,10,5,94,1345,0,0
9374,41760,1522,15,1,97,3610,2,54,7.4,57,5,9,3,145,439,0,0.03
9255,43130,152,15,14.99,26,470,7,31954,5.2,68,5,20,4,82,3255,1,0.01
9200,43550,222,19.99,19.99,3,691,13,13795,3.4,63,5,12,,,,0,0.02
9061,43159,123,20,8,137,821,6,4069,5,74,23,40,162,581,8222,73,0.03
9008,43149,133,15,7,15,351,4,10949,7.5,72,15,22,12,190,2043,9,0.01
8961,42034,1248,20,4,5,136,2,290,5,32,20,9,4,197,2109,1,0.02
8841,42781,501,15,4,23,21966,3,1259,7.1,72,13,13,16,201,2782,0,0.41
8646,42558,724,5,2.49,78,253,1,2,4.3,57,6,4,2,27,224,0,0
8642,42615,667,4.99,2,68,134,3,280,7.6,90,13,6,3,247,1295,0,0
8547,42878,404,10,0.99,115,1108,4,40456,6.3,69,23,12,8,601,5107,9,0.01
8543,41505,1777,15,6,27,11318,5,43486,6.3,58,7,7,3,53,1323,1,0.02
8494,42388,894,20,19.99,183,424,3,6410,7.4,58,25,18,3,123,1234,0,0.01
8346,42572,710,17,6,103,318,2,68,5.9,55,14,11,8,177,3294,0,0.01
8300,43557,215,26.99,9,0,1046,0,0,3.4,55,5,5,,,,2841,0
8177,42653,629,30,4,54,43,0,0,7.4,73,5,7,22,0,1986,1,0.02
8176,42250,1032,12.99,6,48,520,2,107,7,69,6,6,3,122,944,1,0.15
8132,41369,1032,10,1.49,45,468,1,2,7.2,61,6,9,3,86,468,0,0.02
8093,42677,605,15,14.99,39,400,5,6262,7.3,78,20,17,25,257,4767,141,0.02
7998,41589,605,5,4.99,78,275,2,902,7.1,68,34,6,58,151,1454,311,0.03
7997,42507,775,3.99,2,33,7658,2,105,6.2,60,10,4,2,75,685,0,0.01
7775,42906,376,40,10,13,508,3,844,7.5,72,19,23,35,84,3270,0,0
7711,42062,1220,15,14.99,35,367,1,29,7,69,13,14,3,119,2947,0,0.02
7705,42486,796,20,7,60,610,12,110184,7,58,7,9,5,69,1054,0,0
7508,42649,633,25,6,34,,13,40094,5.6,56,22,22,10,217,3365,0,0
7400,42045,1685,8,2.5,15,,1,1,7.2,76,19,11,,,,0,0
7397,42780,502,10,3,37,122,10,87349,4.4,85,27,10,11,208,721,1,0.01
7333,42612,670,30,29.99,17,976,2,282,6.9,67,28,20,12,141,6452,0,0.03
7300,43389,341,20,0,1,483,2,3797,4.3,40,10,14,3,0,76,1,0
7148,42590,692,19.99,0,33,845,2,323,1.7,46,6,5,16,268,5138,5,0.03
6929,42587,695,15,14.99,30,1042,5,22237,7.7,62,7,17,27,196,2408,1,0.01
6894,42166,1116,20,5,46,898,2,2661,1.2,19,126,12,4,154,3710,1,0.1
6719,42390,892,20,5,45,312,1,235,5.8,63,5,15,2,142,1162,68,0.01
6714,42857,425,10,2.49,133,508,19,4693,6.9,80,42,31,27,235,1438,41,0.05
6669,42201,1081,10,4.99,38,118,1,5,7,76,5,7,2,111,1193,1,0
6551,42402,880,7,2,34,574,2,3213,7.4,67,11,7,3,330,1580,54,0.61
6413,42842,440,14.99,4,48,806,8,928,7.3,63,13,5,15,240,1840,1,0.01
6400,42801,929,15,14.99,30,662,4,930,5.4,78,9,8,6,87,905,1,0.77
6386,42384,898,15,14.99,35,182,1,30,7.1,77,11,7,11,102,1775,0,0.01
6300,42815,915,50,15,6,395,4,5443,6.7,70,13,18,,,,1,0.01
6293,42629,653,13,12.99,13,304,3,411,6.4,61,7,8,3,71,1527,0,0.02
6273,42752,530,12,11.99,418,303,3,489,7.8,82,20,15,142,261,1364,7,0.01
6206,42717,565,10,1.99,37,277827,2,227,5,59,7,8,2,40,415,1,0
6000,43410,320,50,20,0,805,5,7295,4.8,64,66,13,,,,1,0.02
5799,42563,719,10,2,86,234,3,154,6.4,74,9,19,5,92,972,0,0.01
5796,42818,464,15,4,16,38689,2,539,5.8,74,5,14,2,28,366,0,0.01
5755,42831,451,10,2,81,587,2,243,7,64,20,17,8,297,3952,51,0.01
5469,42605,677,19.99,5,14,108,2,1291,8.5,66,4,5,21,145,2154,0,0.01
5448,42208,1074,10,1.99,47,105,1,4939,6.1,85,19,13,4,81,623,0,0.01
5391,42873,409,20,4,48,3272,2,3773,5.6,40,14,10,19,339,3734,0,0.06
5358,42417,865,10,3,90,389,2,5576,6,64,8,11,4,217,1694,9,0.16
5222,42685,597,10.99,2,66,1349,1,908,8.4,68,5,5,5,175,3815,1,0
5200,43172,558,30,9,30,315,3,131,5.3,68,11,15,11,72,1623,1,0
5199,41446,558,10,2.49,23,97,1,4,5.7,47,11,7,3,33,204,0,0.01
5100,42388,1342,20,4.5,12,4173,6,1421,7.2,76,32,28,,,,1,0
4834,42521,761,10,2,43,344,2,962,7.7,72,24,24,11,111,2614,0,0
4831,41983,1299,19.99,19.99,22,26810,1,437,8,65,6,4,7,77,679,0,0
4802,43179,103,9.99,3.99,6,580,1,34,3.4,45,5,6,4,53,941,7,0
4756,42689,593,15,5,16,442,6,601,7.8,75,15,12,23,174,2668,7,0.01
4732,42194,1088,15,14.99,44,1088,2,2098,6.5,61,10,14,7,85,2101,0,0.16
4700,43501,271,15,7.5,7,217,2,509,6.8,71,24,11,,,,0,0
4679,42760,522,15,3,85,392,1,160,6.3,58,13,19,12,112,1247,9,0.03
4656,42943,339,15,7,264,4511,4,4022,8,65,5,16,47,225,4004,1,0.01
4625,41466,339,5,4.99,63,96,1,131,5.3,55,10,7,1,35,108,0,0.01
4600,42682,1048,10,2,19,254,2,129,6.2,68,12,21,6,61,1119,0,0
4499,42543,739,7,1.39,72,,1,4,7,54,4,17,2,124,2284,0,0.11
4435,42878,404,10,4,37,362,3,814,6.9,71,7,10,11,65,968,0,0
4400,43347,383,10,2,39,520,4,353,8,76,17,18,13,92,611,1,0
4353,41870,1412,5.99,5.99,28,77,1,11,7.5,62,4,4,3,95,317,0,0
4321,41773,1509,9.99,2,40,60,0,0,7.6,70,10,6,2,56,264,0,0.06
4300,42269,1461,15,0,0,486,3,308,2.9,21,64,17,,,,0,0
4300,42577,1153,7,2.79,3,142,2,308,6,71,6,10,2,12,210,0,0.01
4248,43004,278,15,4.5,9,1094,1,112,6.3,68,14,7,2,26,333,0,0.01
4098,42248,1034,10,2.49,21,335,1,29,7.1,53,93,21,2,65,776,0,0.01
4025,42762,520,3.99,3.99,27,137,1,1161,7.5,84,6,6,2,62,276,0,0
4000,43006,276,14.99,3,52,26242,5,22970,6.3,69,18,5,3,146,4624,1,0.04
4000,43739,33,19.99,14,4,263,4,14143,7,52,24,5,,,,0,0.01
3859,43081,201,10,9.99,34,344,11,3982,7.8,79,4,8,28,346,2381,5,0.04
3837,43039,243,20,14,7,939,7,29606,6.2,63,9,13,3,221,3101,0,0.04
3813,41835,1447,7,6.99,36,266,1,22,4.4,41,16,23,2,79,193,0,0.03
3466,43039,243,20,19.99,19,414,6,3858,7.3,79,7,8,19,246,4732,8,0.01
3464,42451,831,20,10,12,285,2,93,8,81,37,13,9,161,1725,0,0
3398,43038,244,20,19.99,9,948,6,285,5.5,53,24,8,2,29,790,1,0.06
3344,42789,493,15,5,13,2488,5,18504,7.7,78,47,11,7,147,1607,1,0.01
3315,43215,67,15,14.99,32,914,5,26230,5.2,51,5,13,21,282,2627,8,0.03
3267,42027,1255,5.99,5.99,12,173,1,21,8.1,85,7,4,5,90,428,0,0
3131,42914,368,1.99,1.99,19,1178,2,591,5.2,52,10,5,6,304,2641,27,0
3126,42297,985,20,1.99,23,,1,46,5.1,57,8,8,2,62,897,0,0
3101,43124,158,10,8,2,208,11,2008,7.4,67,29,20,108,256,9379,6,0
3043,42395,887,9.99,2,40,147,1,15,8,71,6,6,3,96,1228,1,0
3023,42999,283,14.99,4,53,867,2,580,8.2,68,13,6,25,211,3146,1,0.01
2889,43242,40,6,5,49,114,1,20,7,85,15,8,9,271,976,0,0.01
2860,42739,543,6,3,33,211,2,1925,7.1,74,7,9,10,277,1460,16,0.01
2775,42202,1080,9.99,3,24,798,1,20,7.8,74,37,4,5,129,2204,5,0.01
2633,42565,717,17.99,17.99,60,235,3,3033,8.2,76,12,4,88,204,12021,54,0.05
2623,42996,286,23.99,23.99,42,182,2,3091,8.8,83,24,6,71,434,5139,142,0.03
2494,42328,954,7,6.99,10,344,1,62,7.4,69,16,11,3,56,1350,0,0
2449,42201,1081,20,13.99,25,194,0,0,4.4,64,11,12,2,37,2243,0,0.01
2431,43257,25,25,20,20,765,9,21742,4.9,65,9,27,6,132,2910,0,0.02
2424,43160,122,7,3,18,,3,10712,7,73,8,8,7,151,2170,5,0
2397,43244,38,20,14,39,1150,6,2465,7.2,80,32,13,27,236,5940,1,0.01
2363,42809,473,20,19.99,23,351,3,421,6.8,76,11,11,4,77,2786,0,0.01
2181,42563,719,10,9.99,4,1000,1,85,5.4,44,14,14,2,34,361,0,0.24
2172,42613,669,14.99,14.99,23,560,1,72,6,66,4,6,3,104,2055,0,0.01
2121,42136,1146,12,1.19,18,1174,2,16445,8.4,77,28,25,14,11,757,0,0.02
2000,43298,432,15,5,23,1156,4,724,7.3,75,4,18,7,45,1689,0,0.01
1994,43060,222,20,4,24,2984,8,800,6.6,59,5,7,3,186,6904,0,0.12
1835,43109,173,10,5,15,955,2,21,3.7,77,6,8,6,99,398,0,0.01
1816,42814,468,20,1,44,999,6,2030,7,65,13,16,8,119,1058,0,0.01
1809,42047,1235,10,9.99,3,2439,1,29,6,70,10,17,2,52,948,0,0
1800,43577,195,24.99,15,3,1202,1,0,5.3,58,16,17,,,,0,0
1800,42060,1712,9.99,5,5,56,0,24,5.7,74,6,4,,,,0,0
1761,43215,67,15,10,18,651,3,407,3.8,71,6,18,14,139,3043,7,0
1600,43230,52,19.99,10,24,695,27,32583,6.3,68,4,5,35,94,1990,0,0.01
1600,43216,66,15,14.99,19,,4,10318,6.6,77,12,14,6,78,1225,0,0
1584,42229,1053,10,9.99,8,216,1,72,4.9,22,7,5,2,51,627,0,0.01
1569,43039,243,9,4.49,14,81,2,14,7.1,75,7,13,8,103,1540,0,0
1555,43139,143,15,5,27,168,2,3438,5.6,77,9,13,12,108,1214,1,0
1502,43193,89,25,7,19,981,9,31995,8,59,4,6,11,108,4632,1,0.03
1500,42521,1209,12,8,2,325,1,526,7.5,80,24,9,,,,0,0
1468,43013,269,10,2,18,5997,4,15081,7.5,46,27,9,4,130,1589,0,0
1454,43147,135,19.99,4,18,243,3,1154,8.2,78,9,4,33,110,801,0,0
1400,42612,1118,15,4.5,0,4729,2,6,4.3,41,4,12,,,,0,0.13
1315,43179,103,13,5,91,313,5,10912,7.6,85,12,18,5,61,768,1,0.05
1300,43634,138,19.99,20,2,237,2,7,5.9,67,13,12,,,,0,0
1253,43216,66,20,10.99,16,925,8,20480,5.9,67,18,14,6,90,1995,10,0.33
1200,43305,425,18,18,27,611,4,1303,5.7,67,15,23,,,,0,0
1200,42528,1202,15,4,6,450,1,2,5,72,4,14,,,,0,0
1000,43663,109,14.99,10,0,123,0,0,4.4,44,13,8,,,,0,0.01
800,43340,432,30,18,1,5118,3,265,7.5,80,22,4,,,,0,0.01
700,43312,418,20,11.99,5,434,4,567,5.8,61,9,12,1,36,1011,1,0.01
656,42563,719,14.99,10.49,18,7719,1,18,8.8,74,4,5,1,27,238,0,0.11
582,43053,229,9.99,2.99,9,,5,38216,8.2,63,10,6,2,34,602,0,0
500,43724,48,12.99,10,2,74,3,47,5.9,60,14,7,,,,0,0.06
465,43217,65,10,2,14,183,3,49,7.3,67,4,9,5,22,500,0,0
448,42892,390,15,14.99,4,2214,2,35,2.2,48,9,14,1,17,364,0,0
420,42774,508,19.99,5,7,32,1,93,7.2,59,5,4,3,21,465,0,0
296,43278,4,20,10,18,896,8,34400,7.8,80,12,17,6,97,1939,0,0.01
17000,44425,7,9.99,7.89,0,,1,175,,,,,1053,877,3922,17,0
52500,44309,127,24.99,24.99,9,9166,39,68993,,,,,614,1139,23573,0,0.05
950000,44253,186,59.99,59.99,27,58459,266,24160,8,76,261,110,,,,166,0.74
500000,43949,490,24.99,9.99,938,383722,49,41689,7.8,79,84,70,652,759,16449,381,0.62
2000000,43753,688,39.99,21.99,2680,15415,149,25364,8.4,91,990,64,8081,37216,165472,6669,0.72
2000000,43495,950,29.99,19.99,554,226088,1395,155645,7.6,83,169,70,42115,49148,216854,78,0.57
1000000,44041,294,29.99,14.99,121,238912,642,94813,8,71,314,99,12423,5317,54621,39,0.58
