10,10,41961,1637,2,60,6,44225,9063,0,1,0,0,0,0,0,0,3,813421,304053,8.3,97,10853,137,197555
8,9,42814,457,2,30,1,1111,3512,1,0,0,0,0,0,1,1,3,69046,579861,5.1,86,1719,83,1084606
9,9,42314,1210,2,60,15,4622,3150,1,0,0,0,0,0,1,1,3,367258,167067,4.8,81,4187,112,3579
8,9,41946,1578,2,60,15,6151,1636,1,0,0,0,0,0,1,1,3,617510,30640,5.7,83,3704,110,201
10,10,43399,339,2,60,2,14295,4239,0,1,0,0,0,0,0,0,3,175002,382860,8.1,97,10991,131,0
9,9,43004,344,2,60,20,962,1370,0,0,0,0,0,0,0,0,4,543622,143683,6,84,1681,124,0
9,9,42318,1206,0,60,5,9272,5535,0,0,1,0,0,0,0,0,3,973227,144758,6.6,88,15283,135,25568
10,8,42143,1486,0,60,3,13928,7378,0,0,1,0,0,0,0,0,3,270112,41007,9.4,93,32008,124,35770
9,9,42678,846,2,60,15,2649,896,1,0,0,0,0,0,1,1,3,207935,116685,3.8,78,2664,121,468
10,10,42853,885,2,60,8,991,709,0,0,0,0,0,0,0,0,1,133081,186246,8.6,92,1544,95,0
8,9,43042,50,2,60,15,3267,1847,1,0,0,0,0,0,1,1,3,185548,170705,4.3,80,2543,125,1694
10,10,42500,1106,2,60,5,17123,4355,0,1,0,0,0,0,0,0,1,162276,102374,8.4,93,9875,113,0
9,10,43441,297,2,60,5,1091,610,1,0,0,0,0,0,0,0,1,314587,271926,8.7,93,2082,99,0
10,10,43035,703,0,60,45,1876,1178,1,0,0,0,0,1,0,0,1,240726,209812,8.9,97,4418,113,0
10,10,42797,941,0,60,15,3350,1865,0,1,0,0,0,0,0,0,1,278949,191576,8.6,97,12952,109,0
8,8,43126,623,1,60,15,432,2590,0,0,1,0,0,0,0,0,3,243322,169921,7.6,90,2385,144,97088
8,10,43350,346,0,60,1,8599,3405,0,1,0,0,0,0,0,0,1,170615,233622,8.6,87,3860,116,0
7,9,42108,1453,2,60,11,2486,3748,1,0,0,0,0,0,0,0,3,449258,105232,7.8,86,1896,112,5284
6,10,42472,1258,0,20,11,1150,2791,1,0,0,0,0,1,0,0,1,93860,173332,8.6,85,1716,101,0
5,5,42192,613,2,60,1,1781,5308,0,0,0,0,0,0,0,0,4,342106,207485,8.5,87,3008,124,69615
0,10,43210,396,0,20,7,12014,4609,0,1,0,0,0,0,0,0,1,273006,292083,9.1,94,10849,118,0
9,10,42794,730,0,60,1,6658,4562,0,0,1,0,0,0,0,0,1,209361,143742,8.4,89,7221,115,0
7,9,42993,322,2,60,20,267,373,0,0,0,0,0,0,0,0,4,177247,61960,4.3,87,1225,91,5307
10,10,41849,1757,2,60,1,41418,4139,0,1,0,0,0,0,0,0,1,129989,37803,9.1,95,7617,69,0
9,9,41709,571,2,60,2,1522,956,1,0,0,0,0,0,1,1,2,420593,29807,6.7,86,4218,97,0
10,10,42937,801,2,60,2,321,305,1,0,0,0,0,0,1,0,1,175653,171642,8.5,83,1028,100,0
5,5,41619,1663,2,35,1,14,2433,0,1,0,0,0,0,0,0,1,128558,57838,6.2,69,386,11,93595
7,9,43350,248,2,60,20,248,395,0,0,0,0,0,0,0,0,4,94025,47830,4.3,83,642,80,28638
9,9,41786,158,2,60,2,6658,3431,0,1,0,0,0,0,0,0,3,644140,11645,6.4,80,7344,113,0
7,9,42629,321,2,60,20,330,589,0,0,0,0,0,0,0,0,3,179288,42215,6.3,90,486,70,788
8,9,41733,1058,2,10,6,940,2070,0,0,1,0,0,0,0,1,1,322226,151951,5.8,71,2493,64,32498
9,9,42703,713,1,60,25,1706,2467,0,0,1,0,0,0,0,0,2,267796,110368,7.8,83,4738,122,0
7,10,43025,499,2,20,7,200,993,0,0,0,0,0,0,0,0,1,174485,13699,6.1,75,1489,83,0
10,10,43378,360,2,60,11,220,146,0,0,0,0,0,0,0,0,1,123679,52103,7.5,76,393,84,0
7,9,42674,372,0,19,7,1329,21,0,1,0,0,0,0,0,0,3,82363,56534,7.9,85,536,66,0
8,9,42397,670,0,60,15,5936,4564,0,1,0,0,0,0,0,0,2,86822,120955,8,86,2790,147,7621
7,9,43721,17,1,60,3,467,513,1,0,0,0,0,0,1,1,3,52118,360940,5.6,82,3195,116,0
8,8,42759,977,0,60,12,3537,2205,0,1,0,0,0,0,0,0,3,150371,224481,7.9,86,3701,136,0
6,6,41334,1948,2,15,2,0,3707,1,0,0,0,0,0,1,1,1,3242,22994,8.6,74,576,24,3286
5,5,42157,416,2,50,1,177,1456,0,1,0,0,0,0,0,0,4,175098,57668,5.3,70,443,51,83446
7,9,43714,24,1,60,20,71,106,0,0,0,0,0,0,0,0,4,76250,57229,1.4,80,1245,73,31410
5,5,41290,1992,0,25,3,41,2371,0,0,0,0,0,0,0,0,1,87626,41378,8.7,79,1202,18,40925
8,5,42156,1126,2,20,1,43,1740,1,0,0,0,0,0,1,1,1,21346,35284,7.7,63,245,8,935
9,9,42327,719,0,40,12,4054,2215,0,1,0,0,0,0,0,0,3,133670,5207,6.9,78,2939,122,1501
8,9,42663,1021,2,60,8,465,2204,0,0,0,1,0,0,0,0,4,39634,68833,8,88,1214,115,93889
6,6,43220,190,1,20,1,50,1450,0,1,0,0,0,0,0,0,2,149356,53419,7.3,83,326,23,18954
8,9,42178,111,0,60,3,12214,4456,0,1,0,0,0,0,0,0,3,299080,12640,7.8,87,6329,119,0
5,5,43007,731,0,20,1,942,2245,1,0,0,0,0,1,0,0,3,164130,184477,8.4,88,2060,142,1481
8,9,42031,200,1,40,2,2481,1989,0,1,0,0,0,0,0,0,3,331407,134887,7.9,75,3340,124,18053
9,9,41961,86,2,30,6,6916,2795,1,0,0,0,0,0,1,1,3,495006,4862,7.7,85,3775,115,4167
9,9,42304,92,2,20,10,1988,1073,1,0,0,0,0,0,1,1,1,137608,128338,6.5,84,2837,101,0
9,9,43494,7,0,60,3,1127,725,0,1,1,0,0,0,0,0,2,93732,127041,8.3,83,2434,110,0
7,9,41702,711,0,40,2,3453,2942,0,0,1,0,0,0,0,0,4,229588,29136,8.6,87,2069,55,0
8,10,42055,1675,0,20,1,1630,2045,1,1,0,0,0,0,1,0,1,94538,4011,6.7,63,3552,94,0
10,10,42969,761,2,20,5,3584,1791,1,0,0,0,0,0,0,0,1,79796,59504,7.9,84,1123,104,0
8,8,43490,246,0,30,12,2218,1087,0,1,0,0,0,0,0,0,3,190048,314244,9,93,4250,137,0
8,8,41450,1832,2,20,2,209,3830,0,0,0,1,0,0,0,0,1,43498,7590,2.1,80,5724,82,10349
10,10,43476,262,0,60,45,92,86,1,0,0,0,0,1,0,0,1,70916,23701,7.1,80,199,70,0
6,9,42650,7,0,40,3,2311,3302,0,1,0,0,0,0,0,0,3,159509,79661,5.2,68,3203,119,2368
6,6,41957,1601,0,20,1,432,2743,1,0,0,1,0,0,0,0,1,64528,17603,8.4,83,828,62,3140
6,6,42573,709,2,15,1,34,2051,0,1,0,0,0,0,0,0,3,47101,26630,7.2,81,404,21,20116
7,9,43578,68,2,60,11,1085,830,1,0,0,0,0,0,0,0,4,118247,202719,3.4,86,3010,135,27301
8,9,43357,158,0,60,15,2126,1624,0,1,0,0,0,0,0,0,3,115054,83572,7.4,82,1719,139,5733
6,6,43581,149,0,60,1,1551,795,0,1,0,0,0,0,0,0,1,143316,132741,8,71,4320,109,0
6,6,41358,1859,2,30,3,46,1093,0,0,0,0,0,0,0,0,1,571337,55686,7.5,74,990,38,32582
8,8,42472,282,1,60,3,2023,3891,0,0,1,0,0,0,0,0,3,348785,275893,8.8,89,6250,139,0
6,6,41631,1692,2,45,1,5,707,1,0,0,0,0,0,1,1,3,354055,79522,4,69,211,11,18792
9,9,43347,64,0,60,17,199,485,0,0,1,0,0,0,0,0,2,18611,23595,8.7,86,1017,90,0
4,4,42573,698,1,15,1,27,1731,0,1,0,0,0,0,0,0,4,43390,73386,7.7,73,109,56,29968
7,9,42166,124,0,20,21,828,543,0,1,0,0,0,0,0,0,4,171923,1987,7.2,72,185,82,0
8,9,42811,803,0,60,1,1272,2577,0,0,1,0,0,0,0,0,2,132124,130151,8.9,88,4291,113,0
8,8,42888,777,2,40,7,513,1027,1,0,0,0,0,0,0,0,3,142706,236556,6.8,82,986,113,8118
7,9,41779,352,0,10,6,3905,4285,1,0,0,0,0,0,1,1,3,171643,109501,8.2,81,3814,114,2737
10,10,43644,94,1,60,45,136,166,1,0,0,0,0,1,0,0,1,152230,84896,8.5,88,525,97,0
8,8,42416,1320,1,20,5,306,958,1,0,0,0,0,0,0,0,2,181875,212889,3.6,77,1831,113,4422
8,9,43546,143,0,60,1,764,1745,0,1,0,0,0,0,0,0,3,163669,279037,8,91,3851,131,0
4,4,41774,1508,1,15,1,209,2384,1,0,0,0,0,1,0,0,1,7912,152739,7.9,85,247,17,1370
8,9,42503,217,2,10,7,3305,5206,1,0,0,0,0,0,1,1,4,316336,169268,8.5,87,5463,196,5623
5,5,42962,350,0,10,2,1517,2740,0,0,1,0,0,0,0,0,3,108353,216515,8.3,93,4819,69,2412
9,9,43186,5,2,60,6,3378,2294,1,0,0,0,0,0,1,1,3,218459,258270,6.8,82,2822,146,17762
7,8,43126,280,1,60,5,311,680,1,0,0,0,0,0,0,0,4,190212,241067,8.1,88,756,130,5400
5,6,42426,693,0,15,1,376,3140,0,0,1,0,0,0,0,0,4,69373,50884,8.8,89,1480,65,24919
6,7,42073,735,0,15,1,266,3078,0,0,0,1,0,0,0,0,1,152842,29307,8.9,85,1668,60,24892
8,10,43245,497,0,20,1,8156,2897,0,1,0,0,1,0,0,0,2,138020,236767,8.7,78,3158,104,0
10,10,43728,10,0,60,15,108,159,0,1,0,0,0,0,0,0,1,28672,57713,8.5,87,641,106,0
10,10,42797,849,0,50,1,61,55,0,0,0,0,0,0,0,0,1,457838,15355,4.8,58,422,63,0
8,10,42087,1513,1,60,1,2682,3897,0,1,1,0,0,0,0,0,1,306124,245345,8.9,92,8820,100,0
2,2,42556,426,0,25,1,69,2007,1,0,0,0,0,0,0,0,4,19892,129390,7.8,77,489,73,263
9,9,43718,3,2,60,5,348,1066,1,0,0,0,0,0,1,0,2,35164,57682,8.6,84,2484,109,9878
7,9,42297,576,0,80,2,8225,6874,0,1,0,0,0,0,0,0,3,70557,21098,8.6,85,3923,42,0
7,7,42248,21,2,60,9,5141,5119,0,1,0,0,0,0,0,0,3,312740,9967,8.2,95,8289,109,4048
9,9,41926,102,0,10,2,2458,2204,0,1,0,0,0,0,0,0,3,179825,18349,7.5,79,2946,107,556
5,6,43081,201,1,20,1,0,625,1,0,0,0,0,0,0,0,3,60276,48314,8.3,69,73,22,485
5,6,42479,803,1,10,1,46,1860,1,0,0,0,0,1,0,0,4,14224,104100,7.6,84,78,13,853
5,5,42790,720,0,15,2,361,2913,0,1,0,0,0,0,0,0,4,32919,177178,9,90,1495,59,6665
6,6,42283,679,2,30,1,85,1368,0,0,0,0,0,0,0,0,3,24053,11021,7.2,80,1986,101,0
7,10,43273,373,1,60,8,161,102,0,0,0,0,0,0,0,0,1,85030,56535,7.1,75,445,86,0
5,7,42829,750,0,20,10,1405,1655,0,0,1,0,0,0,0,0,1,114249,45615,8.7,93,3865,98,0
8,9,41935,1347,2,10,7,96,970,0,0,0,1,0,0,0,0,1,13363,3242,5.5,81,1051,78,1372
6,10,43175,380,0,60,12,73,65,1,0,0,0,0,1,0,0,1,87747,24135,7.4,73,410,83,0
8,8,43532,114,1,60,6,776,1477,0,1,0,0,0,0,0,0,3,104305,140428,8.7,89,2966,127,88735
8,9,42684,7,0,60,3,1656,3103,0,1,0,0,0,0,0,0,3,103009,180946,7.9,88,2083,127,3690
5,6,42464,1089,0,15,2,113,1771,1,0,0,0,0,0,0,0,4,41840,139787,8,87,499,89,13043
7,9,42640,139,2,60,11,457,1050,0,0,0,0,0,0,0,0,2,177766,43679,8,91,1377,103,0
8,7,42773,728,1,60,2,538,1133,0,0,1,0,0,0,0,0,1,76694,93044,8.5,88,1999,100,0
4,4,41816,1841,0,25,2,472,771,1,0,0,0,0,1,0,0,3,57925,191303,8,90,939,74,0
9,9,43418,106,2,24,5,846,492,0,0,1,0,0,0,0,0,3,147632,209140,3.3,53,11993,122,0
9,9,42801,7,1,60,6,1079,1302,0,1,0,0,0,0,0,0,3,105053,87165,6.6,76,1540,122,0
10,10,43672,66,0,60,16,153,226,0,0,0,1,0,0,0,0,1,58015,34642,8.7,89,1731,101,0
7,10,43224,331,0,60,7,376,161,1,0,0,0,0,1,0,0,1,45527,166736,8.7,86,462,75,0
9,9,43035,7,0,60,12,3977,2552,0,1,0,0,0,0,0,0,3,185879,80844,7.4,85,4070,134,6158
5,5,41688,1594,0,20,1,8,1178,0,0,0,1,0,0,0,0,1,37885,10311,8.1,73,677,32,3426
8,8,41919,217,0,40,7,3635,2772,0,1,0,0,0,0,0,0,4,229796,29261,8.5,81,3196,115,542
9,10,41593,75,2,20,3,1044,1340,1,0,0,0,0,0,1,1,1,80238,573,6.8,73,2266,88,0
6,10,43137,601,0,20,2,889,290,0,1,0,0,0,0,0,0,1,89116,147930,7.9,91,1456,100,0
8,8,42514,768,2,60,22,149,974,0,0,0,1,0,0,0,0,1,82720,40915,7.4,86,724,77,4223
9,9,43375,7,0,60,12,2438,1999,0,1,0,0,0,0,0,0,3,144841,105475,6,87,3553,134,31704
5,5,42388,703,0,15,1,117,2528,0,0,1,0,0,0,0,0,4,22894,56136,8.2,85,742,89,0
5,5,43319,289,0,25,1,88,1828,1,0,0,0,0,1,0,0,4,64368,157015,8.5,91,688,119,6323
7,10,41919,297,2,20,2,343,2014,0,0,0,0,0,0,0,0,1,98561,2362,6.3,71,1691,85,0
7,5,43423,158,1,35,4,7,94,0,0,0,0,0,0,0,0,3,82673,44919,7.4,77,84,34,24894
7,8,43406,264,1,50,16,36,141,0,0,0,0,0,0,0,0,2,50206,23685,6.5,86,80,32,75666
6,6,43262,219,0,45,1,423,307,0,0,0,1,0,0,0,0,3,96838,202465,7.2,76,305,95,8222
5,5,41353,1533,0,10,1,56,1421,0,0,0,0,0,0,0,0,3,31879,36181,8.3,88,661,46,11159
5,5,43144,369,0,30,1,552,2009,0,1,1,0,0,0,0,0,3,80532,211281,8.1,76,2890,108,13853
7,10,41593,1409,0,20,2,369,1032,1,0,0,0,0,0,0,0,1,45760,1050,6.5,54,1225,83,1
3,1,42080,910,0,15,2,22,497,0,1,0,0,0,0,0,0,4,1333,1634,8.1,74,171,49,24
6,7,42130,539,2,15,2,165,1064,0,0,0,0,0,0,0,0,3,206947,9146,7.1,83,1020,101,933
5,5,42370,1153,0,10,1,52,965,1,0,0,0,0,0,1,1,3,45640,37991,7.7,81,119,17,5138
5,5,42425,1124,0,10,2,448,2501,1,0,0,0,0,0,1,1,4,49704,121305,8,84,604,131,1034
6,6,42300,791,1,15,10,63,1693,1,0,0,0,0,0,1,1,3,17993,30508,7.7,79,344,61,377
7,9,43035,417,0,60,6,3207,2404,1,0,0,0,0,0,1,1,4,83880,86606,7.8,88,2843,182,2113
7,7,41499,1783,1,10,4,105,880,0,0,0,1,0,0,0,0,1,37461,9920,8.7,87,1144,34,23109
7,7,42499,783,0,10,1,60,1730,0,0,0,1,0,0,0,0,1,66162,32618,8,78,748,57,31038
10,10,42094,1636,1,20,10,46,51,0,0,0,0,0,0,0,0,1,29614,10762,7.6,80,197,44,0
6,6,41946,1336,2,20,2,0,433,1,0,0,0,0,0,1,1,1,240291,42224,7.7,65,119,7,596
5,5,42881,69,2,10,1,834,489,0,1,0,0,0,0,0,0,3,97182,125328,6.2,61,450,48,4743
8,10,43070,554,0,60,3,172,218,0,0,1,0,0,0,0,0,1,86182,13177,8.7,83,1620,92,0
4,4,41392,1890,0,10,1,91,1529,0,0,0,1,0,0,0,0,1,11310,29563,8,68,1062,21,1565
6,6,42691,591,0,45,1,46,627,0,0,0,1,0,0,0,0,1,142572,57195,7.7,84,362,57,5281
1,1,41802,1480,1,10,1,23,659,0,0,0,0,0,0,0,0,1,62979,35871,7.8,67,149,15,732
5,5,41753,1529,1,15,4,0,1523,0,0,0,1,0,0,0,0,1,5630,14577,8,82,507,37,5047
7,7,42093,92,2,40,6,157,261,1,0,0,0,0,0,0,0,3,25275,7616,7.3,74,349,62,184
7,8,42059,21,1,40,5,350,553,1,0,0,0,0,0,0,0,3,152576,10716,7.7,75,968,71,0
5,6,41730,289,0,10,1,697,2440,0,0,0,0,0,0,0,0,3,158841,18481,6.6,62,1029,62,293
7,9,42871,78,1,50,2,2074,1239,1,0,0,0,0,0,0,0,3,177082,64375,8.2,89,1050,128,0
7,7,41877,232,0,30,4,0,84,1,0,0,0,0,0,1,1,3,80090,16614,7.9,84,1175,77,0
8,8,42241,1489,0,60,2,33,525,1,0,0,0,0,0,0,0,2,43415,2836,7.7,74,197,38,0
3,3,43014,529,0,10,1,629,2054,0,1,0,0,1,0,0,0,4,4202,33124,7.7,81,506,97,79
7,7,42990,353,2,60,25,0,308,0,0,0,0,0,0,0,0,3,146261,29038,7.2,83,527,74,928
5,5,43076,467,0,25,1,26,1149,0,0,0,1,0,0,0,0,4,9793,48164,8,89,400,43,14586
4,4,42635,647,1,10,1,9,1699,0,0,0,1,0,0,0,0,1,2463,4992,7.6,79,28,10,87
3,9,43417,2,0,40,18,421,792,0,0,0,0,0,0,0,0,4,80624,134470,8.2,83,863,131,0
8,9,41912,7,0,10,2,4128,4928,0,1,0,0,0,0,0,0,3,155796,16743,8,87,4907,114,0
6,6,42425,857,1,25,1,80,1565,0,0,1,0,0,0,0,0,1,9154,28389,8.5,83,644,29,61093
7,7,42432,850,2,10,1,40,670,0,0,1,0,0,0,0,0,1,49128,50609,6.9,73,1458,35,59917
6,6,41992,766,1,50,1,0,582,0,0,0,0,0,0,0,0,3,41878,5484,8.4,85,446,62,5392
6,6,42758,530,2,40,1,90,1219,0,1,0,0,0,0,0,0,3,69595,174794,6.6,68,339,65,22210
6,6,43214,366,0,30,1,44,1034,0,1,0,0,0,0,0,0,1,54510,58338,8.4,84,498,66,5568
8,8,42185,1545,1,20,1,43,6,1,0,0,0,0,0,0,0,1,12709,611,6.4,61,95,40,0
8,9,42860,250,0,60,1,949,3553,1,0,0,0,0,0,1,1,3,182473,162499,8.1,84,2159,128,6298
0,9,41767,1515,1,30,1,1723,577,0,0,0,1,0,0,0,0,1,1630,5453,7.2,66,136,7,3214
7,7,42527,755,1,40,4,88,777,0,0,0,1,0,0,0,0,1,103540,24555,7.2,83,482,37,46806
8,8,42052,1230,2,45,22,168,438,0,0,0,1,0,0,0,0,1,44256,838,7.4,80,577,66,4635
7,7,42089,1193,0,30,2,271,2198,0,0,1,0,0,0,0,0,1,57224,16860,8.3,89,2423,71,2778
8,8,43018,7,0,60,2,1325,1857,0,1,0,0,0,0,0,0,3,74770,120873,4.1,81,2341,124,0
7,6,42535,168,2,10,1,383,2018,0,1,0,0,0,0,0,0,4,116255,146848,6.7,71,594,54,75044
6,6,42404,3,2,30,4,216,689,1,0,0,0,0,0,0,0,3,144083,34575,8.5,80,485,73,1368
4,4,42107,861,0,30,1,165,1992,0,1,0,0,0,0,0,0,3,65524,33607,8.1,77,279,39,7344
4,4,42073,1209,0,15,2,585,2586,1,1,0,0,0,0,0,0,2,27115,28800,7.6,75,736,85,557
10,10,42902,41,1,60,1,128,102,1,0,0,0,0,0,0,0,1,383028,40901,7.1,77,748,97,0
8,8,41712,56,1,10,3,1874,1316,0,0,1,0,0,0,0,0,1,243277,160027,7.2,91,2535,36,0
5,7,42507,652,1,60,1,202,850,1,0,0,0,0,0,1,1,3,59965,44004,4.4,54,749,103,687
7,7,41458,1824,1,20,11,2861,2050,1,0,0,0,0,0,0,0,1,14092,14223,8.7,81,599,18,885
7,8,42850,285,1,40,70,29,139,0,0,0,0,0,0,0,0,4,10568,138487,8.1,90,234,75,0
10,10,43294,261,1,40,3,145,132,1,0,0,0,0,1,0,0,1,31431,16519,8,82,173,66,0
7,7,43552,3,0,60,2,69,70,1,0,0,0,0,1,0,0,1,58073,12884,8,79,244,92,0
0,0,41438,1844,1,30,1,10,1594,0,0,0,1,0,0,0,0,1,1389,12457,5.6,62,410,18,60
8,9,43130,600,1,30,25,34,98,1,0,0,0,0,0,0,0,1,43980,8902,7.4,67,344,66,0
9,9,43658,28,1,60,17,11,92,0,1,1,0,0,0,0,0,2,32498,11954,8.1,86,183,87,0
7,9,41583,1699,0,14,2,399,1202,0,1,0,0,0,0,0,0,1,26595,3416,6.9,79,590,9,85
8,8,42297,985,0,50,17,61,761,0,0,1,0,0,0,0,0,2,40921,19595,7.5,77,497,63,250
6,6,42579,703,2,20,1,0,330,1,0,0,0,0,0,1,1,1,4942,33545,8.5,77,42,10,522
6,6,42345,424,2,60,7,102,3219,0,0,0,0,0,0,0,0,3,52169,7842,8.6,86,722,96,10863
5,6,41984,1298,0,40,1,291,2037,0,0,0,0,1,0,0,1,3,18513,139966,8.5,88,785,90,874
5,4,41718,1564,1,35,1,13,326,0,0,0,1,0,0,0,0,1,2098,6399,6.3,68,116,17,2759
8,8,43391,124,1,60,6,160,330,1,0,0,0,0,0,0,0,3,53874,41853,6.5,84,537,113,1646
8,8,41600,62,1,50,4,839,582,1,1,0,0,0,0,0,0,1,103324,4143,6.9,78,946,69,591
8,8,42710,936,1,30,4,340,791,0,1,0,0,0,0,0,0,2,67576,32348,4.7,74,463,100,223
8,7,42992,77,1,36,6,314,1965,0,0,1,0,0,0,0,0,1,66864,56005,8.8,93,1631,72,0
6,5,42667,31,1,35,4,0,244,0,0,0,0,0,0,0,0,3,156873,140946,8.8,69,82,39,4402
3,3,41395,224,0,10,1,0,3752,1,0,0,0,0,1,0,0,2,12272,89971,6.7,91,1653,28,94
8,10,43028,162,0,60,10,60,53,1,0,0,0,0,0,0,0,1,51513,4580,7.9,74,321,72,0
3,3,42409,330,0,20,1,2304,3824,0,0,0,0,1,0,0,1,4,79629,149305,6.9,87,1800,122,425
7,8,42678,290,1,50,16,0,176,0,0,0,0,0,0,0,0,1,33284,7149,5.3,80,115,47,7684
9,9,42262,107,2,60,11,213,553,0,0,0,0,0,0,0,0,1,97118,10182,7.7,87,834,85,0
10,10,42755,975,0,20,2,64,564,1,0,0,0,0,1,0,0,1,47209,34351,8.1,80,519,94,0
6,6,42955,319,0,30,1,1692,2848,0,1,0,0,0,0,0,0,4,67707,83708,8,88,2226,127,698
7,10,41719,23,0,60,2,3213,2959,0,1,0,0,0,0,0,0,1,142773,4414,8,80,3361,90,0
5,8,42853,476,0,20,1,835,1542,0,1,0,0,0,0,0,0,3,77684,52331,8.1,83,488,103,829
8,8,42997,103,1,40,3,205,290,1,0,0,0,0,0,0,0,3,73437,47255,5.4,77,348,101,110
7,7,41716,39,0,20,9,2140,4015,0,1,0,0,0,0,0,0,3,68906,4518,7.6,80,2208,103,262
4,4,43584,41,2,30,1,13,333,0,0,0,1,0,0,0,0,1,47034,87400,8.2,81,156,21,60204
5,5,42594,415,0,60,1,829,2473,1,1,0,0,0,0,0,0,3,228775,218360,7.6,77,7543,145,61535
9,10,43293,382,0,60,1,111,221,0,0,1,0,0,0,0,0,2,61938,167827,8.6,83,1088,102,6098
5,5,41410,1827,0,10,1,0,1111,0,0,0,1,0,0,0,0,3,29191,1463,7.2,75,231,37,131
4,4,42555,581,0,35,1,0,784,0,0,0,1,0,0,0,0,1,23068,29626,8.9,86,281,7,18211
6,6,43341,31,2,25,1,0,262,0,1,0,0,0,0,0,0,1,72571,217830,0,0,0,0,7263
6,6,42850,297,1,50,3,105,13,1,0,0,0,0,0,1,1,3,42510,32466,6.4,59,526,79,0
6,8,42962,252,1,20,45,703,1752,1,0,0,0,0,1,0,0,4,151294,158183,8.8,86,1517,112,449
9,9,42318,1,2,60,5,699,35,0,0,0,1,0,0,0,0,1,102267,148897,8.3,88,950,62,0
8,8,42761,504,0,50,17,97,910,0,0,1,0,0,0,0,0,2,29956,11257,7,80,767,75,1038
2,2,41564,430,0,15,1,1625,3389,1,0,0,0,1,0,0,1,1,22278,15382,8,88,1966,47,459
8,8,43608,7,2,60,22,28,261,0,0,0,1,0,0,0,0,1,57298,62063,7.9,85,242,64,191816
5,5,41779,234,0,20,1,487,3883,0,0,1,0,0,0,0,0,3,24040,105032,8.8,86,1433,101,241
6,6,43256,309,0,50,1,388,816,0,0,1,0,0,0,0,0,4,70224,114271,7.1,72,991,130,1298
6,6,43167,35,1,15,10,61,1386,1,0,0,0,0,0,1,1,3,41552,77418,7.5,83,258,75,14754
1,6,42830,598,0,10,1,146,894,1,0,0,0,0,1,0,0,4,70882,135764,7.6,75,791,145,120
8,8,43082,656,0,20,2,6,868,0,1,0,0,0,0,0,0,4,23176,113504,8.7,92,495,95,2136
8,8,43376,362,0,30,12,69,77,1,0,0,0,0,1,0,0,4,81730,124320,8.4,83,331,98,1629
8,8,43249,489,1,40,6,9,86,0,0,0,0,0,0,0,0,4,17694,24650,7.7,83,174,81,1735
8,8,43006,276,2,60,22,126,377,0,0,0,1,0,0,0,0,1,70568,38377,7.6,87,303,69,41122
7,8,43049,233,1,50,16,0,158,0,0,0,0,0,0,0,0,1,57151,11720,5.8,82,83,33,18029
5,6,42885,397,1,25,2,15,636,1,0,0,0,0,0,1,1,1,21240,43582,7.6,81,116,18,5106
10,10,42983,747,0,20,2,93,28,0,1,0,0,0,0,0,0,1,59649,11844,7.7,69,371,81,0
8,7,42850,432,1,60,17,18,84,1,0,0,0,0,0,0,0,2,48078,5520,7.7,83,93,70,0
6,8,41940,214,0,50,1,205,2737,0,0,1,0,0,0,0,0,3,42049,6038,6.9,73,1346,94,378
7,8,43182,65,0,60,2,220,803,0,0,1,0,0,0,0,0,2,33847,30369,7.5,84,1025,106,0
9,9,42605,81,0,60,4,1344,22,0,1,0,0,0,0,0,0,3,73977,86681,7.6,84,2116,133,0
3,8,42682,1048,1,60,5,23,73,0,0,1,0,0,0,0,0,2,33104,9342,7.7,69,96,34,0
4,1,42228,1054,0,10,1,13,2669,0,0,0,0,0,0,0,0,1,361,5676,7.7,82,52,7,1318
8,8,42325,1405,2,20,5,22,121,0,0,1,0,0,0,0,0,2,17189,328,6.2,63,82,32,451
1,6,41793,1489,1,15,1,46,596,0,0,1,0,0,0,0,0,1,55574,13148,7.5,82,948,52,37
7,7,43207,523,0,40,7,172,230,0,1,0,0,0,0,0,0,1,11161,22909,8.3,83,329,91,0
5,6,42782,500,2,20,1,26,370,0,0,0,0,0,0,0,0,3,23448,46646,7.5,83,94,22,0
7,7,42283,999,1,60,1,14,0,1,0,0,0,0,0,0,0,2,13183,4976,7.3,80,84,33,91
5,10,42976,754,2,20,3,0,346,0,0,0,0,0,0,0,0,1,9373,42271,7.7,78,162,48,0
6,6,42705,577,0,10,1,186,2338,0,0,0,0,1,0,0,0,4,3310,3886,8.2,74,378,48,219
7,9,42978,304,0,17,2,2006,1655,0,1,0,0,0,0,0,0,3,38247,40338,8,82,615,44,605
9,10,42656,1074,1,20,1,10,14,0,0,0,0,0,0,0,0,1,3603,2370,7.6,78,123,45,0
5,7,41729,1553,1,15,3,25,2861,0,0,0,1,0,0,0,0,1,6451,12797,8,80,566,35,18477
5,8,42874,408,1,10,4,6,806,0,0,0,1,0,0,0,0,1,25446,6309,7.8,80,136,48,53435
2,2,41821,1461,0,19,2,0,1011,0,1,0,0,0,0,0,0,1,1119,2564,7.6,81,151,38,693
4,4,42136,1146,0,20,1,24,1565,0,0,0,1,0,0,0,0,2,7479,733,7.9,82,203,59,0
8,7,43144,46,0,60,11,37,59,1,1,0,0,0,0,0,0,3,31944,7026,4,65,216,77,516
7,5,42060,1222,1,35,2,253,915,0,0,0,0,0,0,0,0,1,5331,2725,8.2,86,335,49,1278
6,3,42647,635,1,20,1,7,552,1,0,0,0,0,0,0,0,1,2286,15418,7.5,81,49,12,197
6,6,42605,1125,1,28,15,49,105,1,0,0,0,0,0,0,0,2,41670,36802,8.2,80,278,58,0
8,7,41884,1671,1,60,4,15,89,1,0,0,0,0,0,0,0,2,2242,9009,7,77,96,30,0
8,8,42852,430,2,10,24,46,744,0,0,0,1,0,0,0,0,1,23345,28233,4.5,77,443,76,0
0,2,42194,1088,1,10,1,9,2078,1,0,0,0,0,0,0,0,1,1091,491,7.3,74,54,12,1012
10,10,41611,2119,0,10,1,19,546,1,0,0,0,0,0,0,0,1,10074,551,6.7,73,95,14,1
4,4,41911,1371,0,10,1,35,2427,1,0,0,0,0,1,0,0,1,4673,112983,7.3,79,57,9,111
10,9,43060,222,0,25,25,91,342,0,0,1,0,0,0,0,0,2,65839,39380,7.8,77,459,89,694
2,2,42453,829,0,15,1,0,595,0,0,0,0,1,0,0,0,1,1253,588,7.3,61,16,9,10412
6,5,42283,1447,0,30,5,23,122,0,0,0,1,0,0,0,0,1,10382,112255,8.2,80,195,43,0
5,10,41625,2105,0,6,1,200,482,0,0,0,0,0,0,0,0,2,56989,1082,6.5,71,121,9,0
4,4,41593,2137,0,7,1,502,1227,0,0,0,0,0,0,0,0,2,104219,7548,7.3,91,674,12,105
8,8,43007,723,1,60,7,6,41,1,0,0,0,0,0,0,0,1,17156,8311,6.5,68,44,32,0
1,1,42244,1038,1,30,1,0,2389,0,0,0,1,0,0,0,0,1,1291,939,7.7,75,121,36,207
6,6,41816,1466,0,40,2,66,845,0,0,0,0,0,0,0,0,2,88690,2949,8.1,79,313,49,289
3,3,42936,346,0,10,1,0,308,0,0,0,1,0,0,0,0,1,17975,50067,7.5,72,20,10,2294
7,7,42684,598,0,30,1,60,1168,0,0,1,0,0,0,0,0,1,24648,25807,7.8,80,534,67,747
6,6,42304,1426,2,20,2,0,3,0,0,0,0,0,0,0,0,1,10173,0,7.4,79,117,29,0
2,2,41932,1350,1,20,1,0,1107,0,0,0,1,0,0,0,0,2,939,4354,7.7,83,100,13,270
2,2,42656,626,0,20,1,22,264,0,0,0,0,0,0,0,0,2,55747,30663,8.1,71,58,26,5757
4,4,41961,1769,1,50,1,0,64,0,0,0,0,0,0,0,0,2,1560,3591,6.4,68,25,17,0
2,1,42612,1118,1,12,2,12,176,1,0,0,0,0,0,1,1,3,612,202,6.9,75,23,12,46
8,8,41912,7,2,0,11,462,859,0,0,0,0,0,0,0,0,1,160737,3884,8.3,86,1057,85,0
2,2,42325,957,1,20,1,18,262,0,1,0,0,0,0,0,0,1,690,21117,5.6,63,55,11,1422
7.5,7.5,42343,1387,1,10,1,15,124,1,0,1,0,0,0,0,0,1,1478,23848,7.3,63,48,36,0
7,7,43179,11,2,60,2,140,71,1,0,0,0,0,0,0,0,4,64432,35514,7.2,78,138,80,0
3,3,42549,1181,0,30,5,27,147,0,0,1,0,0,0,0,0,1,15127,11596,6.5,58,261,67,0
5,5,41989,1293,2,30,7,35,293,1,0,0,0,0,0,0,0,2,1895,12278,7.9,84,247,38,27
5,5,42636,646,2,20,24,8,708,0,0,1,0,0,0,0,0,1,1663,24272,4.7,52,51,20,0
3,3,43013,296,0,30,1,141,959,1,0,0,0,0,1,0,0,4,59881,173228,8.6,79,473,79,7272
6,8,43496,28,2,60,8,84,287,0,0,0,0,0,0,0,0,3,34987,28690,8.3,80,468,99,0
4,5,43089,243,0,10,1,0,452,0,0,0,0,0,0,0,0,4,27116,30617,7.2,78,66,55,508
4,4,43125,331,0,10,1,279,1346,1,0,0,0,0,1,0,0,4,44516,170522,8.4,94,1329,70,2216
2,2,42390,573,0,15,1,0,225,0,0,1,0,0,0,0,0,2,9012,2748,7.7,78,47,15,1414
4,6,43077,58,0,30,1,83,162,1,0,0,0,1,0,0,1,4,74667,49840,4.5,42,267,42,330
6,5,43446,79,2,30,2,0,217,0,0,0,1,0,0,0,0,3,14419,46465,8.4,78,111,30,14474
2,6,43249,317,0,10,1,16,938,0,0,1,0,0,0,0,0,4,73654,30600,8.1,84,286,82,1767
5,6,43636,120,0,20,1,51,431,1,0,0,0,0,1,0,0,2,35443,49471,8.1,81,209,78,6320
8,8,43399,98,1,60,1,27,48,1,0,0,0,0,0,0,0,4,15521,20171,8.3,71,111,58,143
2,2,43122,367,0,30,1,19,408,0,0,0,0,0,0,0,0,4,14784,39729,6.9,75,131,77,13265
5,0,42864,76,1,20,1,0,560,0,0,0,0,0,0,0,0,4,42011,39807,7.2,68,174,67,21
3,3,43235,77,1,16,1,0,683,0,0,1,0,0,0,0,0,4,58761,63341,7.5,79,106,31,1719
8,8,42405,5,1,60,3,509,3089,0,0,0,1,0,0,0,0,3,109372,76838,7.6,88,1873,150,11047
6,5,43277,121,0,60,9,27,58,0,0,1,0,0,0,0,0,3,6574,7926,8.8,85,465,64,395
1,3,42488,794,1,10,1,0,720,0,0,0,1,0,0,0,0,1,2471,18719,7.3,78,68,28,958
4,4,42528,754,1,15,7,23,156,1,0,0,0,0,0,0,0,2,3627,131894,8.7,89,156,31,599
4,6,42593,689,0,15,1,0,712,0,0,0,0,0,0,0,0,1,88014,20047,7.4,77,47,10,471
7,10,42710,4,0,20,2,936,1345,0,1,0,0,0,0,0,0,1,139428,55149,8,82,2277,110,0
4,4,41725,1557,1,15,3,0,619,0,0,0,1,0,0,0,0,1,485,2739,6.6,81,212,31,2211
4,4,42052,829,0,20,2,32,1419,0,0,1,0,0,0,0,0,3,13707,36902,7.8,80,285,54,326
4,7,42236,1046,1,22,3,54,1143,1,1,0,0,0,1,0,0,3,4709,5515,7.2,68,164,44,104
4,4,42789,941,0,10,1,0,296,1,0,0,0,0,1,0,0,4,38932,749,7.5,82,52,29,3
4,4,41947,1783,1,30,7,0,53,0,0,0,0,0,0,0,0,2,2310,12,6.5,76,51,33,0
4,4,42268,368,0,30,1,1052,2930,0,1,0,0,0,0,0,0,3,60057,92396,8.3,84,1440,109,433
8,8,42550,732,1,12,1,14,813,0,0,1,0,0,0,0,0,2,2254,3186,7,78,86,19,367
8,8,42766,964,0,36,5,8,4,0,0,1,0,0,0,0,0,1,15243,1830,6.5,68,121,35,0
5,5,41787,1495,0,13,1,0,2930,1,0,0,0,0,1,0,0,1,1735,100835,7.2,73,117,24,189049
7,9,43021,7,0,60,2,1343,1085,0,1,0,0,0,0,0,0,3,226519,157125,9.1,82,2364,119,822
4,9,43279,7,2,60,2,121,331,0,0,0,0,0,0,0,0,3,141325,37298,5.1,69,465,111,6879
8,7,42094,1188,1,60,1,7,87,1,0,0,0,0,0,0,0,2,2380,437,7.4,74,113,36,58
4,7,43550,195,1,40,1,0,107,0,0,1,0,0,0,0,0,3,24907,34644,7.8,67,203,48,11277
7,7,42682,476,0,30,1,0,11,0,0,0,0,1,0,0,0,2,708,3968,7,68,22,16,5
1,0,42052,1230,0,10,2,0,237,1,0,0,0,0,0,0,0,3,258,925,6.1,56,36,17,2
10,10,41618,2112,0,15,2,21,306,0,0,0,0,0,0,0,0,1,503,399,6.3,71,101,28,0
7,7,41933,1797,1,42,4,11,51,1,0,0,0,0,0,0,0,1,19894,72,7.6,76,95,31,0
5,6,43118,164,1,7,1,0,405,0,0,0,0,0,0,0,0,1,528,0,7.9,68,34,15,209
0,0,41989,1741,1,13,1,11,48,0,0,0,0,0,0,0,0,1,860,6497,7.2,85,74,14,0
4,4,42027,1255,1,30,1,28,779,0,0,0,1,0,0,0,0,1,19261,539,7.4,77,207,45,62
2,2,42096,1186,1,15,1,8,567,0,0,0,1,0,0,0,0,1,2539,7327,7.7,65,111,14,1170
4,4,42633,649,1,20,3,11,203,0,0,0,1,0,0,0,0,1,17871,15937,5.5,63,136,19,1509
6,6,42549,1181,1,36,3,27,87,1,0,0,0,0,0,0,0,1,2418,6613,7.3,61,79,35,0
1,1,42136,1146,1,10,1,0,646,1,0,0,0,0,0,0,0,1,1553,462,6.8,61,39,11,97
7,7,43525,56,2,60,6,76,230,1,0,0,0,0,0,0,0,3,70496,30823,5.7,76,461,92,2095
7,7,43375,355,0,60,3,35,57,1,0,1,0,0,0,0,0,1,6480,18459,8,72,82,44,0
5,7,42528,1202,0,60,1,85,271,0,0,1,0,0,0,0,0,1,19734,10960,8.1,87,248,49,0
4,4,41900,246,0,40,2,139,505,0,0,1,0,0,0,0,0,1,109479,3697,7.2,81,1194,65,82
3,5,42272,1010,2,40,1,0,85,0,0,0,1,0,0,0,0,2,7242,1048,6.5,64,74,21,158
3,3,42682,600,0,35,1,0,175,0,0,0,1,0,0,0,0,1,24679,6818,7.5,71,58,13,4341
2,2,42373,909,0,20,1,53,993,0,0,0,0,0,0,0,0,1,11731,3993,7.4,86,229,29,243
7,8,43046,7,0,40,45,535,224,0,1,0,0,0,0,0,0,4,113867,162369,7.1,62,1599,84,130
5,8,42683,599,0,35,1,0,307,1,0,0,0,0,0,0,0,2,5860,9169,8.4,81,75,18,2266
2,2,42150,1132,0,15,2,0,470,1,0,0,0,0,0,0,0,1,16975,1117,7,76,39,7,61
3,5,42481,801,1,15,1,7,154,0,0,0,1,0,0,0,0,1,9592,10063,7.4,77,110,36,391
4,4,42927,803,1,30,7,0,53,0,0,0,0,0,0,0,0,3,21657,182,8.3,73,18,29,0
3,8,41835,1447,1,15,1,0,609,0,1,0,0,0,0,0,0,1,1547,1485,7.4,69,79,26,20
2,2,41716,1566,0,10,1,13,1039,1,0,0,0,0,0,1,0,1,950,660,6.8,80,90,45,57
5,8,42402,1328,1,50,3,27,209,0,0,1,0,0,0,0,0,1,44577,7516,8,75,382,45,0
5,8,43119,611,1,21,3,0,11,0,0,1,0,0,0,0,0,1,14293,10314,7.1,73,87,39,0
2,2,42990,292,1,20,1,0,502,0,0,0,1,0,0,0,0,2,4557,10804,7.5,80,38,22,463
2,2,42936,346,0,15,1,55,233,0,0,0,0,0,0,0,0,2,2989,30084,7.5,88,111,22,423
4,4,42179,1103,0,10,1,196,1493,0,0,0,0,1,0,0,0,1,56637,10511,6.1,86,394,49,237
6,7,42528,754,0,30,1,9,117,0,0,1,0,0,0,0,0,2,2612,5662,8.1,75,81,36,123
6,8,43042,350,0,50,12,19,155,0,0,0,0,0,0,0,0,2,12393,1222,7.8,76,69,28,313
4,4,43447,85,0,17,1,140,631,1,0,0,0,0,1,0,0,3,34891,37570,8.8,84,440,84,722
3,3,41988,1294,0,10,1,31,664,1,0,1,0,0,0,0,0,1,27883,21217,8.7,78,118,7,143
3,3,42703,579,0,35,3,86,100,0,0,0,0,1,0,0,0,2,972,26018,8.6,90,90,22,374
7,7,42787,495,0,60,1,17,70,1,0,0,0,0,0,0,0,2,11717,45429,6.5,66,97,58,153
3,3,43209,73,1,10,1,0,397,0,0,1,0,0,0,0,0,4,497668,30372,7.8,87,45,22,3354
3,3,42542,740,0,15,2,17,774,0,0,0,0,1,0,0,0,3,543,11295,8.1,85,179,47,977
2,8,42199,1531,1,23,1,81,42,1,0,0,0,0,0,0,0,1,63366,1881,3.1,38,267,56,0
6,9,41593,2137,0,23,1,153,86,1,0,0,0,0,1,0,0,2,24770,134,5.4,79,95,10,0
4,7,43214,68,1,40,1,9,531,0,0,0,1,0,0,0,0,1,26333,26795,7,78,325,61,6354
1,1,41717,1565,0,10,1,15,714,0,1,1,0,0,0,0,1,3,518,550,6.8,69,230,26,23
3,3,41758,1524,0,10,1,28,168,0,1,0,0,0,0,0,0,2,54414,18874,4.6,51,303,86,5
7,9,43417,2,1,100,7,437,2054,0,1,0,0,0,0,0,0,3,108402,78744,8.5,84,993,117,0
0,10,42507,1223,0,20,1,21,145,0,1,0,0,0,0,0,0,1,39950,2200,7.3,64,150,60,0
2,2,42718,564,1,10,1,14,186,1,0,0,0,0,0,1,1,3,13309,31947,5.9,58,130,69,29
3,3,42528,754,0,30,1,0,1109,0,0,0,1,0,0,0,0,3,4374,4678,7.8,83,109,17,165
6,9,42801,7,1,30,21,9,598,0,1,0,0,0,0,0,0,4,77918,41465,7,71,179,71,0
8,7,42815,467,1,60,2,9,53,0,0,1,0,0,0,0,0,2,5676,3585,7.5,77,117,50,191
9,9,43011,7,2,30,11,174,405,0,0,0,0,0,0,0,0,2,91302,29514,5.9,86,1047,96,0
2,3,42621,661,0,20,1,0,554,0,0,0,1,0,0,0,0,1,11000,28568,7.1,73,17,12,623
5,6,42976,29,1,15,1,31,1276,0,0,1,0,0,0,0,0,3,26568,48064,5.9,75,156,73,741
7,7,43399,331,0,20,17,0,166,0,0,0,0,0,0,0,0,1,2076,1895,6.9,74,46,32,0
3,4,42626,1104,1,60,9,0,10,0,0,0,0,0,0,0,0,3,10980,2737,4.6,66,43,10,5
4,4,43004,278,0,40,3,181,315,0,0,0,0,1,0,0,0,2,17778,15306,7.9,81,228,49,1056
5,5,42682,600,0,20,1,21,122,0,1,0,0,0,0,0,0,2,23974,10743,6.7,64,88,46,17
6,6,42458,824,0,30,1,0,99,0,0,1,0,0,0,0,0,2,2699,688,7.5,67,98,45,15
3,3,41892,1390,1,10,1,0,205,1,0,0,0,0,0,0,0,1,10822,230,6.5,69,13,11,5
8,7,42276,1006,1,50,4,0,38,1,0,0,0,0,0,0,0,2,36584,482,6.9,73,46,29,55
5,5,42156,1126,0,20,1,106,410,1,0,0,0,0,0,1,0,1,29360,326,4.6,43,643,48,101
7,7,42199,1531,0,6,4,0,68,0,0,0,1,0,0,0,0,1,652,6934,7.1,69,30,33,0
5,5,43165,565,0,20,1,0,175,0,0,0,0,0,0,0,0,1,5621,13755,7.6,68,39,30,0
3,3,42192,1538,1,25,2,120,69,1,0,0,0,0,0,0,0,4,2677,24356,7.5,82,41,23,0
2,2,42072,1210,0,15,2,0,640,0,0,0,0,1,0,0,0,2,35080,3543,7,58,38,26,65
1,6,41842,1440,0,13,1,12,771,0,0,0,0,0,0,0,0,3,554,1435,6.6,80,75,18,10
9,9,42348,934,0,20,25,374,587,0,0,1,0,0,0,0,0,1,1797,16836,7.3,66,101,7,192
3,5,42088,1194,1,10,1,0,100,0,0,0,1,0,0,0,0,1,1076,87,6.3,62,26,19,20
4,4,42402,880,0,20,7,10,216,0,0,1,0,0,0,0,0,2,13855,2540,7.6,80,158,24,123
3,3,41886,1396,0,20,1,0,125,0,0,0,0,0,0,0,0,1,7951,755,6.9,67,92,23,254
0,2,43413,317,0,40,70,24,317,0,0,0,0,0,0,0,0,2,13324,128324,7.5,90,235,83,0
1,2,42243,1039,0,25,1,0,298,0,0,0,1,0,0,0,0,4,1823,7232,6.3,72,18,9,92
2,6,41844,1438,0,10,1,0,1038,0,0,0,0,1,0,0,0,1,6373,6129,6.4,64,135,45,33
8,8,43222,60,1,40,22,0,113,0,0,0,1,0,0,0,0,1,12244,18461,5.3,75,116,51,0
8,8,43076,206,0,30,7,0,286,0,1,0,0,0,0,0,0,2,25264,41126,8.7,85,281,86,3217
0,0,42124,1158,0,15,1,0,760,0,0,0,1,0,0,0,0,4,7683,10644,7.7,75,119,28,82
5,5,42941,341,0,20,1,76,1040,0,0,1,0,0,0,0,0,2,27747,34317,7.9,85,304,75,300
6,7,42878,404,1,40,1,0,106,0,0,0,1,0,0,0,0,1,7778,6334,7.4,83,55,24,662
0,0,41647,1635,0,10,1,15,962,0,0,0,0,1,0,0,1,1,408,210,7.3,66,57,14,9
3,2,42440,842,1,15,1,0,770,0,0,0,0,0,0,0,0,1,316,14491,5.5,75,57,16,0
0,6,41780,1502,0,10,1,10,766,0,0,0,0,1,0,0,0,2,1206,416,7.2,73,80,26,22
3,3,41928,1354,1,15,1,0,391,0,0,0,1,0,0,0,0,1,383,1947,7.8,84,156,8,52
8,8,42612,1118,0,30,7,33,72,1,0,0,0,0,0,0,0,1,16748,5844,7.3,78,72,22,0
2,2,43221,61,1,10,1,25,1646,0,0,0,0,0,0,0,0,2,295,42494,3.5,67,8,9,403
9,9,43146,136,0,40,1,29,98,0,0,1,0,0,0,0,0,2,32146,110775,7.2,63,143,65,139
7,7,43228,54,0,50,2,55,536,0,0,1,0,0,0,0,0,4,7131,23893,7.8,88,532,71,3239
2,2,42538,744,0,17,1,211,999,0,0,0,0,1,0,0,0,3,1743,5134,7.7,77,377,42,107
2,1,42326,956,0,20,1,12,728,0,0,0,1,0,0,0,0,2,17572,4473,7.4,73,155,45,197
9,9,42310,972,0,10,1,32,163,0,0,0,1,0,0,0,0,1,38778,2089,6,72,304,45,1990
5,8,42923,807,2,50,1,9,20,0,0,1,0,0,0,0,0,1,1911,2256,5.9,64,14,27,0
0,0,41751,1979,0,10,1,0,83,0,0,0,0,0,0,0,0,3,537,665,6.1,58,37,17,0
1,1,42852,348,0,20,1,0,32,0,1,0,0,0,0,0,0,3,2176,97186,7.5,74,104,15,11
3,3,42285,169,1,15,1,0,1046,0,0,0,0,1,0,0,1,4,40925,25953,8.1,88,119,25,590
5,5,42990,740,2,30,1,11,65,1,0,0,0,0,0,1,0,2,5807,15140,7.1,70,62,28,0
7,7,43140,590,1,60,1,0,0,1,0,0,0,0,0,0,0,1,3187,1775,6.3,55,24,33,0
5,5,42486,796,0,15,3,1127,838,0,0,0,0,1,0,0,0,3,1877,27589,6.6,67,152,15,0
3,3,42824,631,0,10,1,180,416,0,0,0,0,1,0,0,0,4,12089,10566,8.4,86,337,90,150
4,4,42220,1062,0,10,1,33,228,0,0,1,0,0,0,0,0,1,1143,78,7.9,66,44,9,42
8,9,42075,1207,0,15,1,0,23,0,0,0,1,0,0,0,0,1,4776,14,4.3,64,127,58,63
0,0,41593,1689,0,21,1,0,270,1,0,0,0,0,0,0,0,2,287,903,7.9,65,99,20,31
2,2,41709,2021,0,25,1,0,22,1,0,0,0,0,1,0,0,1,276,272,3,38,53,8,0
3,0,42416,1314,0,15,1,0,325,0,0,0,1,0,0,0,0,1,9130,46,6.4,70,10,13,0
7,7,42556,1174,0,60,13,0,1,0,0,0,1,0,0,0,0,3,671,4381,7.1,67,45,26,1946
4,4,43123,607,0,20,1,43,53,0,1,0,0,0,0,0,0,1,12975,35578,5.7,59,83,57,0
1,6,42618,664,0,15,1,0,778,1,0,0,0,0,0,0,0,3,9285,29979,7.5,73,126,50,98
1,1,41704,1578,0,15,1,0,525,0,0,0,1,0,0,0,0,1,395,311,7.7,75,47,13,82
4,3,42027,1255,1,12,1,0,256,1,0,0,0,0,0,0,0,2,572,7413,7.5,64,17,10,24
0,0,42402,880,1,20,1,0,37,1,0,0,0,0,0,0,0,2,1353,5774,6.9,70,40,37,33
5,7,41851,1431,0,15,3,26,764,0,0,1,0,0,0,0,0,1,42532,107,1.5,57,510,47,32
9,9,42423,859,0,20,7,43,567,0,0,0,1,0,0,0,0,2,2601,26021,6.6,77,84,36,81
1,1,42439,843,0,15,1,0,701,0,0,1,0,0,0,0,0,4,4173,4568,7,69,37,23,246
9,9,41715,1567,0,10,4,66,1222,1,0,0,0,0,0,1,1,1,1745,54,3,45,171,14,28
1,5,41803,1479,0,15,1,0,361,0,0,0,1,0,0,0,0,1,65345,2046,7.6,73,55,17,76
2,5,42690,592,0,15,1,5,51,0,0,0,1,0,0,0,0,1,9590,10836,2.1,43,75,7,90
6,6,42871,859,0,9,1,11,25,0,1,1,0,0,0,0,0,1,1436,275,6.9,55,36,33,0
1,1,42933,349,0,15,1,24,454,0,1,0,0,0,0,0,0,4,1683,39458,8.3,80,150,63,1047
6,6,41800,1482,0,30,1,70,284,1,0,0,0,0,0,1,1,1,22449,138,5.7,52,109,13,73
4,3,42712,570,0,10,1,26,301,1,0,0,0,0,0,0,0,1,109750,18883,8.7,80,80,8,248
1,6,42199,1083,0,15,1,0,344,0,0,1,0,0,0,0,0,1,7888,3817,4.9,72,53,32,100
1,5,42958,324,1,50,4,0,477,0,0,0,1,0,0,0,0,2,7001,2426,7.4,70,80,28,1102
3,3,43013,269,1,40,1,0,113,1,0,0,0,0,0,1,1,2,4037,20927,6.7,87,28,12,681
1,1,42249,1033,0,10,1,0,479,0,0,0,1,0,0,0,0,1,1168,5654,6.4,72,76,19,116
7,7,41695,1587,0,40,17,559,769,0,1,0,0,0,0,0,0,1,85155,2133,7.7,58,545,16,108
0,4,42759,971,1,35,4,0,363,0,0,0,0,0,0,0,0,4,14493,305,5.4,59,26,22,0
2,2,43258,472,2,30,7,0,15,0,0,0,0,0,0,0,0,4,18760,9706,6.4,73,40,38,0
2,9,42656,626,1,20,1,10,93,1,0,0,0,0,0,0,0,2,15284,3493,6.9,74,50,49,117
6,6,41928,1354,1,15,20,0,153,0,0,0,0,0,0,0,0,1,170441,75,4.8,61,66,20,148
8,9,42992,7,0,30,3,447,1091,0,1,0,0,0,0,0,0,3,26134,131032,7,84,364,87,0
2,2,42459,823,0,15,1,0,780,0,1,0,0,0,0,0,0,1,745,7608,7.6,74,38,16,267
3,3,42979,303,0,18,1,0,135,1,0,0,0,0,1,0,0,3,933,17014,7.9,80,49,16,492
2,2,43249,304,0,15,1,72,289,0,1,0,0,0,0,0,0,4,39546,47635,4.7,47,478,63,21
10,10,42948,782,0,15,1,0,43,1,0,0,0,0,0,0,0,1,3637,19432,5.5,72,29,29,0
6,7,43438,292,0,40,10,0,95,1,0,0,0,0,0,0,0,1,2652,3307,7.1,72,98,28,0
8,7,42976,754,0,60,1,0,20,1,0,0,0,0,0,0,0,2,10628,4759,6.4,70,20,38,71
6,6,41409,1873,0,15,2,5,798,1,0,0,1,0,0,0,0,2,2470,547,7.7,77,129,42,25
2,2,41774,1508,0,15,1,58,524,0,1,0,0,0,0,0,0,1,8346,30997,6.4,55,96,9,32
0,9,41730,1552,0,20,3,504,744,0,1,0,0,0,0,0,0,1,961,381,5.6,60,63,7,0
4,4,41942,1340,1,10,1,590,486,0,0,1,0,0,0,0,0,3,1088,16827,7.4,80,127,13,344
5,5,42206,1076,0,40,2,8,89,0,1,0,0,0,0,0,0,2,986,1122,6.8,57,91,43,88
2,5,42431,851,1,18,2,0,28,0,0,0,0,0,0,0,0,1,21518,4517,5.9,46,21,8,149
1,1,41940,1342,2,10,1,0,356,0,0,0,0,0,0,0,0,3,245,5051,8.3,68,30,10,48
4,5,43573,17,0,20,1,0,151,0,1,0,0,0,0,0,0,3,44824,40990,8.4,78,46,23,13403
8,8,43273,457,1,50,3,0,14,1,0,0,0,0,0,0,0,2,2234,1421,2.9,43,44,22,67
8,7,42444,1286,1,50,4,0,15,1,0,0,0,0,0,0,0,1,7825,1112,7.1,71,24,29,0
4,4,42576,706,0,60,1,176,508,0,1,0,0,0,0,0,0,3,48878,57120,5.5,67,290,90,667
0,0,42451,831,0,10,1,0,295,0,1,0,0,0,0,0,0,1,3169,2273,5.6,72,37,35,12
3,3,43165,565,1,50,1,0,44,1,0,0,0,0,0,0,0,1,6311,10957,7.8,85,44,11,0
10,10,42864,866,0,15,1,0,151,1,0,0,0,0,1,0,0,1,1334,1513,7,79,33,31,0
1,1,42818,464,0,15,1,0,184,0,0,0,1,0,0,0,0,1,98075,17619,7.7,80,81,11,5565
2,2,42606,676,0,30,1,0,750,0,0,0,0,1,0,0,1,2,2905,35424,7.7,76,149,36,151
2,4,42032,1250,0,10,1,0,1297,1,0,0,0,1,0,0,0,1,1485,2005,7.6,61,155,9,69
1,1,42380,902,0,15,1,0,561,0,0,0,0,0,0,0,0,2,4279,7027,6.1,65,60,39,25
0,0,42451,831,0,10,1,0,156,1,0,0,0,0,1,0,0,2,743,106185,7.8,68,19,13,22
2,2,42234,1048,0,20,1,16,748,1,1,0,0,0,1,0,0,2,138813,866,7.3,80,79,49,7
2,2,42815,467,0,15,1,16,499,0,1,0,0,1,0,0,0,3,352106,44382,7.1,80,71,42,231
5,5,43076,206,1,50,3,20,181,0,0,0,1,0,0,0,0,1,14574,11538,7.7,73,147,37,1643
0,0,43417,313,0,20,1,0,96,0,0,0,0,0,0,0,0,1,139,2443,5.8,64,15,8,0
4,10,42829,901,0,15,1,0,99,1,0,0,0,0,0,0,0,1,2410,38532,5.3,61,61,34,0
1,1,42045,1685,0,13,1,0,86,1,0,0,0,0,0,1,0,1,720,373,7.2,74,31,33,0
2,2,42888,394,1,10,3,0,103,0,0,0,1,0,0,0,0,1,5106,566,2.6,68,14,8,172
1,1,42255,1027,1,10,24,0,205,0,0,0,1,0,0,0,0,1,745,1000,7.8,72,16,16,0
2,2,42621,661,0,20,6,0,461,0,0,0,1,0,0,0,0,2,2978,6040,7.8,71,18,13,0
7.5,7.5,41970,1312,0,10,1,0,530,0,0,0,0,1,0,0,0,1,13345,518,6,68,69,21,53
1,6,42110,1172,0,15,1,0,562,1,0,0,0,0,0,0,0,2,1212,12416,7.7,80,41,23,75
2,7,42024,1258,0,15,1,9,418,0,0,1,0,0,0,0,0,2,712,17053,7,70,82,48,14
0,0,42584,698,0,40,2,8,71,1,0,0,0,0,0,1,0,2,1229,12078,8.3,67,46,21,31
5,5,42522,760,1,10,1,6,156,1,0,0,0,0,0,0,0,1,6875,7821,7.2,70,41,11,59
1,5,41814,1916,0,13,1,0,171,1,0,0,0,0,0,1,0,3,836,2663,7.9,59,139,29,8
0,0,42752,978,0,15,1,56,42,1,0,0,0,0,0,0,0,2,5843,2786,5.7,49,40,24,0
2,6,41611,1671,0,10,1,9,232,1,0,0,0,0,0,0,0,2,1855,6028,6.7,64,87,31,12
1,6,41774,1508,0,10,1,0,308,1,0,0,0,0,0,1,1,1,306,3788,7.6,72,8,12,22
1,5,42615,667,0,10,1,0,582,1,0,0,0,0,1,0,0,3,7137,28920,8,75,48,42,85
5,5,42453,829,0,20,3,22,554,0,0,0,0,1,0,0,0,1,4569,32445,7.8,80,109,29,59
2,3,42878,404,0,35,1,13,96,0,0,0,1,0,0,0,0,2,1911,1696,7.1,73,20,11,864
2,2,42187,1095,0,20,1,0,462,0,0,1,1,0,0,0,0,1,636,1529,7.6,71,74,17,77
2,0,41771,1511,0,10,1,0,303,1,0,0,0,0,1,0,0,3,675,116,6.8,72,86,60,16
9,9,42656,1074,1,35,1,0,77,1,0,0,0,0,0,0,0,2,7508,738,7.2,66,49,40,27
5,5,43018,712,1,30,4,6,32,0,0,1,0,0,0,0,0,2,2114,3309,7,71,37,12,295
0,0,42391,891,0,20,1,0,417,0,1,0,0,0,0,0,0,1,2637,3001,5.7,62,9,9,20
2,2,43004,278,0,10,1,0,264,1,0,0,0,0,0,0,0,2,24294,107040,7.8,79,136,47,90
0,2,42706,576,0,13,1,0,318,0,0,1,0,0,0,0,0,1,17525,18223,5.6,67,9,8,27
5,5,42040,1242,0,10,1,0,108,0,0,0,1,0,0,0,0,1,9399,103,1.7,47,228,20,117
3,3,42122,1160,0,30,1,0,61,0,0,1,0,0,0,0,0,2,1289,585,7.1,58,89,22,13
2,3,43217,65,1,12,1,22,448,0,0,0,0,1,0,0,0,1,2784,33485,7,73,29,11,1321
7,7,43152,3,1,30,1,199,214,0,1,0,0,0,0,0,0,3,82851,44890,1.9,62,1441,100,153
1,1,42418,864,0,20,1,0,667,1,0,0,0,0,0,1,1,1,1225,32223,7.2,83,64,20,166
0,7,42389,893,0,10,1,26,377,0,0,0,1,0,0,0,0,1,8594,7143,7.9,79,184,52,1216
6,1,41919,1363,0,15,2,5,453,0,0,1,0,0,0,0,0,3,11466,6901,7.5,74,88,39,42
2,2,42039,1243,0,20,1,0,386,0,0,0,1,0,0,0,0,1,2970,200,7.7,77,72,26,333
2,2,42647,152,1,20,1,29,515,0,1,0,0,0,0,0,0,3,10526,10037,7.1,71,97,45,1474
6,6,42801,929,0,60,1,0,6,0,0,1,0,0,0,0,0,2,1460,886,7.1,78,50,33,85
1,5,43251,260,0,20,1,0,612,0,0,0,1,0,0,0,0,1,3555,5974,7.5,71,24,17,940
3,3,42797,184,0,20,1,12,27,0,0,0,0,0,0,0,0,1,13751,3629,7.9,81,388,54,0
4,4,43046,42,0,30,1,5,213,0,0,0,0,0,0,0,0,4,13753,45824,8.3,82,94,62,739
3,6,43573,7,0,10,1,44,510,1,0,0,0,0,1,0,0,3,24524,47798,8.9,83,300,64,1520
3,3,42675,167,0,25,1,71,1078,0,1,0,0,0,0,0,0,4,12648,124483,7.6,88,477,96,88
4,4,43186,30,0,20,1,11,246,0,0,0,0,0,0,0,0,4,34403,45622,8.1,71,14,5,3586
6,7,43438,292,0,40,10,0,69,1,0,0,0,0,0,0,0,1,1968,2259,6.2,73,43,26,0
2,2,42928,355,0,15,1,24,246,1,0,0,0,0,1,0,0,3,9919,137276,7.9,84,90,29,163
4,4,42395,9,0,40,1,334,2842,0,0,0,0,1,0,0,1,3,42668,88107,7.1,87,1177,113,445
6,5,41782,12,1,40,5,103,1811,0,0,0,1,0,0,0,0,2,52758,9216,7.1,76,520,68,2357
5,5,43728,14,0,20,1,41,96,0,0,0,0,0,0,0,0,2,12709,31186,7.6,81,172,55,0
6,6,41954,1328,0,15,1,0,372,0,0,0,0,0,0,0,0,1,2354,2384,6.3,69,26,10,25
1,1,41908,1374,0,15,1,0,349,0,1,0,0,0,0,0,0,2,16315,11199,7.1,74,115,31,16
9,9,43389,7,1,60,1,74,75,0,0,0,0,0,0,0,0,4,16091,7192,7.8,78,236,94,82
0,0,41829,1453,0,10,1,22,357,0,0,0,0,1,0,0,0,4,564,210,7.1,82,78,40,939
0,0,42292,990,0,15,1,7,488,0,0,1,0,0,0,0,0,1,914,161,8,81,215,17,156
6,6,42843,439,0,15,1,0,1234,0,0,0,0,1,0,0,0,2,3207,16541,7.5,77,101,40,62
7,7,43004,726,0,60,1,12,32,0,0,1,0,0,0,0,0,2,4315,15029,7,66,48,39,60
5,10,43032,698,0,10,1,205,456,0,0,0,0,0,0,0,0,1,15481,24734,6.6,66,114,45,0
4,4,41775,1507,0,25,1,0,436,0,0,0,1,0,0,0,0,1,539,489,6.3,73,74,13,344
4,4,42892,838,0,40,1,0,14,0,0,1,0,0,0,0,0,2,730,24,6,58,24,14,16
8,7,42878,404,0,50,1,0,15,1,0,0,0,0,0,0,0,2,1666,287,6.9,74,17,31,27
2,0,41837,1445,1,20,1,0,165,1,0,0,0,0,1,0,0,3,47,131,7.7,69,21,16,23
1,1,41864,1418,0,20,1,15,572,0,0,1,0,0,0,0,0,3,31515,189,8.5,69,100,31,91
4,4,43305,425,0,30,1,0,25,0,0,0,0,0,0,0,0,3,13469,3945,6.7,65,22,17,0
2,2,42956,326,0,25,1,0,150,1,0,0,0,0,0,1,0,2,1174,31721,7.7,89,218,54,52
1,6,42661,621,0,10,3,0,528,1,0,0,0,0,0,0,0,1,9454,4719,6.4,71,21,11,81
2,2,42048,1234,0,20,2,0,250,0,0,0,0,1,0,0,0,1,4239,4172,3.3,48,54,10,28
0,0,42115,1167,0,15,1,0,256,0,0,1,0,0,0,0,0,1,23811,14615,5.5,72,30,17,74
2,2,43133,149,1,10,2,0,540,0,0,0,0,1,0,0,1,2,30189,39122,6.1,69,7,7,748
6,5,42949,333,0,40,12,41,182,0,0,1,0,0,0,0,0,2,3387,5040,8.6,80,177,26,444
1,7,41739,1543,0,20,2,0,158,0,0,0,1,0,0,0,0,1,1412,1120,7.1,73,85,22,99
1,1,42185,1097,0,13,1,0,426,0,0,0,1,0,0,0,0,2,17364,850,7.7,71,47,43,40
1,1,42507,775,0,13,1,0,177,1,0,0,0,0,1,0,0,1,461,6326,6.8,77,11,15,0
4,10,42418,90,0,20,3,296,671,0,0,0,0,1,0,0,0,1,2154,31575,8.5,82,138,10,3374
3,3,42208,1074,0,15,4,0,116,0,1,0,0,0,0,0,0,1,4618,1198,7.3,72,31,9,83
2,2,41747,1535,0,20,1,0,168,0,0,0,1,0,0,0,0,1,1635,282,6.9,72,40,9,15
1,1,42852,430,0,30,1,5,132,0,0,1,0,0,0,0,0,1,3401,4542,8,74,101,33,398
1,1,42955,327,0,15,1,871,875,0,0,0,0,1,0,0,0,4,13273,26352,7.4,79,110,14,205
0,0,42303,979,0,10,1,0,278,0,0,0,1,0,0,0,0,1,5635,126,7.9,85,59,10,57
1,1,42627,655,0,20,1,0,412,0,0,0,0,1,0,0,1,1,82738,31570,6.7,75,47,34,35
1,3,42103,1179,0,30,2,0,87,0,0,0,1,0,0,0,0,1,2905,66,5.4,70,103,17,46
4,4,42878,852,0,30,2,7,19,0,0,0,1,1,0,0,0,1,851,660,7.2,68,39,22,0
0,2,42198,1084,0,9,1,0,195,0,0,0,0,1,0,0,0,1,482896,1291,5.8,59,18,10,6
1,6,42822,460,0,20,1,0,369,1,0,0,0,0,1,0,0,3,52302,7271,8.1,71,104,40,177
2,2,41767,1515,0,20,1,0,88,1,0,0,0,0,1,0,0,1,138381,9457,7.4,64,17,7,7
0,3,41718,1564,0,20,1,0,190,1,0,0,0,0,0,0,0,1,509,101725,7.7,72,36,17,21
1,6,43214,68,0,15,1,0,165,0,0,1,0,0,0,0,0,2,12649,25631,6.5,74,48,57,51
5,6,42093,1189,0,10,1,0,267,1,0,0,1,0,0,0,0,1,585,69,6.2,69,11,8,17
1,1,41704,1578,0,6,1,0,466,0,0,0,0,1,0,0,1,1,3379,13272,7.1,87,145,8,8
1,5,42538,744,0,20,1,0,338,0,0,0,1,0,0,0,0,1,4255,158,5.4,75,13,11,49
0,0,42213,1069,0,20,1,0,230,1,0,0,0,0,0,0,0,2,341,245,7.1,62,16,10,8
1,3,42992,290,1,30,1,0,135,0,0,0,1,0,0,0,0,1,1772,542,6.5,74,12,16,355
0,6,42270,1012,0,13,1,0,398,1,0,0,0,0,0,0,0,1,305,699,7.6,60,14,10,6
0,0,42359,923,0,15,1,0,590,0,0,0,0,1,0,0,0,1,1043,682,7.3,77,24,15,29
1,1,41955,1327,0,20,1,30,324,0,0,0,0,1,0,0,0,2,2137,2920,6.7,60,64,32,31
1,1,42135,1147,0,10,1,0,280,0,1,0,0,0,0,0,0,2,3231,122,5.9,57,190,44,9
4,4,42983,747,0,30,1,7,12,0,0,0,1,0,0,0,0,1,653,367,7.8,75,27,22,0
9,9,42110,1172,0,15,1,7,306,1,0,0,0,0,0,1,0,1,2227,165,6.2,66,33,9,17
3,3,43444,35,1,20,1,0,186,1,0,0,0,0,0,1,1,2,52319,26539,8.3,88,135,19,347
0,0,42292,990,0,15,1,0,438,1,0,0,0,0,1,0,0,1,15731,3509,7.2,78,19,20,30
0,6,41899,1383,0,10,1,0,424,0,0,0,1,0,0,0,0,1,217,12,7.6,68,16,8,14
7,7,43256,474,0,60,1,0,2,0,0,0,1,0,0,0,0,2,391,1382,4.8,70,9,12,3912
1,1,42240,1042,0,20,2,183,101,0,0,1,0,0,0,0,0,1,665,1560,7.6,80,29,8,54
6,6,43075,207,0,15,1,0,244,0,0,0,0,0,0,0,0,1,7068,11637,7.1,81,14,13,186
1,1,42571,711,0,13,1,0,527,1,0,0,0,0,0,0,0,2,11582,14806,7.8,81,36,21,118
3,3,42451,831,1,20,20,0,204,0,0,0,0,0,0,0,0,1,1099,80,3.3,92,231,8,62
0,1,42440,842,0,10,1,0,69,0,1,0,0,0,0,0,0,3,1617,4737,4.7,40,150,28,5
1,5,42755,527,0,40,1,0,71,0,0,0,1,0,0,0,0,1,12030,2538,5.2,62,36,20,32
4,4,42507,775,0,17,1,0,349,0,1,0,0,0,0,0,0,2,1756,16418,6.7,53,52,46,18
6,6,42656,1074,0,10,2,0,67,0,0,0,0,0,0,0,0,2,451,20,6.2,60,17,10,0
2,2,42306,976,0,13,1,0,1086,0,0,0,0,1,0,0,1,1,358,312,8.6,76,58,11,172
3,3,41950,1332,0,20,1,0,931,1,0,0,0,0,0,0,0,1,22415,2845,6.9,66,137,18,17
3,3,43018,712,0,30,5,0,29,1,0,0,0,0,0,1,0,3,502,1053,6.8,77,12,21,6
1,1,42613,669,0,20,1,0,411,0,0,1,0,0,0,0,0,1,351,4661,7.3,70,10,7,16
2,6,42793,489,0,10,1,59,672,0,0,0,0,1,0,0,0,1,2774,37433,7.1,81,61,21,44
4,4,43361,369,1,16,1,0,12,0,0,0,0,0,0,0,0,3,6659,7979,0,71,0,13,83
0,7,41961,1321,0,10,1,0,303,1,0,0,0,0,0,0,0,2,428,335,7.4,75,51,23,7
2,2,43417,313,0,20,1,0,18,0,0,0,0,0,0,0,0,1,177,0,6.1,62,19,13,0
8,8,43039,691,0,55,6,0,1,0,0,1,0,0,0,0,0,1,458,210,6.9,71,19,9,0
3,3,41907,37,0,20,1,562,1852,0,0,0,0,1,0,0,1,4,34290,13087,8,82,933,108,33
1,1,41800,1482,0,20,1,0,376,1,0,0,0,0,1,0,0,1,237,390,6.8,68,13,14,109
2,6,42257,1025,0,10,1,14,453,0,0,0,0,1,0,0,0,1,1196,8773,7.5,80,51,28,28
6,6,42577,705,0,20,1,10,483,1,0,0,0,0,1,0,0,3,3694,24494,7.6,78,78,70,52
3,3,43083,199,0,10,1,98,788,0,0,1,0,0,0,0,0,1,6979,5111,8.3,81,123,18,132
7,5,43032,698,0,30,1,0,24,0,1,0,0,0,0,0,0,2,1234,5145,7.9,77,25,23,16
2,2,42944,338,0,20,1,0,630,0,1,0,0,0,0,0,0,2,12946,27130,7.7,74,57,61,579
1,6,42871,411,0,20,1,0,158,0,0,0,0,0,0,0,0,1,2741,1669,0,66,0,8,140
1,1,42510,772,1,15,1,12,264,1,0,0,0,0,0,0,0,1,509,620,6.6,54,30,10,30
0,0,42124,1158,0,20,1,0,272,1,0,0,0,0,0,0,0,1,552,328,4.1,47,16,8,7
0,0,42159,1123,0,20,1,0,241,1,0,0,1,0,0,0,0,1,922,339,7.4,68,22,18,10
1,1,42141,1141,0,10,1,0,169,0,1,0,0,0,0,0,0,2,574,79396,5.8,55,8,23,13
2,2,41793,1489,0,15,1,0,248,1,0,0,0,0,1,0,0,4,1111,141877,6.9,80,75,14,7
4,4,41957,1325,0,10,1,6,156,0,0,1,0,0,0,0,0,1,660,724,7.8,71,122,9,49
5,5,42864,866,0,40,1,0,26,0,1,0,1,0,0,0,0,2,18961,8724,6.5,65,13,25,39
2,2,42067,1215,0,12,1,0,192,0,1,0,0,1,0,0,0,1,1048,1387,8,72,70,27,26
5,5,43357,373,0,50,1,0,10,0,1,0,0,0,0,0,0,2,2827,1121,5.2,53,15,12,22
1,2,42040,1242,0,10,1,0,106,1,0,0,0,0,1,0,0,1,6367,2596,7.5,76,27,10,11
0,0,42831,451,0,13,1,0,15,1,0,0,0,0,0,1,0,3,641,301,7.9,77,79,19,7
1,2,42969,313,0,15,1,16,18,0,1,0,0,0,0,0,0,2,7824,34144,6.7,67,17,32,77
1,3,42978,304,1,40,1,0,52,0,0,0,1,0,0,0,0,4,2201,3702,7.2,77,11,8,754
5,5,42901,381,1,15,7,0,5,0,0,0,0,0,0,0,0,1,6218,631,6.4,71,5,7,593
1,1,43060,670,1,20,1,47,49,0,1,0,0,0,0,0,0,3,1699,29779,5.6,59,38,17,5
1,1,42957,21,0,11,1,0,168,0,0,1,0,0,0,0,0,2,6665,37187,8.1,87,116,31,505
0,8,41726,1556,0,10,1,0,257,1,0,0,0,0,1,0,0,1,134,12,7,67,5,10,5
0,5,42495,787,0,15,1,119,1245,0,0,0,0,1,0,0,0,1,717,32298,7.6,77,63,24,336132
1,5,42635,647,0,20,1,0,26,0,1,1,0,0,0,0,0,2,532,16294,7.1,65,18,24,141
2,5,43264,18,1,35,2,0,29,0,0,0,0,0,0,0,0,1,39520,37341,6.4,67,16,9,854
1,1,41770,1512,0,10,1,0,356,1,0,0,0,0,1,1,0,3,195,98462,8,82,54,24,13
6,7,41961,1321,0,15,1,54,187,0,1,0,0,1,0,0,0,1,12107,306,3.5,52,75,23,24
4,4,43087,195,2,30,1,0,59,0,0,0,0,0,0,0,0,2,2153,29657,8.8,79,32,22,375
6,4,43186,544,0,50,1,0,12,0,0,1,0,0,0,0,0,2,492,3787,6.2,61,16,24,0
5,5,42765,517,0,7,1,5,34,1,0,0,0,0,0,0,0,3,3125,2137,6.3,50,51,30,7
0,0,42247,1035,0,10,1,17,323,0,0,0,0,0,0,0,0,1,4452,3225,7.6,79,118,31,21
9,9,43440,290,0,20,1,0,18,0,0,1,0,0,0,0,0,2,884,859,7.3,70,33,28,0
0,2,41970,1312,0,15,1,0,189,1,0,0,0,1,0,0,0,1,191,49,6.8,78,22,13,20
0,1,42768,514,0,20,1,0,142,0,1,0,0,0,0,0,0,1,2670,28601,6.3,66,27,34,20
1,1,42865,417,0,10,1,7,457,0,0,0,0,1,0,0,0,1,1305,6741,8.2,84,84,9,224
0,0,42488,794,0,15,1,5,324,0,0,0,0,1,0,0,0,1,339559,1217,6.6,71,19,23,12
9,9,42710,1020,2,20,1,0,24,0,0,0,0,0,0,0,0,2,1100,29825,7.1,76,28,17,8
2,6,42104,1178,0,10,1,14,300,0,0,0,0,1,0,0,0,4,390,1344,7.6,72,83,37,14
0,0,41927,1355,0,20,1,74,185,0,0,0,0,1,0,0,0,1,533,9108,7.7,74,88,38,0
10,10,43078,652,0,15,2,20,32,1,0,0,0,0,1,0,0,1,297,1727,6.9,79,18,20,0
0,6,42587,695,0,15,1,0,410,1,0,0,0,0,1,0,0,4,349,8023,8,80,18,12,6
0,2,42145,1137,0,15,1,100,382,0,0,0,0,1,0,0,0,1,459,338,7.8,82,65,26,29
1,1,41675,1607,0,6,1,0,157,1,0,0,0,0,1,0,0,2,133,29,6.4,73,10,7,4
2,2,42088,1194,0,15,1,0,206,0,0,0,0,1,0,0,0,1,824,268,4.8,71,20,9,4
2,7,41905,1377,0,20,1,0,72,0,0,0,1,0,0,0,0,1,5561,212,7.4,68,54,17,7
5,5,42822,908,0,30,1,0,3,0,0,0,1,0,0,0,0,1,311,96,6.6,74,30,16,0
0,6,41842,1440,0,13,1,0,154,0,0,0,1,0,0,0,0,1,2447,17548,6.1,69,17,13,39
6,6,43368,362,0,40,1,0,12,0,0,1,0,0,0,0,0,1,397,410,5.2,61,11,12,0
0,6,42478,804,0,20,1,0,79,0,0,0,0,0,0,0,0,1,268,47,8.5,75,11,9,35
0,0,42458,824,0,20,1,0,184,0,0,1,0,0,0,0,0,1,1213,19257,7.5,67,14,14,49
6,5,42306,976,0,30,12,0,83,0,0,1,0,0,0,0,0,1,514,5026,8.6,80,94,7,129
0,0,42656,626,0,10,1,0,35,0,0,0,0,0,0,0,0,2,1816,8994,7.2,72,41,22,3
2,3,41963,1319,0,20,1,0,245,0,0,0,0,1,0,0,0,1,220,47,6.4,69,16,11,5
6,5,42122,1160,0,20,1,0,150,0,0,1,0,0,0,0,0,1,467,0,7.9,76,29,9,27
0,0,42668,614,0,25,1,0,31,1,0,0,0,0,0,0,0,2,3438,257,7.4,76,40,14,13
1,1,42209,1073,0,13,1,0,198,0,0,0,0,1,0,0,1,1,12779,2245,7.5,65,64,9,20
1,4,42782,500,0,25,1,7,46,0,0,0,1,0,0,0,0,2,4560,177,6.3,52,24,13,77
0,0,42054,1228,0,25,1,0,182,0,0,0,0,0,0,0,0,1,627,71,6.5,79,29,11,4
0,0,41933,1797,0,10,1,0,11,1,0,0,0,0,0,0,0,1,132,45,4.3,37,26,10,0
2,6,43122,160,0,15,1,0,470,0,0,0,0,1,0,0,0,2,1495,28221,8.1,80,113,56,171
2,2,41983,1299,0,15,1,0,262,0,0,0,0,1,0,0,0,1,274,240,6,65,11,14,10
6,7,43025,2,0,50,1,83,437,0,0,1,0,0,0,0,0,3,62770,56864,6.9,67,2288,58,1949
0,6,41722,1560,0,10,2,0,148,1,0,0,0,0,1,0,0,2,5333,92449,7.5,85,28,13,23
0,1,42997,733,0,20,1,0,21,1,0,0,0,0,1,0,0,2,3243,374,5.3,52,25,13,0
1,1,42313,969,0,20,1,0,62,0,1,0,0,0,0,0,0,1,541,2406,7.4,69,21,13,17
0,0,41751,1531,0,15,1,0,110,0,0,0,0,0,0,0,0,1,542,36,6.1,75,29,25,7
7,7,42976,306,1,10,1,0,23,0,0,0,0,0,0,0,0,2,1778,2541,6.9,74,30,16,236
3,6,42353,929,0,10,1,0,105,0,0,0,0,1,0,0,0,2,262,1998,7.7,58,22,16,9
0,1,41803,1479,0,40,1,0,67,0,0,1,0,0,0,0,0,1,298,18,7.1,74,57,15,67
3,2,43025,705,0,35,1,0,62,0,0,0,0,1,0,0,0,2,3329,6934,8,80,28,19,112
6,6,41788,1494,0,10,1,0,278,0,0,0,1,0,0,0,0,1,162,13,6.5,70,31,14,18
0,2,42769,513,0,20,1,0,315,0,1,0,0,0,0,0,0,1,11187,7055,4.1,44,15,7,10
7,9,42997,285,1,10,1,0,25,1,0,0,0,0,0,0,0,1,6049,34286,0,65,0,14,45
0,0,41880,1402,0,20,1,0,77,0,0,0,0,0,0,0,0,1,151,5,6.6,76,18,11,4
0,0,41765,1517,0,15,1,0,165,0,0,0,0,0,0,0,0,1,439,24,6.9,72,15,11,8
0,0,42016,1266,1,7,1,0,124,0,0,0,1,0,0,0,0,1,709010,21,7.1,65,14,11,0
0,2,41830,1452,0,10,1,0,198,0,0,0,0,1,0,0,0,1,336,142,7.4,63,37,9,7
0,0,42052,1230,0,20,1,0,59,1,0,0,0,0,0,0,0,4,31153,1077,6.6,59,8,7,3
0,0,42948,782,0,30,1,0,7,0,0,0,1,0,0,0,0,1,908,308,6.6,65,15,9,0
2,2,42962,768,0,20,1,0,37,1,0,0,0,0,0,1,0,1,1383,60,7.2,72,37,57,0
1,1,41894,1388,0,10,1,6,116,0,0,0,1,1,0,0,0,1,114,2221,7.6,71,23,9,17
0,0,43361,369,0,10,1,0,5,0,0,0,0,1,0,0,1,2,179655,125,5,62,11,8,8
4,0,42235,1047,1,14,1,0,87,1,0,1,0,0,0,0,0,2,35148,148,0,0,0,0,5
0,6,42685,597,0,15,1,0,194,1,0,0,0,0,1,0,0,1,8613,1243,7.7,80,74,15,18
5,5,43166,116,0,10,1,22,209,0,0,0,0,1,0,0,0,1,23401,37133,6.8,81,69,24,163
0,1,42576,706,0,10,1,0,94,0,0,0,0,0,0,0,0,1,895,31444,7.2,81,22,30,14
0,6,42926,356,1,15,1,0,78,0,0,0,1,0,0,0,0,1,5414,10099,6.9,81,16,14,64
5,5,42493,789,0,15,1,0,35,0,0,0,0,0,0,0,0,2,979,4462,6.6,75,8,11,2
0,0,41843,1439,0,10,1,0,101,0,0,1,0,0,0,0,0,1,687,16,5.8,65,19,15,62
0,3,42934,796,0,2,1,0,45,1,0,0,0,0,0,1,1,2,15672,9459,6.9,69,20,18,2
1,3,42187,1095,0,15,1,0,69,0,0,0,0,0,0,0,0,1,290,211,5.3,57,8,7,8
3,3,43133,149,2,30,1,0,47,0,0,0,0,0,0,0,0,2,2525,2075,7.5,84,46,18,66
0,0,42647,635,0,20,1,0,57,1,0,0,0,0,0,0,0,2,205,15108,5.8,48,5,7,41
0,0,42857,425,0,15,1,0,289,1,0,0,0,0,1,0,0,3,260,1187,5,78,6,16,10
0,6,42388,894,0,20,1,0,154,1,0,0,0,0,0,0,0,1,5766,1533,7.3,59,11,9,474
1,3,42948,334,0,15,1,0,238,0,1,0,0,0,0,0,0,1,5539,17740,7.3,64,25,25,360
0,3,43139,143,0,10,1,0,52,0,0,0,1,0,0,0,0,2,908,1873,6.3,68,4,12,22
0,3,42439,843,0,10,1,0,22,1,0,0,0,0,0,1,0,1,296,471,7,78,8,10,15
5,5,42485,797,0,15,1,0,68,0,1,0,0,0,0,0,0,1,6504,17111,7.5,71,16,11,50
0,2,41884,1398,0,10,1,0,57,1,0,0,0,0,0,0,0,1,433,107,6.9,68,13,9,7
1,1,42544,1186,1,10,1,0,26,0,0,0,0,0,0,0,0,2,390,1259,4.5,31,70,22,3
0,0,42668,1062,0,20,1,0,62,0,0,0,0,1,0,0,1,2,1221,1322,7.1,63,24,15,95
1,1,42873,409,0,20,1,0,68,0,1,0,0,0,0,0,0,4,4224,10558,8.5,78,40,42,33
0,0,42773,509,0,15,1,0,110,0,1,0,0,0,0,0,0,1,1932,31826,7.1,61,22,14,58
0,9,42474,808,0,15,1,0,271,0,0,0,0,1,0,0,0,2,542,3819,7.2,79,23,10,37
1,1,42565,717,0,10,1,0,22,1,0,0,0,0,0,1,0,2,195,508,6.7,67,11,8,3
0,0,42152,1130,0,10,1,0,97,1,0,0,0,0,0,0,0,1,135,6,7.3,73,4,9,3
0,6,42418,864,0,10,1,0,181,0,0,1,1,0,0,0,0,1,600,4935,6.8,78,8,10,0
1,2,41906,1376,0,15,1,0,140,1,0,0,0,0,1,0,0,1,561,614,6.9,75,16,20,3
1,1,43182,100,1,10,1,0,18,0,0,0,1,0,0,0,0,4,915,5255,7.6,65,71,21,122
0,6,42629,653,0,10,1,0,277,0,0,0,0,0,0,0,0,1,580,2898,6.6,69,9,7,99
0,3,42311,971,0,10,1,0,143,1,0,0,0,0,1,0,0,2,1114,137,5.8,63,11,15,4
6,6,42444,838,0,20,1,0,23,0,0,0,1,0,0,0,0,2,534,0,6.4,57,11,11,4
0,0,43180,550,1,20,1,0,7,1,0,0,0,0,0,0,0,1,51277,0,3.2,61,9,12,0
3,3,43242,40,0,12,1,0,29,1,0,0,0,0,1,0,0,3,645,5342,9,73,8,14,16
0,0,42509,773,0,15,1,0,244,1,0,0,0,0,1,0,0,2,1000000,2077,7.2,67,20,14,14
1,1,43202,80,0,10,1,34,124,0,0,1,0,0,0,0,0,4,82101,3955,8.1,77,71,12,665
2,2,42052,1230,0,10,1,0,164,0,0,0,0,1,0,0,0,1,166,17,5.9,62,18,9,5
0,0,42572,710,0,10,1,9,125,0,0,0,0,1,0,0,0,1,233,428,7.5,79,13,13,29
2,2,41902,1380,0,20,1,0,54,0,0,0,1,0,0,0,0,1,36780,154,5.5,52,22,10,13
1,1,42018,1264,0,20,2,0,245,0,0,1,0,0,0,0,0,1,219,26,7.7,78,22,8,32
3,7,41719,1563,0,30,1,39,141,0,1,0,0,0,0,0,0,1,4729,329,6,49,43,7,28
0,0,42598,684,0,8,1,0,177,0,0,1,0,0,0,0,0,2,193,22,0,45,0,10,3
6,5,41912,1818,1,10,1,0,57,0,0,0,1,0,0,0,0,1,780,927,6,53,84,31,0
0,0,42459,823,0,16,1,0,92,1,0,0,0,0,0,0,0,2,1038,928,7.5,80,15,8,7
2,2,42564,718,1,10,1,0,85,0,0,0,1,0,0,0,0,1,986,2382,6.5,63,11,17,8
0,0,43018,264,0,10,1,17,173,0,1,0,0,0,0,0,0,2,63017,29580,7.4,79,17,24,245
0,0,42241,1041,0,25,1,0,128,0,1,0,0,0,0,0,0,2,886,759,7.1,55,12,13,8
0,2,42474,808,0,15,1,0,216,1,0,1,0,0,0,0,0,1,329,1588,7.8,69,12,8,7
0,6,41834,1448,0,13,1,0,111,0,0,0,0,0,0,0,0,1,651581,44,5.1,49,10,21,3
0,0,42059,1223,0,15,1,11,137,0,0,0,1,0,0,0,0,3,480,339,5.7,59,22,19,7
0,0,43005,277,1,10,1,0,47,0,0,0,0,0,0,0,0,2,115,24640,5.9,56,21,18,11
0,0,42656,1074,0,15,1,0,7,1,0,0,0,0,0,0,0,1,1197,9,4.3,40,20,18,0
0,0,42500,782,1,15,1,0,138,0,0,0,1,0,0,0,0,1,461,437,7.3,74,7,15,5
1,1,42496,786,0,10,1,0,148,1,0,0,0,0,0,0,0,1,778,6553,0,58,0,7,8
1,1,42110,1172,0,6,1,0,120,0,0,0,0,1,0,0,0,1,291,129,5.6,68,10,17,8
4,4,43053,677,0,40,2,0,15,0,0,1,0,0,0,0,0,1,741,101,6.6,73,14,17,0
2,2,41943,1339,0,30,1,0,11,0,0,0,0,1,0,0,0,1,654,141,6.6,62,13,8,72
2,2,42649,633,0,20,1,0,132,0,0,0,0,1,0,0,0,2,11419,223,7.6,64,26,34,13
0,6,42439,843,0,10,1,0,99,0,0,0,0,1,0,0,1,1,68255,34720,7,68,27,14,12
6,6,42787,495,0,20,1,11,72,1,0,0,0,0,0,0,0,2,656,1128,6.8,71,32,36,63
2,2,42458,1272,0,13,1,0,1116,1,0,0,0,0,1,0,0,4,1083,6051,8.4,75,247,24,169
1,2,43070,212,0,30,1,0,557,0,1,1,0,0,0,0,0,1,3359,1571,7.3,68,62,35,135
6,6,42103,1179,0,10,1,0,87,1,0,0,0,0,0,0,0,1,921956,838,6.8,64,20,15,5
3,3,42754,528,0,15,1,0,25,0,0,0,1,0,0,0,0,1,19007,93,7.7,75,15,9,77
0,9,42934,348,0,18,1,0,76,0,0,1,0,0,0,0,0,2,1049,11297,7.5,81,26,15,44
0,0,42080,1202,0,15,1,0,68,1,0,0,0,0,1,0,0,3,306,423,7,74,11,17,4
1,7,41781,1501,0,10,1,0,49,0,0,0,1,0,0,0,0,1,678,6,0,69,0,11,34
0,0,42402,1328,0,12,1,0,4,1,1,0,0,0,0,0,0,1,398,10,6.4,71,8,14,0
0,2,42633,1097,0,15,1,0,192,0,0,1,0,0,0,0,0,4,11323,4873,8.5,70,30,16,17
6,6,43055,227,1,12,1,0,219,1,0,0,0,0,0,1,0,3,10329,1727,6.8,72,11,10,27
2,2,42144,1138,0,18,1,0,148,0,1,0,0,0,0,0,0,1,113,116,6.4,62,8,7,6
2,9,42985,297,0,18,1,0,91,0,0,0,0,1,0,0,0,1,24294,24843,6.2,70,17,20,48
0,0,42136,1146,0,15,1,0,86,0,1,0,0,0,0,0,0,1,1116,3381,7.7,73,7,8,3
0,2,43202,80,0,10,1,0,50,0,0,1,0,0,0,0,0,1,2452,25499,7.1,74,22,23,326
0,0,42502,780,0,12,1,0,95,0,1,0,0,0,0,0,0,2,25209,4183,6.9,57,7,7,7
1,2,41744,1538,0,15,1,13,132,0,0,0,0,1,0,0,0,1,534,46,6.2,54,119,40,9
0,2,42033,1249,0,6,1,0,127,0,0,0,0,1,0,0,0,1,178,0,4.6,56,10,8,0
0,0,42801,481,0,15,1,0,223,0,1,0,0,0,0,0,0,2,429,415,7,71,11,27,6
8,8,43235,47,0,10,1,0,65,1,0,0,0,0,0,0,0,2,2207,3188,6.5,58,24,40,76
0,0,42094,1188,0,10,1,8,81,1,1,0,0,0,0,0,0,2,152,22,6.6,59,8,12,2
6,6,43181,101,1,40,1,0,7,0,0,0,0,1,0,0,1,2,20179,5250,4.3,46,24,11,21
0,1,43118,164,0,18,1,0,28,1,0,0,0,0,0,0,0,1,3231,2242,7.5,74,16,16,120
0,0,42220,1510,0,15,1,0,5,0,0,0,1,0,0,0,0,1,265554,11,6.6,68,14,8,0
0,6,42682,600,0,12,1,0,236,0,0,0,0,1,0,0,1,2,308,492,4.6,67,5,7,3
2,2,42094,1188,0,20,1,0,55,0,1,0,0,0,0,0,0,1,530,29,7.6,54,25,14,3
0,3,43236,46,0,20,1,0,28,1,0,0,0,0,0,0,0,1,12941,2969,5.8,65,4,9,79
0,0,43256,26,0,9,1,41,56,0,0,0,0,1,0,0,0,4,229,33579,8,81,18,18,25
3,3,41695,2035,0,20,1,0,10,1,0,0,0,0,0,0,0,1,268,11,2.8,27,66,16,0
9,9,43405,325,0,15,1,49,33,0,1,0,0,0,0,0,0,2,20980,33907,2.9,40,180,27,10
6,5,42858,424,0,30,12,0,50,0,0,1,0,0,0,0,0,1,2627,590,7.7,83,43,11,76
0,0,43251,31,2,30,1,7,46,1,0,0,0,0,0,1,1,3,24942,119714,7.5,74,30,8,54
2,1,43039,243,0,20,1,62,33,1,0,0,0,0,1,0,0,2,1763,1401,5.8,45,148,28,5
1,6,43263,19,0,15,1,0,139,0,0,0,0,1,0,0,1,2,3089,6194,6.1,50,49,12,40
1,0,42822,460,0,10,1,0,42,0,1,0,0,1,0,0,1,2,402,15,5.3,67,8,20,2
1,1,42598,684,0,20,1,0,103,0,1,0,0,0,0,0,0,2,1404,92,7.7,53,9,14,4
2,6,43031,251,0,10,1,0,117,1,0,0,0,0,0,1,1,1,29579,118104,7,79,8,15,58
4,4,43347,383,0,10,1,27,77,0,1,0,0,0,0,0,0,2,420,7653,8,92,29,22,0
1,1,42380,85,0,10,1,45,114,0,0,0,0,1,0,0,0,1,2278,31940,6.1,78,97,39,0
0,0,42030,1252,0,15,1,0,60,1,0,0,0,0,0,0,0,1,2873,103,7.7,75,19,16,4
2,2,43235,47,0,20,1,0,84,0,0,0,0,1,0,0,1,2,4371,19622,6.9,75,51,35,208
0,0,42830,452,0,15,1,16,384,0,0,0,0,1,0,0,0,1,3017,37173,7.6,85,37,8,148
0,0,42766,516,0,10,1,0,71,1,0,0,0,0,0,0,0,2,422,192,8,90,28,12,13
0,0,42094,1188,0,10,1,0,48,1,0,0,0,0,0,0,0,2,177,20,6.2,69,6,17,3
0,1,43131,151,0,15,1,0,1,1,0,0,0,0,1,0,0,2,929,33383,7,76,7,13,16
3,3,43210,72,1,10,1,0,1483,1,0,0,0,0,0,0,0,1,2813,40074,7.4,63,5,10,1939
1,1,42534,748,0,13,1,0,178,1,0,0,0,0,1,0,0,1,569,6056,6.4,77,16,9,6
0,0,42703,1027,0,10,1,0,37,0,0,1,0,0,0,0,0,2,1874,670,6.3,37,12,10,2
0,0,42864,866,0,18,1,0,16,1,0,0,0,0,0,1,0,2,659,94,7.3,84,52,13,4
0,6,42213,1069,0,20,1,0,87,0,0,1,0,0,0,0,0,2,1156,10,4.9,58,12,20,8
0,5,42935,347,0,17,1,0,171,0,0,0,0,1,0,0,1,1,882,35254,6.9,71,21,9,16
0,6,42794,488,0,15,1,0,98,1,0,0,0,0,0,1,1,1,3200,15290,7.5,69,11,18,13
0,0,42391,891,0,10,1,0,94,1,0,0,0,0,0,0,0,1,58079,38,0,50,0,10,7
0,0,42257,1025,0,9,1,0,106,0,1,0,0,0,0,0,0,1,553,627,6.9,59,12,14,3
0,0,43230,52,2,30,1,0,8,0,0,1,0,0,0,0,0,1,6048,37397,0.4,29,39,8,8
2,2,43096,186,0,15,1,0,229,0,0,1,0,0,0,0,0,1,361,23325,8.6,70,101,8,0
0,0,42934,796,0,20,1,0,7,0,0,1,0,0,0,0,0,1,583,2845,8.2,64,145,14,0
0,0,42479,1251,0,1,1,0,20,0,1,0,0,0,0,0,0,2,10624,3474,5.4,51,16,26,9
0,3,42290,1440,0,12,1,0,40,1,0,0,0,0,0,0,0,2,965,44,0,59,0,0,1
4,2,43382,348,0,50,1,0,4,1,0,0,0,1,0,0,0,2,3143,1604,4.9,66,15,9,11
0,0,42145,1137,0,20,1,0,88,0,0,0,0,1,0,0,1,1,51816,213,2.8,66,63,34,4
2,2,42906,376,1,15,1,0,61,1,0,0,0,0,0,1,0,1,371,5449,8.3,76,13,12,43
0,0,42640,642,0,10,1,0,41,0,1,0,0,0,0,0,0,2,589,2322,7.6,72,20,22,10
6,5,42977,305,0,25,1,0,51,0,0,1,0,0,0,0,0,1,941,2685,7.4,80,21,15,35
2,2,42437,845,0,15,1,85,105,0,0,0,0,1,0,0,0,1,395,499,6.6,75,34,26,24
1,1,42123,1159,0,15,1,0,37,1,0,1,0,0,0,0,0,1,476,15,6.9,58,7,16,3
0,0,42293,1437,0,20,1,0,80,1,0,0,0,0,0,1,0,1,61,129,5.9,68,8,11,0
0,0,42942,340,0,10,1,0,17,0,1,0,0,0,0,0,0,2,2412,786,6.4,56,17,22,5
0,2,42216,1066,0,20,1,0,59,0,0,0,0,1,0,0,1,2,801,847,4.5,43,11,7,2
0,0,42640,642,0,15,1,0,53,0,0,1,0,0,0,0,0,1,1372,407,6.7,67,10,8,11
0,6,43160,122,1,20,1,0,42,0,0,0,1,0,0,0,0,1,298,189,6,68,4,8,63
0,2,41921,1361,0,10,1,69,70,0,0,0,0,1,0,0,0,1,399,300,6,68,20,17,5
0,0,42768,514,0,10,1,0,76,0,1,0,0,0,0,0,0,3,672,85041,7.6,76,18,18,8
0,0,41796,1486,0,20,1,0,78,1,0,0,0,0,1,0,0,1,67,4,7.5,66,13,7,2
1,2,42432,850,0,15,1,0,67,1,0,0,0,0,0,1,1,1,1036,454,6.9,54,38,12,13
1,1,42809,921,1,20,1,0,13,1,0,0,0,0,0,0,0,2,452,5894,0,66,0,0,0
0,6,43368,362,1,20,1,0,90,1,0,0,0,0,1,0,0,4,2465,136846,7.4,83,52,28,104
0,1,42942,340,0,15,1,0,41,1,0,0,0,0,0,1,0,2,761,505,6.8,68,5,14,7
0,0,41928,1354,0,10,1,0,82,1,0,0,0,0,0,1,0,1,267,20,6.2,61,5,11,2
6,5,42892,838,1,20,1,0,16,0,0,1,0,0,0,0,0,2,376,3624,6.1,73,8,12,10
1,1,42269,1013,0,10,1,0,68,1,0,0,0,0,0,1,0,3,336,25,0,65,0,4,7
1,3,43188,94,1,30,1,0,66,0,0,0,1,0,0,0,0,1,3343,2229,5,68,8,14,322
0,5,42298,984,0,18,1,0,34,0,0,0,0,1,0,0,1,1,2988,0,3.8,47,4,10,5
0,1,41760,1522,0,15,1,0,97,1,0,0,0,0,0,0,0,3,3610,54,7.4,57,5,9,3
2,2,43130,152,1,15,1,0,26,1,0,0,0,0,0,1,0,2,470,31954,5.2,68,5,20,4
3,3,42674,608,0,20,3,0,6,0,0,0,0,0,0,0,0,1,210,35,0,64,0,7,16
0,3,43159,123,0,20,1,9,137,0,0,0,0,0,0,0,0,2,821,4069,5,74,23,40,162
0,2,43149,133,0,15,1,0,15,0,0,0,0,0,0,0,0,4,351,10949,7.5,72,15,22,12
0,0,42034,1248,0,20,1,13,5,1,0,0,0,0,0,0,0,2,136,290,5,32,20,9,4
0,0,42781,501,0,15,1,0,23,0,0,0,0,1,0,0,0,3,21966,1259,7.1,72,13,13,16
0,0,42878,404,0,10,1,0,115,0,0,0,0,1,0,0,1,1,1108,40456,6.3,69,23,12,8
0,0,42999,283,1,10,1,0,76,0,0,0,0,0,0,0,0,1,100,6710,0,59,0,7,4
8,0,42388,894,0,20,1,0,183,1,0,0,0,0,0,0,0,2,424,6410,7.4,58,25,18,3
0,1,42572,710,0,17,1,0,103,0,0,0,0,1,0,0,0,1,318,68,5.9,55,14,11,8
0,0,42891,391,0,19,1,0,31,1,0,0,0,0,0,1,0,1,676,1947,0,71,0,9,6
1,1,42653,629,0,30,1,0,54,0,1,0,0,1,0,0,0,1,43,0,7.4,73,5,7,22
6,5,42677,605,0,15,1,0,39,0,0,1,0,0,0,0,0,1,400,6262,7.3,78,20,17,25
7,7,42906,376,0,40,1,0,13,0,0,0,0,1,0,0,0,2,508,844,7.5,72,19,23,35
0,0,42062,1220,0,15,1,0,35,1,0,0,0,0,1,0,0,1,367,29,7,69,13,14,3
0,2,42486,796,0,20,1,0,60,0,1,0,0,0,0,0,0,1,610,110184,7,58,7,9,5
0,0,42649,633,0,25,1,0,34,1,1,0,0,0,0,0,0,3,23363,40094,5.6,56,22,22,10
0,0,42668,614,0,10,1,0,81,0,0,0,0,1,0,0,0,1,27907,34,0,77,0,8,5
0,0,42045,1685,0,10,1,0,15,1,0,0,0,0,0,0,0,1,916348,1,7.2,76,19,11,0
0,0,42780,502,0,10,1,0,37,1,0,0,0,0,0,0,0,2,122,87349,4.4,85,27,10,11
8,9,42612,670,0,30,1,0,17,0,0,0,1,0,0,0,0,1,976,282,6.9,67,28,20,12
0,0,43389,341,0,20,1,0,1,1,0,0,0,0,0,1,1,3,483,3797,4.3,40,10,14,0
5,5,42587,695,0,15,1,0,30,0,0,0,1,0,0,0,0,1,1042,22237,7.7,62,7,17,27
3,0,43277,453,0,30,1,0,7,0,0,1,0,0,0,0,0,1,2585,227,5.5,64,12,22,0
0,5,42166,1116,0,20,1,22,46,0,1,0,0,0,0,0,0,1,898,2661,1.2,19,126,12,4
0,0,42579,703,1,30,1,0,6,1,0,0,0,0,0,0,0,1,369,1605,0,64,0,8,4
0,0,42390,892,0,20,1,0,45,0,0,0,1,0,0,0,0,1,312,235,5.8,63,5,15,2
0,6,42857,425,0,10,1,0,133,0,0,0,0,1,0,0,0,2,508,4693,6.9,80,42,31,27
0,0,42201,1081,0,10,1,0,38,1,0,0,0,0,1,0,0,1,118,5,7,76,5,7,2
1,1,42402,880,0,7,1,0,34,0,0,0,0,1,0,0,1,1,574,3213,7.4,67,11,7,3
0,0,42801,929,0,15,1,0,30,1,0,0,0,0,0,0,0,2,662,930,5.4,78,9,8,6
0,1,42384,898,0,15,1,0,35,0,0,1,0,0,0,0,0,1,182,30,7.1,77,11,7,11
4,5,42815,915,0,30,1,0,6,0,0,1,0,0,0,0,0,1,395,220,6.7,70,13,18,0
0,0,42629,653,1,13,1,0,13,1,0,0,0,0,0,1,0,2,304,411,6.4,61,7,8,3
0,3,42752,530,0,12,1,0,418,1,0,0,0,0,0,0,0,2,303,489,7.8,82,20,15,142
0,0,42717,565,1,10,1,0,37,0,0,0,0,0,0,0,0,2,277827,227,5,59,7,8,2
2,2,43410,320,0,20,1,0,0,1,0,0,0,0,0,0,0,2,805,7295,4.8,64,66,13,0
0,0,42563,719,0,10,1,0,86,1,0,0,0,0,1,0,0,4,234,154,6.4,74,9,19,5
0,3,42818,464,0,15,1,0,16,1,0,0,0,0,1,0,0,3,38689,539,5.8,74,5,14,2
0,6,42831,451,0,10,1,0,81,0,0,0,0,1,0,0,0,1,587,243,7,64,20,17,8
0,0,42208,1074,0,10,1,0,47,1,0,0,0,0,0,0,0,1,105,4939,6.1,85,19,13,4
0,2,42873,409,0,20,1,5,48,1,0,0,0,0,0,1,1,1,3272,3773,5.6,40,14,10,19
0,2,42417,865,0,10,1,0,90,0,0,0,0,1,0,0,1,1,389,5576,6,64,8,11,4
2,5,43172,558,0,30,1,0,30,0,0,0,0,1,0,0,0,2,315,131,5.3,68,11,15,11
0,0,42388,1342,0,15,1,7,12,1,0,0,0,0,1,0,0,1,4173,1421,7.2,76,32,28,0
0,0,42521,761,0,10,1,0,43,0,0,0,0,1,0,0,0,4,344,962,7.7,72,24,24,11
1,2,42689,593,0,15,2,0,16,0,1,1,0,0,0,0,0,3,442,601,7.8,75,15,12,23
0,6,42194,1088,0,15,1,0,44,0,1,0,0,0,0,0,0,1,1088,2098,6.5,61,10,14,7
0,0,42760,522,0,15,1,0,85,0,0,0,0,1,0,0,0,1,392,160,6.3,58,13,19,12
0,0,42943,339,0,15,1,0,264,0,0,1,0,0,0,0,0,1,4511,4022,8,65,5,16,47
3,3,42682,1048,0,10,1,0,19,1,0,0,0,0,0,1,0,4,254,129,6.2,68,12,21,6
0,1,42543,739,0,7,1,0,72,0,0,0,0,1,0,0,1,1,57155,4,7,54,4,17,2
3,3,42878,404,0,10,1,0,37,0,0,1,0,0,0,0,0,4,362,814,6.9,71,7,10,11
0,5,43347,383,1,10,1,0,39,1,0,0,0,0,0,0,0,4,520,353,8,76,17,18,13
0,6,42269,1461,0,15,2,0,0,1,0,0,0,0,0,0,0,3,486,308,2.9,21,64,17,0
0,0,42577,1153,0,7,1,0,3,1,0,0,0,0,0,0,0,3,142,308,6,71,6,10,2
1,1,43004,278,0,15,1,0,9,1,0,0,0,0,0,0,0,3,1094,112,6.3,68,14,7,2
0,0,42248,1034,0,10,1,0,21,1,0,0,0,1,1,0,0,2,335,29,7.1,53,93,21,2
0,2,43081,201,0,10,1,0,34,0,0,0,0,1,0,0,0,1,344,3982,7.8,79,4,8,28
2,2,43039,243,0,20,1,0,7,0,0,0,0,1,0,0,1,2,939,29606,6.2,63,9,13,3
0,0,41835,1447,0,7,1,0,36,0,0,0,0,1,0,0,0,1,266,22,4.4,41,16,23,2
0,0,43130,600,0,14,1,0,5,0,1,0,0,0,0,0,0,2,6175,147,8.5,71,30,8,3
0,4,42613,669,0,10,1,0,17,1,0,0,0,0,1,0,0,3,123407,150,0,51,0,10,2
6,5,43039,243,0,10,2,0,19,0,0,1,0,0,0,0,0,1,414,3858,7.3,79,7,8,19
0,1,42451,831,0,10,1,8,12,0,0,0,0,1,0,0,0,2,285,93,8,81,37,13,9
0,0,43038,244,0,20,1,0,9,0,1,0,0,0,0,0,0,2,948,285,5.5,53,24,8,2
0,0,42789,493,0,15,1,0,13,0,0,1,0,0,0,0,0,2,2488,18504,7.7,78,47,11,7
5,5,43215,67,0,15,1,0,32,1,0,0,0,0,0,1,0,1,914,26230,5.2,51,5,13,21
10,10,43291,439,0,10,1,0,0,1,0,0,0,0,0,0,0,2,2224,13,5,57,10,10,1
0,0,42297,985,0,20,1,0,23,1,0,0,0,0,0,0,0,1,56562,46,5.1,57,8,8,2
0,1,43124,158,0,10,1,0,2,0,0,1,0,0,0,0,0,4,208,2008,7.4,67,29,20,0
0,0,43312,418,0,15,1,0,30,0,0,0,0,0,0,0,0,3,278,1330,0,66,0,6,17
1,1,43242,40,0,6,1,0,49,0,0,0,0,1,0,0,0,2,114,20,7,85,15,8,9
0,0,42739,543,0,6,1,0,33,0,0,0,0,1,0,0,0,2,211,1925,7.1,74,7,9,10
0,0,42635,647,0,15,1,0,19,1,0,0,0,0,0,0,0,1,493,205,0,71,0,8,2
0,2,42328,954,0,7,1,0,10,0,0,0,1,0,0,0,0,1,344,62,7.4,69,16,11,3
0,3,42201,1081,0,20,1,0,25,0,0,0,1,0,0,0,0,1,194,0,4.4,64,11,12,2
0,3,43257,25,1,25,1,0,20,0,0,0,0,0,0,0,0,3,765,21742,4.9,65,9,27,6
0,1,43160,122,0,7,1,0,18,0,0,0,0,1,0,0,0,1,27409,10712,7,73,8,8,7
0,0,43389,341,0,7,1,0,4,1,0,0,0,0,0,1,0,1,10416,23,0,61,0,7,0
0,1,43244,38,0,20,1,9,39,0,0,0,0,1,0,0,0,1,1150,2465,7.2,80,32,13,27
0,0,42809,473,0,20,1,0,23,0,1,0,0,0,0,0,0,2,351,421,6.8,76,11,11,4
0,0,42985,745,1,40,2,0,0,1,0,0,0,0,0,0,0,2,645,45,0,72,0,0,0
6,5,43124,158,0,9,2,0,21,0,0,1,0,0,0,0,0,1,258,1820,0,68,0,13,15
1,3,43143,139,0,20,1,0,42,1,0,0,0,0,0,1,0,1,271,570,0,79,0,7,5
0,0,42563,719,0,10,1,0,4,1,0,0,0,0,1,1,0,2,1000,85,5.4,44,14,14,2
0,0,42136,1146,0,12,1,0,18,1,0,0,0,0,1,0,0,3,1174,16445,8.4,77,28,25,14
0,2,42131,1151,0,20,1,0,17,1,0,0,0,0,0,0,0,1,572,7,0,61,0,11,1
0,0,42479,803,0,10,1,0,11,1,0,0,0,0,0,0,0,1,1585,391,0,70,0,17,2
0,6,43298,432,0,15,1,0,23,0,1,0,0,0,0,0,0,4,1156,724,7.3,75,4,18,7
0,0,43060,222,0,20,1,0,24,0,0,0,0,1,0,0,1,1,2984,800,6.6,59,5,7,3
0,0,43109,173,0,10,1,0,15,0,0,0,0,1,0,0,0,2,955,21,3.7,77,6,8,6
0,0,42814,468,0,20,1,0,44,0,1,0,0,0,0,0,0,1,999,2030,7,65,13,16,8
0,0,42047,1235,0,10,1,0,3,1,0,0,0,0,1,0,0,1,2439,29,6,70,10,17,2
0,0,43215,67,0,15,1,0,18,1,0,0,0,0,0,0,0,4,651,407,3.8,71,6,18,14
0,0,43105,177,0,30,1,0,10,0,0,1,0,0,0,0,0,1,2902,2845,0,66,0,11,3
0,0,43216,66,0,15,1,0,19,1,0,0,0,0,0,0,0,1,763498,10318,6.6,77,12,14,6
0,0,43039,243,0,9,1,0,14,0,0,0,0,1,0,0,0,1,81,0,7.1,75,7,13,8
0,2,43139,143,0,6,1,0,27,0,0,0,0,1,0,0,0,2,168,3438,5.6,77,9,13,12
0,0,42521,1209,0,12,1,0,2,1,0,0,0,0,0,1,0,1,325,526,7.5,80,24,9,0
0,0,43445,285,0,30,1,0,3,0,0,0,1,0,0,0,0,1,75,14,0,65,0,0,0
0,3,43013,269,0,10,1,0,18,0,1,0,0,0,0,0,0,1,5997,15081,7.5,46,27,9,4
0,1,42612,1118,0,15,1,0,0,1,0,0,0,0,0,0,0,1,4729,6,4.3,41,4,12,0
0,0,42761,521,0,20,1,0,11,1,0,0,0,0,0,0,0,1,253,567,0,72,0,11,11
0,0,43179,103,0,13,1,0,91,1,0,0,0,0,1,0,0,3,313,10912,7.6,85,12,18,5
0,6,43216,66,0,20,1,0,16,0,0,0,0,1,0,0,0,1,925,20480,5.9,67,18,14,6
0,0,42289,993,0,10,1,0,24,0,0,1,0,0,0,0,0,1,456,44,0,50,0,10,1
1,1,43305,425,0,18,1,0,27,1,0,0,0,0,0,1,0,3,611,1303,5.7,67,15,23,0
0,0,42528,1202,0,15,1,0,6,1,0,0,0,0,1,0,0,2,450,0,5,72,4,14,0
0,0,43053,229,0,14,1,0,4,0,0,1,0,0,0,0,0,1,140,217,0,65,0,9,0
0,1,42431,851,0,13,1,0,12,1,0,0,0,0,1,0,0,1,145,44,0,48,0,13,8
3,3,43158,124,1,10,1,0,15,1,0,0,0,0,0,1,0,3,98,19,0,69,0,4,1
0,0,42766,516,0,20,1,0,19,0,1,0,0,0,0,0,0,2,15096,52,0,50,0,0,1
0,0,43312,418,0,20,1,0,5,0,0,0,0,1,0,0,0,2,434,567,5.8,61,9,12,1
0,0,43217,65,0,10,1,0,14,0,0,0,0,1,0,0,0,1,183,49,7.3,67,4,9,5
0,0,42892,390,0,15,1,0,4,1,0,0,0,0,1,0,0,2,2214,35,2.2,48,9,14,1
0,1,43178,104,1,30,1,0,14,0,0,0,1,0,0,0,0,2,278,986,0,60,0,12,16
0,0,43012,270,0,30,1,0,1,0,0,1,0,0,0,0,0,1,204,3,0,56,0,10,2
0,0,43278,4,0,10,1,0,18,0,1,0,0,0,0,0,0,2,896,34400,7.8,80,12,17,6
