Sales,Rawg,Youtube,Twitch,Ratings,VGTime,Douban,IMDB
75000000,9063,813421,304053,10853,8918,16544,44225 
50000000,3512,69046,579861,1719,1350,4390,1111 
38171428.57,3150,367258,167067,4187,2053,1536,4622 
31114285.71,1636,617510,30640,3704,766,2162,6151 
26500000,4239,175002,382860,10991,7061,5889,14295 
24000000,1370,543622,143683,1681,666,693,962 
21300000,5535,973227,144758,15283,4169,4486,9272 
20000000,7378,270112,41007,32008,10870,1361,13928 
19428571.43,896,207935,116685,2664,1657,1189,2649 
19010000,709,133081,186246,1544,3786,3000,991 
18643807,5945,249917,37545,3673,184,617,
16666666,1847,185548,170705,2543,1161,1548,3267 
16250000,4355,162276,102374,9875,9687,685,17123 
15710000,610,314587,271926,2082,3240,1743,1091 
15380000,1178,240726,209812,4418,7646,8254,1876 
14540000,1865,278949,191576,12952,15441,17540,3350 
14100000,2590,243322,169921,2385,9766,3561,432 
13200000,3405,170615,233622,3860,3750,1849,8599 
12000000,395,94025,47830,642,324,579,248 
11280000,224,166773,148108,2416,2469,1594,317 
11000000,3748,449258,105232,1896,518,274,2486 
11000000,2791,93860,173332,1716,1832,714,1150 
10500000,5308,342106,207485,3008,748,259,1781 
10000000,1049,140293,158305,1468,357,78,979 
10000000,4609,273006,292083,10849,7231,5007,12014 
10000000,4562,209361,143742,7221,6755,2795,6658 
10000000,373,177247,61960,1225,605,594,267 
10000000,4139,129989,37803,7617,8146,7674,41418 
10000000,956,420593,29807,4218,310,1579,1522 
9280000,305,175653,171642,1028,3843,2646,321 
9147240,2433,128558,57838,386,8,112,14 
9000000,3431,644140,11645,7344,1322,2452,6658 
8500000,589,179288,42215,486,920,758,330 
8500000,2070,322226,151951,2493,78,115,940 
8500000,6536,475705,112845,4077,1838,7593,
8400000,2467,267796,110368,4738,5944,2292,1706 
8000000,993,174485,13699,1489,911,256,200 
7590000,146,123679,52103,393,1090,1146,220 
7000000,513,52118,360940,3195,1317,469,467 
7000000,21,82363,56534,536,1400,632,1329 
7000000,4564,86822,120955,2790,3627,5079,5936 
6800000,2205,150371,224481,3701,2773,2699,3537 
6007744,3707,3242,22994,576,33,302,
6000000,1456,175098,57668,443,526,402,177 
6000000,106,76250,57229,1245,160,131,71 
6000000,69,18284,184716,6573,2189,490,124 
5982548,2371,87626,41378,1202,242,1042,41 
5760753,1740,21346,35284,245,663.2472962,4,43 
5500000,2215,133670,5207,2939,1934,2645,4054 
5500000,2204,39634,68833,1214,2405,5010,465 
5300000,1450,149356,53419,326,626.090663,602,50 
5275914,3550,168681,8832,1705,374,932,
5000000,4456,299080,12640,6329,2368,2197,12214 
5000000,2245,164130,184477,2060,1425,179,942 
5000000,1989,331407,134887,3340,714,1017,2481 
5000000,2795,495006,4862,3775,731,1760,6916 
5000000,1073,137608,128338,2837,1506,378,1988 
5000000,725,93732,127041,2434,1825,251,1127 
5000000,2942,229588,29136,2069,365,264,3453 
4700000,1087,190048,314244,4250,3270,247,2218 
4700000,2045,94538,4011,3552,1981,1325,1630 
4700000,1791,79796,59504,1123,2276,1524,3584 
4654955,3830,43498,7590,5724,572.3456501,375,209 
4590000,86,70916,23701,199,808,466,92 
4563627,6778,166104,16259,8158,1386,3994,
4500000,3302,159509,79661,3203,1329,656,2311 
4500000,2743,64528,17603,828,870,5366,432 
4309358,2051,47101,26630,404,210,432,34 
4200000,830,118247,202719,3010,240,111,1085 
4120000,1624,115054,83572,1719,1175,147,2126 
4100000,795,143316,132741,4320,1421,261,1551 
4000000,1093,571337,55686,990,44,373,46 
4000000,3891,348785,275893,6250,6758,5101,2023 
4000000,707,354055,79522,211,30,111,5 
4000000,485,18611,23595,1017,3779,938,199 
4000000,1731,43390,73386,109,272,1993,27 
4000000,543,171923,1987,185,61,48,828 
4000000,2577,132124,130151,4291,5990,4416,1272 
4000000,1027,142706,236556,986,1039,324,513 
4000000,4285,171643,109501,3814,377,667,3905 
3930000,166,152230,84896,525,1091,384,136 
3900000,958,181875,212889,1831,893,533,306 
3800000,1745,163669,279037,3851,5876,4322,764 
3605148,2384,7912,152739,247,153,1018,209 
3600000,5206,316336,169268,5463,1508,974,3305 
3600000,2740,108353,216515,4819,647,2169,1517 
3571428.571,2294,218459,258270,2822,1192,1345,3378 
3500000,680,190212,241067,756,962,278,311 
3500000,3140,69373,50884,1480,2150,4435,376 
3250000,3078,152842,29307,1668,406,162,266 
3200000,2897,138020,236767,3158,3075,7082,8156 
3130000,159,28672,57713,641,2241,1201,108 
3010000,55,457838,15355,422,866,716,61 
3000000,3897,306124,245345,8820,9444,3857,2682 
3000000,2007,19892,129390,489,304,86,69 
3000000,1066,35164,57682,2484,650,291,348 
3000000,1659,7283,136672,1484,690,295,1210 
3000000,6874,70557,21098,3923,1528,7093,8225 
3000000,5119,312740,9967,8289,6087,3555,5141 
3000000,2204,179825,18349,2946,1158,1611,2458 
2939567,625,60276,48314,73,10,102,
2819052,1860,14224,104100,78,3,101,46 
2800000,2913,32919,177178,1495,3353,2918,361 
2750000,1368,24053,11021,1986,397.7136775,51,85 
2750000,102,85030,56535,445,814,607,161 
2700000,1655,114249,45615,3865,11229,4221,1405 
2606575,970,13363,3242,1051,383.2500354,415,96 
2602292,2932,13075,6189,386,382.8143981,22,
2600000,74,48998,17953,152,,303.7786253,
2560000,65,87747,24135,410,841,854,73 
2500000,1477,104305,140428,2966,3762,2363,776 
2500000,3103,103009,180946,2083,1233,1030,1656 
2500000,1771,41840,139787,499,237,379,113 
2500000,1050,177766,43679,1377,1259,558,457 
2500000,1133,76694,93044,1999,4961,1819,538 
2500000,771,57925,191303,939,874,409,472 
2460000,492,147632,209140,11993,434,113,846 
2400000,59,37064,18101,182,8,284.3164568,
2314285.714,1302,105053,87165,1540,1226,790,1079 
2306775,2807,19857,0,1312,136,886,
2300000,64,33075,9428,95,,274.4811502,
2290000,226,58015,34642,1731,4111,1742,153 
2250000,161,45527,166736,462,297,202,376 
2157142.857,2552,185879,80844,4070,3085,3642,3977 
2153213,2668,923,611,219,2,93,23 
2147445,1178,37885,10311,677,335.1855789,388,8 
2100000,2772,229796,29261,3196,199,246,3635 
2100000,1340,80238,573,2266,430,240,1044 
2100000,290,89116,147930,1456,1686,808,889 
2085605,974,82720,40915,724,49,235,149 
2000000,1999,144841,105475,3553,2134,3242,2438 
2000000,2528,22894,56136,742,430,713,117 
2000000,1828,64368,157015,688,1157,1372,88 
2000000,2014,98561,2362,1691,784,447,343 
2000000,94,82673,44919,84,30,25,7 
2000000,141,50206,23685,80,33,267,36 
2000000,307,96838,202465,305,124,74,423 
2000000,1421,31879,36181,661,44,482,56 
2000000,2009,80532,211281,2890,464,41,552 
2000000,1032,45760,1050,1225,275,210,369 
2000000,497,1333,1634,171,121,193,22 
2000000,1064,206947,9146,1020,123,77,165 
2000000,965,45640,37991,119,50,106,52 
2000000,2501,49704,121305,604,68,254,448 
2000000,152,255,971,516,244,1143,373
2000000,1693,17993,30508,344,17,28,63 
2000000,2404,83880,86606,2843,922,706,3207 
1983657,880,37461,9920,1144,78,1174,105 
1967015,1730,66162,32618,748,284,1132,60 
1900000,51,29614,10762,197,3,234.3560868,46 
1853782,433,240291,42224,119,,48,
1851868,3390,313557,1608,1361,469,943,
1800000,489,97182,125328,450,21,61,834 
1700000,218,86182,13177,1620,5669,1883,172 
1696896,1529,11310,29563,1062,284.8115452,106,91 
1682734,627,142572,57195,362,115,541,46 
1631855,484,23075,21255,113,,39,10 
1566672,659,62979,35871,149,12,30,23 
1516227,1523,5630,14577,507,,55,
1514177,1672,780722,2210,294,4,62,
1500000,261,25275,7616,349,657,534,157 
1500000,553,152576,10716,968,220,169,350 
1500000,2440,158841,18481,1029,437,826,697 
1500000,1239,177082,64375,1050,401,286,2074 
1500000,84,80090,16614,1175,368,390,
1500000,525,43415,2836,197,1325,653,33 
1500000,2054,4202,33124,506,41,476,629 
1500000,308,146261,29038,527,330,326,
1500000,1149,9793,48164,400,350,1058,26 
1498449,3890,166386,19387,609,18,99,
1489602,1699,2463,4992,28,,191.6262351,9 
1488321.429,792,80624,134470,863,40,7,421 
1471428.571,4928,155796,16743,4907,574,932,4128 
1464229,1565,9154,28389,644,49,371,80 
1413060,670,49128,50609,1458,18,51,40 
1400000,582,41878,5484,446,68,93,
1400000,1219,69595,174794,339,24,45,90 
1400000,1417,17887,290087,16588,4211,1578,1633 
1400000,1034,54510,58338,498,506,987,44 
1400000,6,12709,611,95,178,23,43 
1376755,3553,182473,162499,2159,601,542,949 
1369504,577,1630,5453,136,245.5699475,249,1723 
1358070,3292,1689,3218,519,210,483,
1352834,777,103540,24555,482,147,52,88 
1331963,438,44256,838,577,,28,168 
1323578,2198,57224,16860,2423,141,412,271 
1301428.571,1857,74770,120873,2341,764,578,1325 
1300000,2018,116255,146848,594,206,85,383 
1300000,689,144083,34575,485,1801,1104,216 
1300000,1992,65524,33607,279,65,512,165 
1236186,2586,27115,28800,736,91,429,585 
1200000,102,383028,40901,748,1190,971,128 
1200000,1316,243277,160027,2535,1494,1018,1874 
1200000,850,59965,44004,749,139,81,202 
1186829,2050,14092,14223,599,23,157,2861 
1181288,139,10568,138487,234,303,296,29 
1180000,132,31431,16519,173,221.5346339,683,145 
1141383,940,19372,26544,192,11,88,
1110000,70,58073,12884,244,882,553,69 
1108262,1594,1389,12457,410,,23,10 
1100000,98,43980,8902,344,215,23,34 
1100000,92,32498,11954,183,1546,488,11 
1083514,1202,26595,3416,590,77,260,399 
1061209,761,40921,19595,497,737,198,61 
1052510,330,4942,33545,42,,39,
1040000,3219,52169,7842,722,233,301,102 
1020632,2037,18513,139966,785,14,228,291 
1019383,326,2098,6399,116,,59,13 
1010000,330,53874,41853,537,375,58,160 
1000000,345,75670,56904,31,30,194,
1000000,582,103324,4143,946,329,409,839 
1000000,791,67576,32348,463,1037,150,340 
1000000,1965,66864,56005,1631,2271,1534,314 
1000000,244,156873,140946,82,34,30,
1000000,3752,12272,89971,1653,438,1615,
1000000,53,51513,4580,321,370,136,60 
1000000,3824,79629,149305,1800,666,2018,2304 
1000000,176,33284,7149,115,55,268,
1000000,553,97118,10182,834,833,124,213 
1000000,564,47209,34351,519,2340,452,64 
1000000,2848,67707,83708,2226,591,685,1692 
1000000,2959,142773,4414,3361,1285,942,3213 
1000000,1542,77684,52331,488,439,1022,835 
1000000,290,73437,47255,348,113,43,205 
1000000,77,81730,124320,331,289,97,69 
1000000,4015,68906,4518,2208,1978,1147,2140 
1000000,333,47034,87400,156,11,19,13 
1000000,2473,228775,218360,7543,821,745,829 
1000000,221,61938,167827,1088,2922,1846,111 
1000000,868,23176,113504,495,648,396,6 
1000000,438,94947,94947,463,131,78,30 
1000000,1111,29191,1463,231,,39,
1000000,784,23068,29626,281,197.5732008,592,
1000000,570,21013,46400,12,115,148,373
1000000,241,49751,217830,516,36,34,373
1000000,13,42510,32466,526,222,86,105 
1000000,1752,151294,158183,1517,110,47,703 
1000000,501,333303,43467,516,3,51,
1000000,35,102267,148897,950,1043,1702,699 
1000000,86,17694,24650,174,,21,9 
1000000,910,29956,11257,767,1820,280,97 
1000000,3389,22278,15382,1966,331,2021,1625 
1000000,261,57298,62063,242,1080,1289,28 
1000000,3883,24040,105032,1433,599,1433,487 
1000000,816,70224,114271,991,319,178,388 
1000000,1386,41552,77418,258,64,126,61 
1000000,894,70882,135764,791,1,4,146 
987543,2593,147168,19771,1971,802,2778,
955731,377,70568,38377,303,107,348,126 
955508,158,57151,11720,83,49,187,
952680,573,18193,36382,26,4,104,
952431,636,21240,43582,116,,65,15 
920000,28,59649,11844,371,124,63,93 
918038,84,48078,5520,93,1584,488,18 
900000,2737,42049,6038,1346,193,119,205 
900000,803,33847,30369,1025,682,191,220 
885000,22,73977,86681,2116,848,206,1344 
880000,73,33104,9342,96,798,29,23 
877129,2669,361,5676,52,32,211,13 
870000,121,17189,328,82,371,46,22 
857109,596,55574,13148,948,1,121.3105814,46 
840770,598,3294,15351,61,,4,
820000,230,11161,22909,329,172.2351137,587,172 
815169,370,23448,46646,94,81,216,26 
798745,0,13183,4976,84,169.1350102,120,14 
790000,346,9373,42271,162,,24,
781447,2338,3310,3886,378,,64,186 
777372,1655,38247,40338,615,483,1736,2006 
770000,14,3603,2370,123,,4,10 
764290,2861,6451,12797,566,,74,25 
750761,806,25446,6309,136,18,106,6 
740790,1011,1119,2564,151,33,181,
735979,1565,7479,733,203,159.8277413,92,24 
730000,59,31944,7026,216,1109,431,37 
728091,915,5331,2725,335,158.6410735,97,253 
714623,157,104239,64093,25,156.6057421,76,
707718,552,2286,15418,49,,4,7 
702654,1453,2372,11308,393,,67,
700000,105,41670,36802,278,778,214,49 
700000,89,2242,9009,96,885,380,15 
691324,2310,11452,23174,755,811,959,1596 
688243,550,1027,10435,150,152.5844465,123,
680572,744,23345,28233,443,45,55,46 
671540,1178,3150,4511,156,,10,
668962,2078,1091,491,54,149.6151862,5,9 
660000,546,10074,551,95,148.2260794,34,19 
653179,1973,84277,4758,23,147.1649254,9,12 
646962,2427,4673,112983,57,,26,35 
642851,342,65839,39380,459,1412,67,91 
633209,595,1253,588,16,,4,
620000,122,10382,112255,195,1005,154,23 
620000,482,56989,1082,121,157,371,200 
620000,1227,104219,7548,674,511,982,502 
610347,586,303,202,39,,91.60525749,
610000,41,17156,8311,44,634,33,6 
601365,892,1073,877,57,13,23,
592993,2389,1291,939,121,,4,
589688,539,18386,859,244,10,29,81 
587213,2626,149131,19970,1068,30,635,
583602,845,88690,2949,313,27,52,66 
570000,36,24333,18686,242,1241,516,
563737,308,17975,50067,20,9,4,
562631,1168,24648,25807,534,54,106,60 
554955,3446,75426,91755,872,4,37,
550000,3,10173,0,117,,84.04643096,96 
549148,1107,939,4354,100,130.5260601,115,
540496,264,55747,30663,58,270,8,22 
540000,64,1560,3591,25,4,82.78037266,
540000,176,612,202,23,3,25,12 
539248,901,4797,134211,45,29,73,26 
538219,1530,18041,3340,2127,108,345,
538061,1622,601,143685,243,200,13,
535073.3333,859,160737,3884,1057,312,108,462 
534443,262,690,21117,55,,14,18 
530000,124,1478,23848,48,257,12,15 
520000,71,64432,35514,138,234,74,140 
520000,147,15127,11596,261,374,53,27 
519467,293,1895,12278,247,171,90,35 
502562,708,1663,24272,51,4,78.00372371,8 
500000,959,59881,173228,473,23,82,141 
500000,287,34987,28690,468,1464,328,84 
500000,452,27116,30617,66,13,72,
500000,1346,44516,170522,1329,1270,1215,279 
500000,225,9012,2748,47,122.3307647,174,
500000,162,74667,49840,267,,42,83 
500000,217,14419,46465,111,27,55,
500000,938,73654,30600,286,156,78,16 
500000,431,35443,49471,209,292,4,51 
500000,48,15521,20171,111,196,50,27 
500000,408,14784,39729,131,349,323,19 
500000,560,42011,39807,174,108,32,90 
500000,683,58761,63341,106,174,178,90 
500000,218,1150,101560,233,369,44,90 
500000,3089,109372,76838,1873,442,435,509 
500000,58,6574,7926,465,2699,736,27 
499550,720,2471,18719,68,0,33,
498487,156,3627,131894,156,174,48,23 
496869,712,88014,20047,47,34,809,
480000,1345,139428,55149,2277,2421,1205,936 
476035,619,485,2739,212,,12,
474515,350,2003,20433,13,1676,943,11 
460000,1419,13707,36902,285,135,225,32 
456656,1143,4709,5515,164,98,29,54 
453247,1431,249,467,49,,7,
452658,405,6838,10789,18,114.1980547,134,
451407,1072,2949,708,150,113.9796882,43,84 
450000,296,38932,749,52,113.7338682,4,
450000,53,2310,12,51,3,4,
450000,2930,60057,92396,1440,51,237,1052 
449687,813,2254,3186,86,366,36,14 
446523,527,1005,28728,20,113.1253748,172,
440000,4,15243,1830,121,122,6,8 
433874,2930,1735,100835,117,110.8992781,79,
431669,807,21013,8270,174,61,694,
422000,1085,226519,157125,2364,834,750,1343 
403871.4286,331,141325,37298,465,242,83,121 
400598,87,2380,437,113,576,273,7 
400000,107,24907,34644,203,,5,
400000,11,708,3968,22,979,441,77 
386418,237,258,925,36,,5,75 
382313,284,14688,32512,8,,0,74 
380000,306,503,399,101,10,13,21 
380000,51,19894,72,95,308,191,11 
375882,405,528,0,34,4,4,
370000,48,860,6497,74,3,4,11 
364090,779,19261,539,207,,4,28 
363459,203,50261,25275,90,337,192,
363113,567,2539,7327,111,,8,8 
360956,203,17871,15937,136,,14,11 
360000,87,2418,6613,79,239,96,27 
355878,646,1553,462,39,,13,
351645,214,66322,42312,85,11,104,11 
350000,230,70496,30823,461,316,94,76 
350000,57,6480,18459,82,,78,35 
350000,271,19734,10960,248,1986,170,85 
350000,505,109479,3697,1194,84,120,139 
346703,85,7242,1048,74,,9,69 
343046,243,19159,331,1304,,10,69 
337931,175,24679,6818,58,,29,68 
334799,993,11731,3993,229,92.6976566,146,53 
334285.7143,224,113867,162369,1599,165,37,535 
330158,307,5860,9169,75,,9,
324405,470,16975,1117,39,90.69767993,4,
322132,326,211109,817,132,90.25769939,4,
321637,154,9592,10063,110,90.16175634,18,7 
320000,53,21657,182,18,4,4,
319866,609,1547,1485,79,2,27,
314885,1039,950,660,90,5,26,13 
310000,209,44577,7516,382,556,149,27 
310000,11,14293,10314,87,320,36,
308987,502,4557,10804,38,0,32,
306906,233,2989,30084,111,87.28526922,57,55 
305941,966,985,82,251,,7,
305686,1493,56637,10511,394,131,1113,196 
303545,117,2612,5662,81,,111,9 
300000,155,12393,1222,69,,5,19 
300000,631,34891,37570,440,484,772,140 
300000,15,3050,6762,89,94,14,10 
297947,664,27883,21217,118,,103,31 
296006,100,972,26018,90,494,404,86 
295645,70,11717,45429,97,85.05756391,57,17 
295596,397,497668,30372,45,,9,
290658,774,543,11295,179,787,989,17 
290000,42,63366,1881,267,,4,81 
290000,86,24770,134,95,83.93101806,49.49791242,153 
289619,531,26333,26795,325,83.85474126,4,9 
283593,714,518,550,230,82.64417491,6,15 
281722,168,54414,18874,303,3,12,28 
280490,2054,108402,78744,993,389,387,437 
279675,1068,40285,927,225,26,89,59 
276003,494,12279,34274,27,81.10806146,24,59 
272986,521,4035,118541,234,,4,58 
270000,145,39950,2200,150,30,7,21 
269998,186,13309,31947,130,9,8,14 
267763,573,601,620,9,,5,58 
266902,1109,4374,4678,109,167,144,57 
265816,581,2921,182,257,,8,57 
264285.7143,598,77918,41465,179,180,53,9 
260785,53,5676,3585,117,1101,109,9 
260000,96,617,28402,516,341,5,
257372,446,667,24132,21,,22,56 
254152,446,718,717,233,76.61092784,2139,55 
252514,384,4379,1843,168,,19,
251428.5714,405,91302,29514,1047,333,125,174 
250157,554,11000,28568,17,,83,
250000,1276,26568,48064,156,58,24,31 
250000,166,2076,1895,46,75.74314705,1265,
250000,11,7260,8934,425,37,40.02777978,50 
250000,10,10980,2737,43,,4,
249349,315,17778,15306,228,1089,799,181 
246496,122,23974,10743,88,133,43.27094587,21 
245299,99,2699,688,98,74.75523922,79,
244364,469,626,10127,47,74.55805685,4,54 
242221,205,10822,230,13,74.10523888,4,54 
240554,38,36584,482,46,365,299,53 
240088,410,29360,326,643,73.65330536,36,106 
240000,68,652,6934,30,50,23,
240000,175,5621,13755,39,,42.32549035,
240000,69,2677,24356,41,36,8,120 
239901,640,35080,3543,38,,131,
234066,771,554,1435,75,10,16,12 
232259,587,1797,16836,101,595,377,374 
231517,100,1076,87,26,,41.08414209,
231476,216,13855,2540,158,40,7,10 
231014,125,7951,755,92,,9,
230000,317,13324,128324,235,149,88,24 
227897,298,1823,7232,18,,19,51 
227034,1038,6373,6129,135,,18,
226289,283,2123,554,45,5,7,51 
224856,113,12244,18461,116,70.38906146,47,51 
224500,286,25264,41126,281,1276,550,51 
222227,760,7683,10644,119,69.81885444,17,
221231,1040,27747,34317,304,74,153,76 
220307,106,7778,6334,55,69.40110824,27,
220000,99,17119,0,193,,4,54 
217097,729,1335,1447,129,68.70017116,6,
216703,962,408,210,57,68.61391764,4,15 
215330,907,288,83,62,68.31296505,4,
211874,770,316,14491,57,,112,
211410,711,4339,5379,37,67.45044972,507,49 
211191,766,1206,416,80,67.40211849,8,10 
210440,391,383,1947,156,67.23626237,16,
210000,72,16748,5844,72,278,96,33 
209114,1646,295,42494,8,,4,25 
208656,122,15325,12510,187,66.84153743,66,
208032,465,40162,3134,56,66.70322678,16,
205359,1078,571,790,107,6,6,54 
204734,98,32146,110775,143,79,10,29 
203867,536,7131,23893,532,553,215,55 
203501,999,1743,5134,377,2,11,211 
203211,728,17572,4473,155,1,25,12 
201978,322,2809,122443,53,3,5,
200623,163,38778,2089,304,28,136,32 
200000,20,1911,2256,14,255,13,9 
200000,83,537,665,37,1,4,47 
200000,32,2176,97186,104,64.91131102,37,47 
200000,1046,40925,25953,119,8,119,
200000,65,5807,15140,62,559,26,11 
200000,0,3187,1775,24,41,4,
197450,838,1877,27589,152,157,158,1127 
196982,416,12089,10566,337,64.23229397,55,180 
195708,228,1143,78,44,63.94469626,33,33 
195389,23,4776,14,127,,4,
193030,243,618,453,102,63.33826383,18,46 
192670,468,16064,5927,40,63.25654469,0,45 
191401,599,1861,149,277,2,6,45 
190545,270,287,903,99,3,13,45 
190000,1,671,4381,45,597,1041,
190000,53,12975,35578,83,50,7,43 
189513,778,9285,29979,126,62.53788256,22,45 
189415,525,395,311,47,,6,45 
189408,256,572,7413,17,21,12,45 
186812,1007,40835,387,142,61.92008939,34.40307679,44 
186765,589,4852,964,46,61.9093149,4,
184404,839,303,437,52,61.36698703,4,44 
183809,37,1353,5774,40,11,11,
183744,764,42532,107,510,7,29,26 
183147,567,2601,26021,84,190,317,43 
181671,701,4173,4568,37,7,32,
181210,1222,1745,54,171,60.62989523,12,66 
180758,361,65345,2046,55,60.52526305,33.47821805,
180587,51,9590,10836,75,60.48565773,16,5 
180452,699,39,0,9,60.45438219,33.4313302,
180000,25,1436,275,36,152,6,11 
179750,454,1683,39458,150,60.29163291,25,24 
179268,284,22449,138,109,60.17977417,37,70 
176242,301,109750,18883,80,,111,26 
174216,344,7888,3817,53,59.0016997,27,42 
171616,477,7001,2426,80,71,50,
171576,113,4037,20927,28,,4,42 
171206,479,1168,5654,76,58.29479276,14,
170731,769,85155,2133,545,313,259,559 
170000,363,14493,305,26,7,6,42 
170000,15,18760,9706,40,12,3,42 
169249,309,1279,4736,36,7,31.70502196,41 
168191,153,170441,75,66,,3,
167728,1091,26134,131032,364,247,199,447 
167656,780,745,7608,38,6,127,
166666,562,617,5635,15,,6,41 
163931,571,437,2806,28,56.57019089,9,
163754,368,100,117485,83,56.52794085,9,
161852,135,933,17014,49,56.07303885,5,40 
161824,473,2954,16820,18,56.06632981,33,
160193,1072,1649,1208,68,3,3,
160000,289,39546,47635,478,46,29,72 
160000,43,3637,19432,29,342,1545,40 
160000,95,2652,3307,98,420,71,40 
160000,20,10628,4759,20,373,55,40 
158389,798,2470,547,129,4,6,5 
157469,524,8346,30997,96,,3,58 
156272,437,2645,3292,14,54.72884125,38,
155024,744,961,381,63,174,82,504 
154901,486,1088,16827,127,,3,590 
154523,89,986,1122,91,33,33,8 
152554,732,3863,13706,13,53.82497007,56,14 
151645,28,21518,4517,21,,3,
151459,356,245,5051,30,,3,38 
150000,39,1936,8317,124,893,66,38 
150000,151,44824,40990,46,44,103,38 
150000,14,2234,1421,44,123,5,
150000,15,7825,1112,24,34,19,38 
149712,1150,435,12860,118,53.12947307,26,
146543,303,437,5723,28,283,320,
146235,508,48878,57120,290,161,98,176 
144484,295,3169,2273,37,51.83932993,123,37 
140000,44,6311,10957,44,524,104,36 
140000,151,1334,1513,33,255,725,36 
139426,184,98075,17619,81,50.57736338,23,
139359,750,2905,35424,149,5,9,
138895,1004,347,83,24,50.44406732,3,816 
138534,1297,1485,2005,155,40,3,36 
137434,561,4279,7027,60,50.07650094,3,36 
137144,196,2211,13313,116,8,15,36 
137022,156,743,106185,19,49.97263026,3,
136652,748,138813,866,79,18,16,16 
136473,327,1201,16441,10,49.83407024,3,
136011,797,113,14713,7,,26.45962591,
135151,499,352106,44382,71,31,145,16 
133510,181,14574,11538,147,49.08325741,14,20 
130612,351,458,264,208,,3,34 
130000,96,139,2443,15,,3,34 
130000,99,2410,38532,61,16,13,34 
130000,86,720,373,31,10,3,34 
129872,103,5106,566,14,48.1543334,3,
129644,205,745,1000,16,48.09585071,5,
127734,977,1395,15144,143,47.60467665,43,13 
125302,461,2978,6040,18,46.97597368,0,
123994,530,13345,518,69,46.63628411,5,33 
123277,562,1212,12416,41,46.44960941,17,33 
122039,563,7322,192,8,46.12649926,3,33 
121460,418,712,17053,82,45.97503726,0,9 
121344,71,1229,12078,46,4,8,8 
120376,156,6875,7821,41,314,79,6 
120000,171,836,2663,139,6,9,
120000,42,5843,2786,40,4,0,56 
120000,429,49493,5437,96,273,10,32 
119191,195,900,19,73,,23.72246705,32 
118976,482,2316,41929,29,,52,32 
117534,232,1855,6028,87,2,3,9 
116134,308,306,3788,8,,23.21804572,
116099,832,22135,0,45,44.56187046,566,58 
116064,42,1269,1729,11,44.55257912,11,
114826,582,7137,28920,48,44.22337291,15,
114359,554,4569,32445,109,7,836,22 
114116,96,1911,1696,20,,3,13 
112755,585,1196,18,33,,22.65781365,
112346,174,794,3289,34,43.56058281,11,
112315,466,5626,2809,20,43.55226956,22.58465056,22 
112235,462,636,1529,74,43.53081272,3,
110123,303,675,116,86,,22.21942259,
110000,77,7508,738,49,7,22.19889148,
110000,32,2114,3309,37,145,17,6 
108610,213,1103,2730,15,26,14,30 
108601,417,2637,3001,9,,3,30 
108416,264,24294,107040,136,71,70,30 
106207,318,17525,18223,9,41.90014717,13,30 
105319,108,9399,103,228,,47,30 
104354,310,108,8,4,,21.25210667,29 
103984,61,1289,585,89,21,6,29 
103873,448,2784,33485,29,41.26114596,24,22 
103651,214,82851,44890,1441,169,6,199 
103074,384,1321,651,36,,3,
102656,667,1225,32223,64,40.92620203,17,
102014,377,8594,7143,184,,55,26 
101857,453,11466,6901,88,4,3,5 
100663,386,2970,200,72,,20.62838436,
100395,103,183,108,18,,0,
100000,515,10526,10037,97,33,56,29 
100000,6,1460,886,50,604,27,
100000,612,3555,5974,24,,141,
100000,27,13751,3629,388,,3,12 
100000,213,13753,45824,94,89,92,5 
100000,510,24524,47798,300,908,449,44 
100000,1078,12648,124483,477,76,138,71 
100000,246,34403,45622,14,,8,11 
100000,69,1968,2259,43,128,38,
100000,246,9919,137276,90,18,53,24 
100000,2842,42668,88107,1177,480,89,334 
100000,1811,52758,9216,520,,437,103 
100000,96,12709,31186,172,222,244,41 
98179,372,2354,2384,26,,0,
97796,349,16315,11199,115,44,288,
96765.55556,75,16091,7192,236,222,21,74 
96283,357,564,210,78,39.15172923,19,22 
96114,488,914,161,215,,8,7 
95557,1234,3207,16541,101,,3,
95000,32,4315,15029,48,38.79016984,26,12 
95000,456,15481,24734,114,38.79016984,18,205 
94279,346,671,600,7,,19.54012421,
92537,436,539,489,74,,32,27 
91947,508,690,18069,42,37.92369236,11,27 
91301,625,200,1281,24,37.73921959,20,27 
91287,415,531,9921,10,,75,5 
91000,14,730,24,24,,3,
90750,15,1666,287,17,393,90,27 
90685,274,1179,5131,12,,81,27 
90572,165,47,131,21,,3,27 
90398,572,31515,189,100,37.48068134,9,15 
90000,15,1091,9,29,37.36647715,18.80358523,26 
90000,25,13469,3945,22,37.36647715,3,26 
89221,150,1174,31721,218,267,3,26 
88976,528,9454,4719,21,37.07192671,17,26 
88829,250,4239,4172,54,37.02955702,8,
87217,93,2506,1729,13,36.56350215,3,26 
87209,256,23811,14615,30,,5,26 
87152,540,30189,39122,7,36.54465417,12,26 
87019,182,3387,5040,177,680,209,41 
86204,158,1412,1120,85,,3,
86010,426,17364,850,47,36.21279848,19,
85901,326,912,413,7,36.18105318,397,10 
85842,36,1622,3201,51,36.16386475,18.08205377,
85573,177,461,6326,11,36.08545098,42,
85000,671,2154,31575,138,857,2071,296 
84620,99,1732,691,42,393,81,
84513,116,4618,1198,31,,48,25 
84014,404,378,680,38,35.62949324,10,25 
83551,160,1652,126,148,,0,25 
83090,168,1635,282,40,35.35802165,17.60118844,
81722,132,3401,4542,101,34.95438608,7,5 
81026,262,233,5,16,34.74822864,17.23873376,
80154,875,13273,26352,110,57,480,871 
79925,278,5635,126,59,,6,
79909,295,1000000,605,265,5,17.04191593,
79625,412,82738,31570,47,,36,24 
79276,87,2905,66,103,,6,
79000,19,851,660,39,338,94,7 
77071,100,48,0,6,33.56617443,16.53969472,
77010,346,2994,873,21,33.54779853,16.52886526,
76847,195,482896,1291,18,33.49867367,16.49992027,24 
76662,556,789,7750,18,,3,24 
76576,369,52302,7271,104,27,3,24 
76220,88,138381,9457,17,,16.38848054,23 
75165,190,509,101725,36,,3,23 
74884,165,12649,25631,48,70,21,
73841,151,2587,25847,7,,6,
73833,267,585,69,11,,3,23 
73734,466,3379,13272,145,12,666,23 
73251,338,4255,158,13,32.40657192,0,23 
72720,230,341,245,16,32.24392129,5,
72321,65,1040,2450,97,32.12146248,3,23 
71974,135,1772,542,12,,59,22 
71209,398,305,699,14,31.77906853,3,22 
71175,590,1043,682,24,31.76857377,8,22 
71146,324,2137,2920,64,31.75962115,0,30 
70431,280,3231,122,190,31.53853511,11,
70000,12,653,367,27,,15.27412561,7 
69530,306,2227,165,33,86,61,7 
69420,186,52319,26539,135,,3,
69255,438,15731,3509,19,,25,22 
68424,332,756,760,78,7,9,22 
68038,424,217,12,16,,14.91912429,22 
67316,412,451,1911,32,,3,
67000,2,391,1382,9,85,50,
66929,101,665,1560,29,8,222,183 
66897,244,7068,11637,14,13,245,
66546,527,11582,14806,36,30.32488623,14,21 
66375,204,1099,80,231,,2,21 
66332,108,935,404,82,,0,21 
66045,280,889,247,37,19,26,
66040,462,183,96,43,5,9,21 
65634,69,1617,4737,150,,7,21 
65065,71,12030,2538,36,6,21,21 
65019,349,1756,16418,52,3,11,21 
64735,1086,358,312,58,29.75170598,6,
63745,931,22415,2845,137,29.43628344,302,21 
63199,124,484,37,5,29.26167716,2,20 
63000,29,502,1053,12,36,22,20 
62365,411,351,4661,10,28.99406983,0,20 
62348,672,2774,37433,61,28.98860357,51,59 
62085,197,1742,1308,15,28.90397862,25,
61903,303,428,335,51,1,2,20 
61729,1159,299,947,15,,25,20 
61000,18,177,0,19,,0,20 
60456,167,627,0,15,28.37733003,0,20 
60211,48,493,16471,8,28.29774617,13.48463247,20 
60000,1,458,210,19,28.22912654,13.44553147,20 
60000,1852,34290,13087,933,429,221,562 
59942,376,237,390,13,28.21025123,2,
59822,453,1196,8773,51,28.17118099,2,14 
59676,483,3694,24494,78,28.12361292,5,10 
59586,193,136,454,33,28.09427225,2,20 
59295,257,277,243,18,27.99931041,0,20 
58523,290,99,164,20,27.74668469,2,19 
57511,788,6979,5111,123,235,759,98 
57000,24,1234,5145,25,340,76,
56854,315,4240,5336,31,27.19698493,2,8 
56722,125,2788,109,8,27.15329873,12.83496029,19 
56578,471,266,16,31,27.10560529,12.80800082,19 
56447,630,12946,27130,57,12,2,19 
55987,264,509,620,30,,2,12 
55790,111,76,1952,17,26.84394963,12.66026165,
55645,272,552,328,16,26.79567852,12.63303699,19 
55442,241,922,339,22,26.72803375,2,19 
55156,169,574,79396,8,8,16,19 
54489,248,1111,141877,75,5,2,
54081,156,660,724,122,,2,6 
53976,125,674,8070,10,26.23723335,7,
53052,92,110379,1655,15,,12.14407822,
53000,89,17890,29480,123,25.90819917,2,122 
52810,97,297,492,11,25.84392887,12.09823658,
52272,56,8744,31723,9,25.66155426,40,
52000,26,18961,8724,13,33,15,18 
51934,166,10507,1102,15,,11.93199235,18 
51834,192,1048,1387,70,25.51265047,21,18 
51000,10,2827,1121,15,25.2280434,11.7542063,
50924,221,812,71,105,25.20203691,2,18 
50619,106,6367,2596,27,,2,17 
50554,153,352,2538,37,25.07525488,11.66911255,17 
50500,15,641,301,79,25.05672767,2,
50476,18,7824,34144,17,25.04849139,92,16 
50402,52,2201,3702,11,25.02308859,7,
50124,5,6218,631,5,,11.58694858,
50000,49,1699,29779,38,23,2,47 
50000,168,6665,37187,116,24.88488801,61,
49953,257,134,12,5,24.8687079,2,
49640,1245,717,32298,63,24.76083521,25,119 
49531,26,532,16294,18,38,5,
49413,29,39520,37341,16,,11.45082343,17 
49328,356,195,98462,54,24.65309819,15,17 
49146,218,925,137,45,1,0,17 
48881,187,12107,306,75,8,16,54 
48819,6,3996,18,6,,11.33683902,17 
48027,59,2153,29657,32,,0,17 
48000,12,492,3787,16,287,6,17 
47858,34,3125,2137,51,238,71,5 
47422,323,4452,3225,118,,2,17 
47000,18,884,859,33,41,140,
46979,354,753,8,37,,0,
46491,291,588,127,30,,10.88776662,16 
46298,189,191,49,22,23.5955918,7,16 
46000,1,920,1469,35,23.49045084,8,16 
45797,246,484,26387,8,23.41870767,10.75314867,16 
45793,279,779,449,39,23.41729303,10.75237175,16 
45719,142,2670,28601,27,23.39111527,2,16 
44801,67,496,119,4,23.06527381,68,
44680,457,1305,6741,84,23.02217232,67,7 
44123,324,339559,1217,19,22.82329652,10.42697121,5 
44000,24,1100,29825,28,15,10.4029213,
43746,300,390,1344,83,22.68824993,10,14 
43024,151,541,6467,24,,10.21167114,
42031,185,533,9108,88,,2,74 
42000,32,297,1727,18,250,10.01020732,20 
41954,410,349,8023,18,22.04134544,2,
41866,216,62,381,14,22.00936069,9.983781468,
41818,56,428,518,51,21.99190573,0,15 
41705,46,315,0,22,2,34,15 
41411,59,1282,440,55,,0,15 
41288,130,42341,108,14,,2,
41276,126,17739,6716,174,5,18,19 
41216,382,459,338,65,21.77246352,7,100 
41186,278,633,31,29,,2,
40975,157,133,29,10,,9.807694841,15 
40472,52,1672,6301,5,21.49988827,2,
40365,206,824,268,20,21.46056066,2,15 
40240,72,5561,212,54,,9.66193994,
40000,3,311,96,30,21.32616307,13,
39748,154,2447,17548,17,21.23315275,0,15 
39288,20,2933,227,12,21.06290152,9.472466233,15 
39209,154,376,36,34,,9.456707683,15 
39000,12,397,410,11,266,29,
38993,79,268,47,11,20.95339512,9.413592961,14 
38487,184,1213,19257,14,20.76496672,6,14 
38166,2,1271,5529,19,20.64503408,9.248135423,14 
38018,278,39,160,24,,2,
37625,83,514,5026,94,222,2139,14 
36837,29,49960,15,93,,48,14 
36665,245,220,47,16,,2,14 
36523,150,467,0,29,237,672,
35901,239,24441,5074,63,19.78972334,2,6 
35636,31,3438,257,40,19.68858177,8.738035378,
35377,198,12779,2245,64,19.58950582,2,
35192,215,58,18,17,,8.647880777,13 
35112,222,219,73,40,19.48790287,8.631615869,13 
34841,144,2422,29824,21,19.38375459,2,13 
33903,288,1560,800,11,19.02132325,5,
33291,46,4560,177,24,18.78318685,7,7 
33213,182,627,71,29,18.75273953,8.243607846,
33000,11,132,45,26,18.66948235,8.199851552,
32942,470,1495,28221,113,18.64678271,368,13 
32916,262,274,240,11,18.636603,2,
32717,124,530,8,36,18.55860679,8,
32695,437,62770,56864,2288,18.54997513,16,83 
32452,180,72,303,9,18.45451493,2,13 
32402,72,480,5609,24,18.43484561,14,13 
32221,228,98,85,18,18.36356423,2,13 
32033,148,5333,92449,28,2,2,13 
32000,21,3243,374,25,101,33,
31979,327,21103,44287,117,18.26806659,2,13 
31632,62,541,2406,21,18.1307441,2,12 
31614,110,542,36,29,,7.913917876,12 
31482,23,1778,2541,30,,7.886574418,12 
31258,105,262,1998,22,9,2,12 
31114,67,298,18,57,17.92488177,2,12 
31002,215,23878,144,8,17.88023245,0,
31000,62,3329,6934,28,205,261,12 
30426,233,36,40,15,17.64981597,25,12 
30296,278,162,13,31,17.59762682,2,12 
30047,315,11187,7055,15,17.49747123,0,
30008,222,444,2244,9,17.48176107,1626,12 
29897,528,1285,3065,18,17.43701302,7.556669343,12 
29487,77,151,5,18,17.27128106,7.470844258,12 
28966,160,111,29,9,1,7.361485281,12 
28965,165,439,24,15,,7.361275054,12 
28793,124,709010,21,14,,7.325097286,
28702,198,336,142,37,16.95196651,2,
28391,206,479,415,34,16.82471827,7.240396097,
28051,59,31153,1077,8,16.6851115,7.168596447,11 
28000,7,908,308,15,16.66412559,7.157813568,11 
28000,37,1383,60,37,34,2,11 
27939,116,114,2221,23,16.63900931,0,6 
27000,3,492,123,11,31,2,
26710,194,8613,1243,74,16.12930657,2,
26542,209,23401,37133,69,2,94,22 
26507,94,895,31444,22,16.044427,6,11 
26392,78,5414,10099,16,15.99625358,2,11 
26232,35,979,4462,8,15.92912185,8,11 
26143,101,687,16,19,15.89172518,6.762817455,
26000,45,15672,9459,20,15.83155606,6.732203147,11 
25982,69,290,211,8,15.8239751,6.728347539,11 
25868,140,636,260,23,15.77592469,2,11 
25843,47,2525,2075,46,,6.698558103,11 
25751,57,205,15108,5,,6.67882613,11 
25641,289,260,1187,6,15.68005036,2,11 
25583,154,5766,1533,11,15.65551191,7,11 
25427,238,5539,17740,25,15.58942664,2,
25327,52,908,1873,4,15.54699853,2,11 
25164,22,296,471,8,15.47772977,16,11 
25150,68,6504,17111,16,109,137,11 
25130,57,433,107,13,,6.545313996,
25000,26,390,1259,70,,6.517292821,11 
25000,62,1221,1322,24,15.40789626,5,11 
24688,68,4224,10558,40,9,15,10 
24670,110,1932,31826,22,15.26694776,2,
24569,5,481,35335,6,15.22369299,0,10 
24535,177,272,67,12,15.20911965,2,10 
24334,55,134629,2174,33,15.12283782,0,10 
24244,169,4853,847,26,15.08413298,2,
24002,173,423,0,19,14.97983947,2,10 
23969,31,263,2073,26,2,0,
23890,271,542,3819,23,14.93146171,6,10 
23870,22,195,508,11,,6.272646021,10 
23817,97,135,6,4,,6.261122953,10 
23784,181,600,4935,8,14.88561115,2,10 
23697,140,561,614,16,2,6.235016592,10 
23635,253,950,897,10,14.82105412,2,10 
23399,33,176,336,27,,6.170086655,8 
23369,18,915,5255,71,14.70549164,14,10 
23344,190,15865,3367,8,14.69460971,0,10 
23326,277,580,2898,9,14.68677249,2,10 
23116,143,1114,137,11,14.59519995,0,
23041,23,534,0,11,14.56243337,0,10 
23000,3,153,97,33,,6.082925885,
23000,0,60,201,14,14.54450707,2,
23000,7,51277,0,9,,6.082925885,10 
22956,29,645,5342,8,116,109,10 
22816,244,1000000,2077,20,,12,10 
22559,124,82101,3955,71,14.35106198,7,34 
22483,155,142,21,40,,5.969598235,
22482,164,166,17,18,,5.9693786,
22421,125,233,428,13,14.29028923,6,9 
22373,212,445,5974,13,,46,15 
22318,54,36780,154,22,,5.93333543,
22270,245,219,26,22,,5.922777564,10 
22219,141,4729,329,43,84,99,39 
22104,166,54,46,17,14.15024928,0,
22000,57,780,927,84,15,1,10 
22000,2,12912,313,8,,5.863315997,
21988,92,1038,928,15,14.09884985,1,10 
21939,85,986,2382,11,14.07711291,1,10 
21796,78,265,140,21,14.01359074,1,
21620,173,63017,29580,17,8,11,17 
21557,128,886,759,12,,29,9 
21510,216,329,1588,12,13.88615931,1,9 
21281,111,651581,44,10,,5.704351355,9 
21169,137,480,339,22,,5.679506262,11 
21142,47,115,24640,21,3,5.673513426,9 
21062,294,1083,69916,63,13.68549042,1,9 
21000,7,1197,9,20,7,5.64197373,9 
20949,138,461,437,7,,5.630637108,
20857,70,398,13,26,,5.610174658,9 
20787,93,495,0,23,13.56166011,1,9 
20640,120,291,129,10,13.4952601,1,9 
20300,67,37323,7,8,,5.485951725,9 
20000,15,741,101,14,16,1,9 
19789,11,654,141,13,13.10794979,1,9 
19636,132,11419,223,26,13.03777574,5.337092379,9 
19579,179,194,5,31,13.0115894,5.324273616,
19291,99,68255,34720,27,12.8789179,5.259406041,9 
19264,66,237,16,19,,5.25331616,9 
19138,16,119,6795,6,30,1,9 
19055,72,656,1128,32,,5.206125883,11 
19052,148,717,2079,9,12.76835462,9,
19000,1116,1083,6051,247,,5.193692557,
18919,557,3359,1571,62,12.70664261,1,9 
18812,87,921956,838,20,,5.151146082,9 
18536,25,19007,93,15,,5.088550764,9 
18298,76,1049,11297,26,4,7,
18263,68,306,423,11,3,5.026477189,8 
18000,4,398,10,8,,4.966525564,8 
18000,192,11323,4873,30,12.27649808,1,8 
17991,219,10329,1727,11,1,1,
17788,148,113,116,8,12.17631718,1,8 
17784,91,24294,24843,17,12.17442344,4.91717449,
17782,86,1116,3381,7,12.17347653,4.916717053,8 
17655,50,2452,25499,22,12.11327989,11,8 
17630,95,25209,4183,7,12.10141445,1,8 
17520,132,534,46,119,12.04914472,1,13 
17491,127,178,0,10,,4.850064666,8 
17439,223,429,415,11,12.01059047,0,8 
17402,65,2207,3188,24,167,24,8 
17004,81,152,22,8,11.80258601,4.738088036,8 
16948,7,20179,5250,24,11.77568987,4.725176608,
16655,231,10111,86,8,11.63451561,4.657501279,8 
16606,9,229,104,4,,4.646163566,8 
16117,28,3231,2242,16,11.3732816,1,8 
16000,5,265554,11,14,,4.505461768,8 
15984,236,308,492,5,11.30828922,0,
15950,55,530,29,25,,4.493812,8 
15800,28,12941,2969,4,11.21809922,1,
15739,75,68,19,11,2,4.444580182,
15703,153,280,84,11,11.1704231,1,
15682,56,229,33579,18,11.16008952,1,41 
15478,57,757,1345,6,11.05948288,1,
15243,94,81,0,8,,4.328397475,7 
15153,95,174,5,4,10.89835332,1,7 
15000,10,268,11,66,3,4.27123974,7 
15000,33,20980,33907,180,42,12,49 
14844,50,2627,590,43,352,1375,
14777,46,24942,119714,30,10.71060251,0,7 
14748,78,235,293,4,,4.211795763,
14670,33,1763,1401,148,10.6569052,4.193360976,62 
14550,115,153,3,5,10.59654,4.164966639,
14506,61,10981,18594,9,10.57436766,4.154545257,7 
14474,139,3089,6194,49,,21,
14390,46,1000,0,4,10.51581363,1,7 
14366,42,402,15,8,,4.121349869,7 
14231,103,1404,92,9,10.43531712,1,7 
14217,117,29579,118104,8,10.42821612,9,7 
14198,27,4393,1332,8,10.41857561,7,
14000,77,420,7653,29,674,1155,27 
14000,10,133,6,7,10.31787317,1,
14000,114,2278,31940,97,,109,45 
13994,60,2873,103,19,10.31481475,1,
13725,108,1366,9,11,,3.968637919,7 
13539,79,11130,43,10,,3.924096554,7 
13507,84,4371,19622,51,13,8,7 
13467,384,3017,37173,37,10.04457955,1,16 
13459,71,422,192,28,,69,
13259,48,177,20,6,,3.856844848,7 
13214,1,929,33383,7,236,248,
13203,1483,2813,40074,5,9.907982297,10,7 
13159,178,569,6056,16,,3.83276711,7 
13002,63,3068,109119,9,9.803416712,1,7 
13000,37,1874,670,12,,3.794418247,
13000,11,24893,0,30,5,3.794418247,5 
13000,16,659,94,52,9.802373764,1,
12976,87,1156,10,12,9.789854528,1,7 
12932,80,203,14672,16,9.766884029,1,7 
12818,171,882,35254,21,9.707257107,1,7 
12783,98,3200,15290,11,9.688917824,1,7 
12777,158,58,28,9,9.685772393,10,
12762,106,553,627,12,9.677906822,1,7 
12724,42,1544,2146,33,9.657967936,1,7 
12676,8,6048,37397,39,,3.716021004,6 
12622,34,3,0,12,,333,
12329,127,1215,14,18,,3.631673347,6 
12292,229,361,23325,101,9.429984792,11,6 
12000,7,583,2845,145,9.274484622,1,6 
12000,20,10624,3474,16,,3.55132146,6 
12000,4,3143,1604,15,9.274484622,1,6 
12000,2,511,34,7,,3.55132146,6 
12000,10,197,0,7,9.274484622,1,6 
11937,88,51816,213,63,9.240782572,8,6 
11886,61,371,5449,13,9.213459767,0,6 
11815,41,589,2322,20,9.175361849,1,6 
11693,80,35,129,7,9.109732459,0,6 
11563,51,941,2685,21,344,566,6 
11551,76,2797,323,11,,3.441043627,
11451,105,395,499,34,8.978920809,1,85 
11300,28,6765,2772,6,8.896866772,28,
11212,37,476,15,7,,3.357291959,6 
11090,87,449,10,8,8.782187256,0,6 
11057,88,186,41,6,8.764105543,3.318853188,
11056,14,755,23807,5,8.763557353,3.318604895,6 
11000,80,61,129,8,8.732834239,3.304694276,
10988,8,128,310,12,8.726244445,0,6 
10969,17,2412,786,17,8.715806063,5,6 
10880,52,19521,121918,8,8.666836022,1,6 
10804,59,801,847,11,,3.255910212,6 
10395,53,1372,407,10,8.397767672,1,6 
10304,42,298,189,4,,3.130759436,6 
10293,19,13492,4222,4,8.340691614,0,6 
10282,54,3863,596,6,,3.125229027,6 
10195,79,82650,97,13,8.285689302,9,6 
10150,55,174,2783,8,8.260378554,1,
10117,70,399,300,20,8.241795341,0,69 
10095,76,672,85041,18,8.229396146,0,
10040,78,67,4,13,,3.064258407,5 
10032,67,1036,454,38,8.193843163,1,5 
10011,7,11014,3116,7,8.18197688,1,
10000,8,425,16,9,,3.054156302,5 
10000,90,2465,136846,52,1,1,
9687,41,761,505,5,7.997910785,1,5 
9673,72,117776,0,7,,2.971306641,5 
9666,82,267,20,5,,2.969527862,5 
9600,16,376,3624,8,7.948164015,0,5 
9535,66,3343,2229,8,7.910906107,1,5 
9409,34,2988,0,4,,2.904065559,5 
9374,97,3610,54,5,7.81828199,0,5 
9255,26,470,31954,5,7.749505126,1,
9200,3,691,13795,5,7.717625439,0,
9061,137,821,4069,23,202,73,9 
9008,15,351,10949,15,7.605872161,9,
8961,5,136,290,20,7.578404382,1,13 
8841,23,21966,1259,13,7.508071459,0,
8646,78,253,2,6,2,2.707851341,
8642,68,134,280,13,7.390783137,0,8 
8547,115,1108,40456,23,11,9,
8543,27,11318,43486,7,7.332123859,1,
8494,183,424,6410,25,7.303012977,2.668412201,5 
8346,103,318,68,14,7.21476988,2.629893582,
8300,0,1046,0,5,7.187244916,2841,5 
8177,54,43,0,5,2,1,
8176,48,520,107,6,7.112811677,1,5 
8132,45,468,2,6,7.086316356,0,
8093,39,400,6262,20,,141,5 
7998,78,275,902,34,609,311,
7997,33,7658,105,10,,2.538589929,5 
7775,13,508,844,19,6.869678787,2.480153884,
7711,35,367,29,13,6.830520482,2.463254204,5 
7705,60,610,110184,7,6.826844263,2.461668619,
7508,34,23363,40094,22,,2.409488901,4 
7400,15,916348,1,19,1,2.380782588,
7397,37,122,87349,27,6.636924872,1,4 
7333,17,976,282,28,6.597157447,0,
7300,1,483,3797,10,6.576610564,1,4 
7148,33,845,323,6,6.481597617,5,7 
6929,30,1042,22237,7,6.34360008,1,
6894,46,898,2661,126,6.321421836,1,22 
6719,45,312,235,5,,68,4 
6714,133,508,4693,42,6.206808244,41,4 
6669,38,118,5,5,6.178007452,1,4 
6551,34,574,3213,11,,54,4 
6413,48,806,928,13,6.013005335,1,4 
6400,30,662,930,9,6.004572676,1,4 
6386,35,182,30,11,,2.107543838,4 
6300,6,395,220,13,71,1,4 
6293,13,304,411,7,5.934963371,0,4 
6273,418,303,489,20,5.921911933,7,4 
6206,37,277827,227,7,5.878095757,1,4 
6000,0,805,7295,66,2,1,4 
5799,86,234,154,9,,1.945973629,4 
5796,16,38689,539,5,5.606703903,0,4 
5755,81,587,243,20,,51,4 
5469,14,108,1291,4,,1.853910197,4 
5448,47,105,4939,19,,1.848019661,4 
5391,48,3272,3773,14,5.332741665,0,5 
5358,90,389,5576,8,5.310144135,9,4 
5222,66,1349,908,5,5.216557673,1,3 
5200,30,315,131,11,5.201348438,1,3 
5199,23,97,4,11,,1.777870534,3 
5100,12,4173,1421,32,5.131963625,1,7 
4834,43,344,962,24,4.945321288,0,3 
4831,22,26810,437,6,,1.673118481,3 
4802,6,580,34,5,4.922657254,7,3 
4756,16,442,601,15,4.889995915,7,3 
4732,44,1088,2098,10,,1.644705954,3 
4700,7,217,0,24,,1.635500221,3 
4679,85,392,160,13,3,9,3 
4656,264,4511,4022,5,4.818654706,1,3 
4625,63,96,131,10,4.796443279,1.613881666,3 
4600,19,254,129,12,4.778497378,1.606662057,3 
4499,72,57155,4,4,4.705687216,1.577425324,3 
4435,37,362,814,7,,1.558840444,3 
4400,39,520,353,17,4.633827971,1,3 
4353,28,77,11,4,,1.534960643,3 
4321,40,60,0,10,,1.52562067,3 
4300,0,486,308,64,9,0,3 
4300,3,142,308,6,,1.519484819,3 
4248,9,1094,112,14,12,1.504268925,3 
4098,21,335,29,93,2,0,3 
4025,27,137,1161,6,,1.438644862,3 
4000,52,26242,22970,18,4.338231522,1,3 
4000,4,263,14143,24,,1.431249289,3 
3859,34,344,3982,4,4.231886317,5,3 
3837,7,939,29606,9,,1.382831536,3 
3813,36,266,22,16,,1.375672832,3 
3466,19,414,3858,7,87,8,3 
3464,12,285,93,37,3.927354459,0,8 
3398,9,948,285,24,3.875449852,1,3 
3344,13,2488,18504,47,3.832750837,1,2 
3315,32,914,26230,5,5,8,2 
3267,12,173,0,7,5,1.210585375,2 
3200,0,2224,13,10,4,1.190011946,2 
3131,19,1178,591,10,,27,2 
3126,23,56562,46,8,,1.167202309,2 
3101,2,208,2008,29,0,6,2 
3043,40,147,15,6,3.5907045,1,2 
3023,53,867,580,13,3.574366312,1,2 
2889,49,114,20,15,,1.093507147,2 
2860,33,211,1925,7,0,16,2 
2775,24,798,20,37,3.368904638,5,2 
2633,60,235,3033,12,,54,2 
2623,42,182,3091,24,3.240178481,142,2 
2494,10,344,62,16,3.129115688,0.968286778,2 
2449,25,194,0,11,3.089958734,0.953812,2 
2431,20,765,21742,9,,0.948009255,2 
2424,18,27409,10712,8,3.068109056,5,2 
2397,39,1150,2465,32,3.044433191,1,9 
2363,23,351,421,11,3.014501786,0,2 
2181,4,1000,85,14,,0.866617043,2 
2172,23,560,72,4,2.843808106,0,2 
2121,18,1174,16445,28,,0.846848456,2 
2000,23,1156,724,4,2.686088891,0.806683681,2 
1994,24,2984,800,5,2.680513212,0.804681295,2 
1835,15,955,21,6,2.530805332,0.7512267,2 
1816,44,999,2030,13,2.512653216,0.744786653,2 
1809,3,2439,29,10,2.505950848,0.742411074,2 
1800,3,1202,0,16,2.497321753,0.739354423,2 
1800,5,56,24,6,1,0.739354423,2 
1761,18,651,407,6,2.459773998,7,2 
1600,24,695,32583,4,2.301958107,0,1 
1600,19,763498,10318,12,2.301958107,0,1 
1584,8,216,72,7,,0.665164008,1 
1569,14,81,0,7,,0.659949278,1 
1555,27,168,3438,9,2.256985535,1,1 
1502,19,981,31995,4,2.203499524,1,1 
1500,2,325,526,24,,0.635848935,1 
1468,18,5997,15081,27,2.168881257,0.624607295,1 
1454,18,243,1154,9,2.154554972,0.6196758,1 
1400,0,4729,6,4,2.098892449,0.600576549,1 
1315,91,313,10912,12,0,1,1 
1300,2,237,0,13,,0.564865695,1 
1253,16,925,20480,18,1.943886915,10,1 
1200,27,611,1303,15,1.886643247,0,1 
1200,6,450,0,4,2,0.528676475,1 
1000,0,123,0,13,,0.454664723,1 
800,1,5118,0,22,,0.378030897,1 
700,5,434,567,9,1.299564503,1,1 
656,18,7719,18,4,1.242506676,0.320799819,1 
582,9,63007,38216,10,1.143796523,0.290559816,1 
500,2,74,0,14,1.029759224,0.256259071,1 
465,14,183,49,4,0.979351286,0.241328349,1 
448,4,2214,35,9,0.954447204,0.234006775,1 
420,7,32,93,5,0.912782373,0.221841643,1 
296,18,896,34400,12,1,0,0 
